task_name,task_type,days_until_deadline,remaining_days,required_hours,progress_percent,current_cgpa,task_weight,weightage_marks,difficulty_level,stress_level,past_delay_history,dependency_count,risk_score,delay_days,will_delay
Data Structures Assignment,assignment,9,4,9.1,94,9.35,10,85,medium,low,3,1,26.2,-3,0
Digital Electronics Lab #4,lab_experiment,20,18,64.9,0,8.55,15,99,medium,medium,3,6,50.5,6,1
OS Assignment #4,assignment,29,27,48.7,5,8.38,39,25,very_hard,medium,8,2,66.9,14,1
Surprise Test,exam,22,21,62.1,10,9.13,11,58,medium,high,5,1,53.1,6,1
Internal Assessment (Sem 2),exam,21,20,43.2,31,4.98,29,44,very_hard,high,8,1,75.7,11,1
Mid-Semester Exam #2,exam,14,12,6.2,72,9.26,25,37,hard,medium,10,3,46.1,3,1
Unit Test (Sem 5),exam,21,18,71.9,51,6.17,13,75,medium,high,1,1,38.1,-2,0
Industry Internship Project #1,project,22,19,42.8,70,9.16,5,97,hard,high,8,6,55.5,5,1
End-Semester Exam,exam,14,14,76.4,92,5.58,37,32,medium,low,10,2,39.3,-2,0
Compiler Lab - Lexical Analysis (Sem 1),lab_experiment,13,10,2.5,46,9.27,24,40,easy,critical,1,0,36.2,0,0
Machine Learning Assignment (Sem 3),assignment,19,15,14.0,67,9.23,32,37,very_hard,high,3,5,60.8,5,1
IoT Based Project,project,8,7,6.1,2,7.53,19,85,medium,low,10,0,49.5,4,1
Data Structures Assignment (Sem 2),assignment,9,7,53.8,27,7.24,41,83,medium,high,6,1,65.7,2,1
Software Engineering Assignment #3,assignment,19,14,5.3,83,9.9,11,17,medium,medium,1,1,19.5,-2,0
Digital Electronics Lab #4,lab_experiment,7,5,37.5,9,6.66,40,22,easy,critical,0,0,55.2,13,1
Network Lab - Packet Analysis #4,lab_experiment,9,6,72.3,21,6.27,29,43,very_hard,high,4,3,81.7,12,1
Research Project,project,30,30,46.8,69,4.37,25,17,easy,medium,8,1,40.7,1,1
DBMS Assignment (Sem 2),assignment,28,27,32.9,72,5.48,43,15,hard,medium,9,4,59.9,9,1
Viva Voce,exam,11,8,11.3,82,5.8,25,19,easy,high,9,0,43.1,2,1
Digital Electronics Lab #3,lab_experiment,28,28,70.5,47,5.71,33,79,hard,high,10,4,70.9,1,1
End-Semester Exam,exam,28,28,59.7,19,5.63,43,36,hard,medium,10,6,72.5,5,1
ML Model Project (Sem 2),project,15,13,4.5,42,8.63,45,43,easy,medium,6,4,44.1,1,1
OS Assignment #2,assignment,22,18,12.7,16,4.25,28,15,very_hard,medium,3,5,73.6,2,1
Module Exam,exam,28,27,78.1,22,9.29,6,32,hard,medium,6,6,58.2,11,1
AI Lab - Search Algorithms #2,lab_experiment,27,27,68.8,28,5.2,34,54,medium,high,3,1,55.8,1,1
Embedded Systems Lab,lab_experiment,32,30,28.7,65,6.4,39,52,very_hard,low,4,1,49.9,10,1
Mid-Semester Exam #1,exam,25,23,35.5,65,4.69,41,34,medium,high,0,4,46.1,13,1
Compiler Lab - Lexical Analysis (Sem 2),lab_experiment,31,29,50.2,84,9.09,24,74,medium,medium,6,5,40.6,-1,0
DS Lab - Linked List (Sem 7),lab_experiment,24,23,49.6,38,6.44,5,48,medium,medium,9,4,50.9,11,1
Weekly Test (Sem 8),exam,10,6,38.4,94,5.02,10,46,medium,high,5,0,52.2,14,1
AI Lab - Search Algorithms,lab_experiment,0,0,20.3,60,7.67,9,68,medium,high,3,5,69.9,12,1
Capstone Project,project,25,20,1.4,96,9.16,11,64,medium,high,8,3,39.9,-3,0
DBMS Lab - SQL Queries #4,lab_experiment,25,21,79.0,76,5.9,33,88,hard,critical,6,6,75.1,9,1
Research Project #4,project,25,24,67.3,35,8.59,38,72,hard,medium,1,5,46.8,5,1
AI Lab - Search Algorithms (Sem 6),lab_experiment,3,2,12.9,49,8.16,50,37,easy,medium,8,3,56.2,7,1
Networking Assignment (Sem 7),assignment,35,30,2.5,97,7.45,35,10,very_hard,medium,6,6,59.1,14,1
Open Source Contribution #5,project,9,7,35.4,3,6.33,47,96,hard,high,7,1,78.1,10,1
Software Engineering Assignment,assignment,23,20,11.7,59,5.09,21,58,medium,medium,5,6,55.3,7,1
Online Quiz #3,exam,5,0,43.6,44,5.35,9,93,easy,low,3,1,58.1,14,1
Computer Graphics Assignment,assignment,20,15,10.0,27,6.79,21,57,easy,high,1,6,46.7,14,1
AI Lab - Search Algorithms #1,lab_experiment,23,18,72.7,48,6.38,50,35,easy,high,10,1,49.4,2,1
Surprise Test #1,exam,20,17,53.3,8,7.04,26,11,hard,high,1,3,59.0,6,1
Research Project (Sem 3),project,21,16,22.3,68,8.65,34,65,hard,high,5,6,58.8,4,1
Algorithms Assignment #4,assignment,22,18,53.8,43,4.17,25,33,medium,medium,4,2,49.9,5,1
Module Exam,exam,12,7,33.1,71,8.55,49,70,hard,medium,0,0,35.7,-1,0
Embedded Systems Lab (Sem 5),lab_experiment,20,18,38.4,67,6.06,40,52,medium,medium,4,2,41.6,4,1
Networking Assignment (Sem 2),assignment,22,17,15.6,27,8.43,22,85,very_hard,medium,4,0,53.8,14,1
AI Lab - Search Algorithms,lab_experiment,9,9,56.9,16,5.65,8,80,medium,critical,10,6,77.6,13,1
Mini Project #1,project,18,15,27.9,6,5.51,35,24,hard,medium,1,4,60.3,11,1
DBMS Assignment,assignment,7,7,45.1,53,7.64,44,38,hard,medium,7,2,57.8,14,1
ML Model Project (Sem 1),project,35,30,8.8,97,5.25,18,43,hard,low,2,4,38.4,-3,0
OS Lab - Process Scheduling (Sem 8),lab_experiment,22,19,24.0,29,5.73,23,99,very_hard,low,3,2,59.5,13,1
Embedded Systems Lab (Sem 4),lab_experiment,6,4,66.3,9,4.36,24,86,hard,high,4,3,80.6,2,1
ML Model Project (Sem 5),project,20,17,35.6,76,4.24,32,51,hard,low,3,5,49.0,14,1
Algorithms Assignment,assignment,19,15,52.5,35,5.09,42,65,hard,medium,1,3,53.2,6,1
IoT Based Project,project,13,10,55.8,36,7.98,30,80,easy,low,4,2,31.8,-3,0
Open Source Contribution #1,project,2,1,42.0,79,8.54,45,66,hard,medium,8,1,67.7,5,1
Capstone Project (Sem 1),project,20,19,57.1,39,7.31,40,62,easy,critical,1,3,50.2,2,1
IOT Lab Experiment #3,lab_experiment,29,26,78.4,31,6.74,14,59,easy,high,2,6,48.2,2,1
Online Quiz,exam,14,9,24.6,75,7.48,47,72,very_hard,medium,7,2,58.7,6,1
Capstone Project (Sem 4),project,11,7,31.3,99,6.46,25,70,hard,high,6,5,64.7,13,1
IOT Lab Experiment (Sem 3),lab_experiment,34,30,27.2,12,9.25,33,22,medium,medium,2,3,42.9,-2,0
Web Dev Assignment (Sem 6),assignment,25,22,52.3,42,9.11,39,58,very_hard,high,7,6,72.5,9,1
Computer Graphics Assignment (Sem 4),assignment,23,21,79.8,95,4.54,11,91,hard,low,2,5,40.1,5,1
Data Structures Assignment #3,assignment,13,11,35.0,31,7.19,41,97,hard,low,1,4,45.9,0,0
IOT Lab Experiment,lab_experiment,19,14,21.1,32,8.0,34,46,hard,low,7,2,48.0,-1,0
ML Model Project,project,15,12,9.4,48,7.43,41,47,very_hard,medium,10,3,65.5,5,1
Computer Graphics Assignment #1,assignment,25,24,49.0,45,5.31,17,89,medium,high,10,5,64.7,14,1
DBMS Lab - SQL Queries #1,lab_experiment,5,1,29.8,16,4.54,23,51,hard,low,2,6,82.1,9,1
Module Exam,exam,11,8,77.4,37,8.48,26,24,medium,low,3,6,39.2,0,0
End-Semester Exam #4,exam,17,17,36.9,86,8.49,21,84,medium,high,5,0,36.9,-2,0
Final Year Project (Sem 6),project,12,7,6.0,59,9.46,24,93,medium,low,0,2,27.6,0,0
OS Assignment #2,assignment,16,14,54.0,95,8.18,39,63,hard,high,6,5,53.9,2,1
Industry Internship Project,project,24,22,18.2,56,9.7,28,22,very_hard,medium,10,2,55.6,1,1
ML Model Project #2,project,7,2,17.8,81,7.58,6,16,hard,medium,2,6,52.4,10,1
DBMS Lab - SQL Queries (Sem 4),lab_experiment,7,6,27.0,18,8.73,43,10,medium,critical,2,4,67.7,5,1
DBMS Lab - SQL Queries,lab_experiment,12,11,47.5,2,5.05,8,26,hard,medium,1,3,56.4,8,1
Module Exam #5,exam,17,16,75.7,5,8.36,47,76,medium,high,0,0,40.7,0,0
Mobile App Development (Sem 8),project,32,29,6.8,10,5.93,14,18,easy,high,9,4,64.4,12,1
Online Quiz #5,exam,20,16,35.0,89,4.69,46,93,very_hard,high,3,3,63.8,8,1
Embedded Systems Lab #3,lab_experiment,18,13,8.5,54,5.88,21,57,very_hard,high,7,0,68.3,2,1
OS Assignment (Sem 2),assignment,25,23,65.1,71,4.36,40,81,medium,low,5,6,49.8,11,1
Final Year Project #3,project,7,3,41.1,19,7.94,19,23,medium,high,1,6,63.1,5,1
Embedded Systems Lab (Sem 1),lab_experiment,34,29,66.5,34,4.17,22,99,hard,critical,5,0,72.4,3,1
Computer Vision Lab,lab_experiment,28,23,77.8,11,8.48,18,58,medium,medium,5,2,48.6,12,1
Surprise Test,exam,5,4,60.6,6,8.04,22,66,hard,medium,7,3,67.0,5,1
Digital Electronics Lab #1,lab_experiment,5,3,54.6,75,6.92,47,49,easy,medium,9,0,49.7,1,1
AI Lab - Search Algorithms #2,lab_experiment,11,9,10.5,63,8.48,16,26,medium,high,8,4,49.0,14,1
End-Semester Exam #4,exam,3,0,73.8,40,7.45,41,61,hard,medium,1,3,72.1,1,1
Unit Test (Sem 8),exam,31,29,8.0,13,5.46,42,61,medium,medium,4,5,63.6,6,1
Compiler Lab - Lexical Analysis (Sem 2),lab_experiment,20,20,42.9,24,9.44,27,54,hard,high,2,1,49.9,2,1
AI Lab - Search Algorithms (Sem 3),lab_experiment,9,4,7.0,98,7.77,34,82,hard,medium,9,5,53.8,11,1
Practical Exam,exam,18,15,50.9,35,7.55,27,74,easy,medium,0,0,20.7,-1,0
End-Semester Exam #1,exam,22,18,76.4,94,9.38,33,83,hard,medium,7,4,44.5,3,1
Web Dev Assignment (Sem 6),assignment,6,2,52.0,5,5.49,33,66,medium,high,5,2,83.3,5,1
Mobile App Development (Sem 1),project,22,20,6.2,12,7.35,29,46,medium,critical,9,6,75.5,3,1
End-Semester Exam #5,exam,14,9,56.2,50,4.77,50,20,medium,medium,5,6,60.0,3,1
Software Engineering Assignment,assignment,13,11,15.2,27,6.05,36,34,medium,low,1,2,35.2,-3,0
Math Assignment (Sem 3),assignment,13,12,13.8,88,8.63,15,66,easy,medium,3,3,23.9,-1,0
Group Project - Web App #5,project,33,30,72.4,24,6.21,41,66,medium,medium,6,4,57.3,9,1
Research Project #2,project,6,1,39.0,47,7.33,11,76,very_hard,medium,2,2,76.7,8,1
Embedded Systems Lab #1,lab_experiment,30,28,74.5,53,4.32,37,57,medium,critical,5,1,65.1,1,1
End-Semester Exam,exam,3,1,73.5,60,8.18,13,100,medium,high,1,0,54.3,5,1
Network Lab - Packet Analysis,lab_experiment,26,24,19.8,15,4.29,31,91,hard,medium,1,6,60.1,8,1
Machine Learning Assignment (Sem 4),assignment,6,4,34.9,78,6.12,41,63,easy,high,8,2,52.5,2,1
Software Engineering Assignment (Sem 1),assignment,14,12,21.0,2,6.14,9,54,medium,high,1,6,55.5,10,1
Unit Test (Sem 6),exam,15,10,14.8,99,8.11,49,71,hard,high,1,5,42.1,0,0
Algorithms Assignment,assignment,28,28,25.9,39,7.09,39,70,medium,high,3,2,51.1,6,1
Math Assignment #3,assignment,16,13,59.7,49,6.03,16,73,hard,medium,8,2,52.8,13,1
Software Engineering Assignment (Sem 7),assignment,27,26,44.1,41,4.62,25,94,medium,medium,6,1,51.3,12,1
IoT Based Project (Sem 1),project,29,27,49.6,55,5.65,8,19,hard,medium,8,6,61.8,12,1
OS Lab - Process Scheduling,lab_experiment,4,4,19.6,82,6.2,29,82,easy,low,7,2,38.5,-1,0
Mini Project (Sem 3),project,14,11,25.8,35,5.5,12,13,hard,medium,6,4,64.2,2,1
Viva Voce (Sem 4),exam,14,9,73.4,62,5.2,13,19,medium,critical,7,0,58.9,13,1
Practical Exam #1,exam,28,27,57.2,89,7.83,28,75,medium,critical,2,1,38.0,0,0
Math Assignment #5,assignment,29,25,11.3,11,4.39,30,71,medium,high,9,0,62.8,3,1
End-Semester Exam (Sem 8),exam,18,16,11.1,99,7.31,42,33,hard,low,8,6,46.4,1,1
Machine Learning Assignment,assignment,7,5,74.8,28,6.08,38,46,hard,medium,10,4,71.2,5,1
AI Lab - Search Algorithms (Sem 2),lab_experiment,21,20,47.8,74,4.93,47,89,hard,high,9,0,58.9,14,1
OS Assignment (Sem 5),assignment,10,6,33.9,81,4.18,45,79,medium,critical,7,1,68.3,13,1
ML Model Project (Sem 2),project,2,1,35.7,61,6.79,26,87,easy,critical,5,5,85.4,14,1
Online Quiz (Sem 6),exam,17,17,26.2,59,4.74,33,41,easy,low,6,6,46.5,10,1
Group Project - Web App (Sem 6),project,25,23,16.0,20,6.99,37,69,medium,medium,0,0,34.7,0,0
Group Project - Web App,project,3,1,40.1,83,8.04,23,78,easy,low,2,2,40.7,12,1
Online Quiz #3,exam,5,1,45.4,46,7.32,9,59,medium,high,4,6,80.7,10,1
DBMS Assignment #1,assignment,27,25,45.1,46,8.53,17,87,medium,medium,0,0,22.5,-2,0
Weekly Test,exam,23,19,12.0,78,5.91,30,88,hard,medium,5,4,57.4,14,1
Industry Internship Project,project,13,11,54.2,53,7.5,49,90,easy,medium,10,6,44.3,13,1
OS Lab - Process Scheduling,lab_experiment,21,16,58.0,99,9.05,14,97,medium,high,1,1,23.6,-3,0
IoT Based Project #4,project,23,22,33.4,99,7.67,35,17,hard,medium,8,2,39.7,0,0
IoT Based Project (Sem 8),project,14,10,29.0,98,9.21,48,92,hard,medium,7,1,39.2,4,1
Module Exam #3,exam,26,24,56.7,88,8.23,25,71,medium,critical,4,2,45.9,2,1
Mobile App Development #3,project,3,1,76.5,10,6.08,33,93,medium,medium,3,6,80.3,9,1
Module Exam,exam,24,19,47.4,31,4.3,38,38,hard,low,6,2,58.6,12,1
Mini Project (Sem 1),project,30,29,33.1,60,6.86,17,46,medium,high,1,5,44.7,10,1
Digital Electronics Lab #1,lab_experiment,29,28,74.8,4,9.98,30,73,easy,high,4,0,46.2,-3,0
Surprise Test #5,exam,12,9,79.1,69,7.15,13,74,medium,low,1,2,24.5,-2,0
ML Model Project (Sem 1),project,12,10,45.9,96,5.16,44,91,very_hard,high,8,2,66.2,2,1
Mini Project #2,project,11,10,1.5,49,5.41,22,52,medium,high,0,2,43.4,-1,0
OS Lab - Process Scheduling #1,lab_experiment,8,5,55.2,90,8.62,49,25,hard,critical,5,4,69.9,4,1
Network Lab - Packet Analysis #4,lab_experiment,27,23,30.5,89,7.3,35,78,hard,high,3,5,53.7,13,1
Machine Learning Assignment,assignment,33,29,9.9,70,9.42,17,83,medium,low,8,3,33.7,-3,0
Computer Vision Lab (Sem 2),lab_experiment,14,14,36.8,65,6.49,41,17,hard,high,4,5,62.1,1,1
ML Model Project (Sem 4),project,2,2,34.5,89,4.38,8,18,very_hard,medium,4,3,71.0,3,1
Embedded Systems Lab #3,lab_experiment,30,27,30.7,87,9.78,39,27,hard,medium,2,4,37.5,0,0
DS Lab - Linked List #1,lab_experiment,19,14,57.8,54,7.19,19,41,medium,low,3,5,40.1,-3,0
Software Engineering Assignment,assignment,6,6,9.0,4,6.68,48,100,very_hard,medium,0,3,68.0,8,1
Digital Electronics Lab,lab_experiment,18,16,19.5,93,7.46,41,86,hard,high,3,2,47.5,3,1
Embedded Systems Lab,lab_experiment,21,17,70.5,22,7.76,32,81,medium,critical,10,5,68.8,7,1
Online Quiz #4,exam,13,12,60.6,60,5.45,19,48,very_hard,low,7,0,54.9,9,1
Mobile App Development #5,project,9,7,17.1,82,4.47,33,57,easy,high,3,0,45.9,-1,0
Industry Internship Project,project,10,6,58.2,71,5.3,18,52,medium,critical,3,1,61.6,12,1
Web Dev Assignment #2,assignment,30,29,44.6,99,5.7,34,78,hard,medium,5,4,53.6,8,1
Mini Project,project,13,11,33.7,72,9.18,14,12,medium,critical,9,5,57.0,7,1
Unit Test,exam,16,12,66.8,63,7.3,48,53,medium,high,10,5,59.2,8,1
Research Project,project,27,23,39.6,69,9.94,8,77,easy,high,10,0,34.0,-3,0
Research Project (Sem 2),project,4,4,18.3,58,6.24,44,91,hard,high,7,5,74.8,8,1
Data Structures Assignment,assignment,4,0,58.1,68,9.86,6,74,hard,high,2,0,62.0,2,1
DS Lab - Linked List #2,lab_experiment,11,8,7.2,51,6.75,20,99,medium,high,1,5,46.8,14,1
OS Assignment #4,assignment,20,17,5.4,1,8.22,10,73,hard,high,5,4,67.8,14,1
Machine Learning Assignment,assignment,33,28,71.1,60,5.63,9,97,very_hard,critical,9,5,83.9,1,1
Compiler Lab - Lexical Analysis (Sem 4),lab_experiment,9,4,65.9,9,5.8,41,40,hard,high,10,4,87.3,6,1
Research Project,project,6,3,19.3,9,6.04,44,86,medium,high,0,5,69.6,5,1
Capstone Project (Sem 6),project,33,30,35.1,87,7.52,29,20,hard,medium,3,5,41.5,2,1
Algorithms Assignment (Sem 7),assignment,30,25,13.2,49,5.9,11,21,easy,medium,5,6,51.3,5,1
DBMS Assignment #1,assignment,18,14,44.8,52,4.62,10,55,hard,high,5,6,69.6,7,1
Algorithms Assignment,assignment,27,23,72.5,31,7.43,15,97,medium,low,4,2,41.3,0,0
DBMS Lab - SQL Queries #2,lab_experiment,15,13,39.3,9,6.17,20,90,medium,high,7,0,57.2,3,1
Mid-Semester Exam (Sem 6),exam,14,12,35.8,55,8.89,46,86,easy,medium,3,3,33.6,-1,0
Embedded Systems Lab (Sem 5),lab_experiment,27,22,39.8,73,8.69,25,58,medium,high,5,0,39.9,-2,0
Digital Electronics Lab (Sem 8),lab_experiment,9,6,64.0,88,4.41,31,96,medium,high,3,2,53.5,11,1
Embedded Systems Lab #4,lab_experiment,22,19,47.0,68,7.04,49,63,medium,high,5,5,58.3,13,1
OS Assignment,assignment,24,20,4.5,82,8.06,30,52,very_hard,medium,0,0,31.6,-1,0
Digital Electronics Lab #5,lab_experiment,14,11,37.6,86,7.53,37,29,medium,low,1,2,18.5,0,0
OS Assignment #2,assignment,13,10,63.0,66,6.9,35,22,medium,high,5,0,47.3,5,1
OS Assignment (Sem 6),assignment,8,3,64.2,94,5.46,16,80,easy,high,7,1,56.8,13,1
Research Project #2,project,5,0,49.5,25,6.7,32,59,easy,medium,4,6,75.2,12,1
Computer Graphics Assignment #1,assignment,11,10,37.1,33,8.02,36,77,very_hard,medium,6,4,65.0,7,1
Math Assignment (Sem 8),assignment,10,5,56.8,38,9.51,42,20,hard,medium,3,2,54.6,2,1
Compiler Lab - Lexical Analysis #2,lab_experiment,20,19,46.4,54,5.11,45,78,hard,high,2,4,61.7,3,1
ML Model Project #2,project,29,26,49.9,45,9.71,36,27,easy,medium,8,4,42.6,0,0
Capstone Project #4,project,5,5,45.7,97,5.32,7,45,medium,medium,7,4,52.3,12,1
Open Source Contribution (Sem 2),project,5,3,62.2,46,7.25,7,66,medium,critical,1,5,69.5,14,1
AI Lab - Search Algorithms #1,lab_experiment,11,11,35.7,15,8.65,20,36,hard,high,5,6,68.0,12,1
Research Project,project,27,26,64.6,72,6.1,22,86,medium,medium,4,2,38.8,-1,0
DBMS Assignment #4,assignment,32,27,11.0,16,5.5,50,51,hard,high,10,3,76.8,8,1
Computer Vision Lab #3,lab_experiment,14,14,51.1,98,4.56,37,45,hard,critical,7,3,67.1,6,1
OS Assignment,assignment,29,25,32.4,54,8.95,36,44,medium,medium,8,4,45.8,3,1
IoT Based Project,project,23,20,2.3,20,6.65,5,64,medium,high,2,5,54.5,5,1
AI Lab - Search Algorithms #1,lab_experiment,4,2,53.5,83,4.99,30,90,medium,high,3,3,63.4,11,1
OS Assignment #1,assignment,3,2,47.9,66,8.08,5,11,hard,high,6,5,71.3,3,1
Mini Project,project,23,23,9.2,47,9.29,13,58,hard,high,2,5,51.9,11,1
DBMS Lab - SQL Queries (Sem 1),lab_experiment,21,20,35.8,92,5.28,14,62,hard,medium,3,0,39.0,-3,0
DBMS Lab - SQL Queries #5,lab_experiment,33,30,25.8,17,5.49,46,20,medium,high,9,2,67.2,13,1
Algorithms Assignment (Sem 4),assignment,14,12,52.0,100,9.39,20,73,medium,medium,10,4,35.0,-3,0
Math Assignment #3,assignment,31,27,34.2,69,8.1,35,19,easy,low,4,1,23.7,-3,0
Software Engineering Assignment (Sem 5),assignment,26,22,61.6,54,8.21,10,91,medium,high,4,0,39.2,-1,0
Machine Learning Assignment (Sem 3),assignment,13,10,47.3,97,9.01,48,92,easy,high,3,0,26.4,-2,0
Software Engineering Assignment (Sem 8),assignment,19,19,25.4,94,7.95,16,25,easy,low,0,1,4.8,0,0
Module Exam,exam,12,11,60.2,34,8.4,12,13,medium,medium,8,0,39.4,5,1
Web Dev Assignment,assignment,19,15,14.2,20,5.53,11,83,hard,low,8,0,54.1,1,1
Networking Assignment #1,assignment,13,12,15.1,4,7.32,50,93,medium,medium,6,5,64.2,6,1
End-Semester Exam,exam,21,16,72.3,22,5.34,38,15,very_hard,low,7,6,74.4,5,1
Practical Exam,exam,12,11,24.0,100,5.82,44,41,medium,high,7,6,56.4,13,1
Digital Electronics Lab,lab_experiment,32,29,2.9,69,6.08,49,11,very_hard,low,10,3,57.1,14,1
End-Semester Exam #2,exam,15,15,77.8,18,8.27,10,15,very_hard,critical,8,3,78.4,12,1
Weekly Test (Sem 2),exam,9,4,65.8,9,7.55,8,65,hard,low,4,2,55.0,14,1
Online Quiz #3,exam,9,8,6.9,25,4.82,42,23,easy,low,7,2,48.2,7,1
Machine Learning Assignment #3,assignment,12,9,21.9,15,4.54,48,48,hard,high,0,1,57.8,14,1
Unit Test #1,exam,16,12,4.9,38,5.56,16,13,very_hard,critical,8,5,89.0,9,1
DBMS Lab - SQL Queries,lab_experiment,3,3,5.9,99,9.9,13,35,hard,medium,10,5,58.5,2,1
End-Semester Exam,exam,33,28,36.0,16,4.55,26,25,easy,medium,2,4,48.4,0,0
Capstone Project (Sem 7),project,14,13,29.0,23,5.65,33,29,easy,high,3,5,59.7,5,1
Mobile App Development,project,4,2,31.3,53,5.2,38,41,hard,high,0,3,68.2,13,1
Weekly Test #5,exam,33,29,40.7,49,5.62,6,50,hard,low,4,0,44.8,13,1
Open Source Contribution,project,4,3,52.9,34,7.2,8,38,hard,critical,6,2,85.0,14,1
Network Lab - Packet Analysis (Sem 6),lab_experiment,24,22,73.2,3,8.22,27,82,hard,high,3,6,65.1,13,1
Open Source Contribution #3,project,1,1,5.4,77,5.31,38,71,easy,critical,3,6,82.4,3,1
Unit Test,exam,8,4,56.7,18,8.65,38,56,very_hard,medium,10,3,74.2,10,1
Math Assignment,assignment,10,5,75.9,81,9.76,46,50,easy,critical,9,6,61.4,6,1
Computer Vision Lab #2,lab_experiment,28,23,24.3,22,8.37,49,83,medium,critical,9,0,60.5,3,1
Surprise Test #2,exam,6,4,59.9,30,6.08,25,31,hard,critical,10,5,86.5,12,1
Weekly Test,exam,12,7,6.4,32,8.72,5,16,medium,high,2,3,51.1,8,1
IoT Based Project,project,29,26,63.3,73,7.91,48,38,easy,low,0,2,14.2,-3,0
Viva Voce #1,exam,8,5,13.7,9,7.28,10,53,hard,high,7,5,81.2,1,1
Research Project,project,1,1,27.2,24,6.46,40,79,medium,medium,3,0,68.2,1,1
Industry Internship Project,project,3,1,1.3,11,5.77,47,90,hard,low,0,1,71.5,3,1
End-Semester Exam #4,exam,28,25,38.2,84,5.59,46,79,medium,medium,6,2,46.8,3,1
Final Year Project #3,project,9,8,67.1,72,4.37,49,95,easy,high,8,3,53.5,13,1
Digital Electronics Lab (Sem 7),lab_experiment,17,13,55.3,60,7.44,20,70,medium,medium,0,4,33.0,-2,0
Web Dev Assignment,assignment,26,25,11.0,54,4.47,48,65,medium,high,2,6,57.0,10,1
Practical Exam #1,exam,20,17,44.6,35,7.12,5,99,hard,medium,6,0,50.5,7,1
Network Lab - Packet Analysis,lab_experiment,18,18,63.1,68,9.28,31,43,medium,medium,9,3,40.5,-3,0
AI Lab - Search Algorithms (Sem 3),lab_experiment,24,19,55.8,4,6.37,26,98,medium,high,4,2,59.8,1,1
Viva Voce #3,exam,32,27,55.1,29,4.81,33,51,medium,medium,10,0,52.5,-2,0
Group Project - Web App (Sem 8),project,29,27,65.9,65,8.75,9,49,hard,medium,8,4,47.9,-3,0
DS Lab - Linked List,lab_experiment,4,1,5.0,46,8.23,22,57,hard,medium,10,0,70.0,11,1
Networking Assignment (Sem 8),assignment,15,14,76.9,60,7.52,27,54,easy,critical,1,2,37.7,-3,0
Final Year Project,project,21,20,54.5,34,7.91,37,12,very_hard,critical,10,0,71.9,8,1
Network Lab - Packet Analysis,lab_experiment,12,8,64.6,39,8.28,50,92,medium,critical,5,3,63.2,5,1
IOT Lab Experiment (Sem 7),lab_experiment,3,3,41.4,84,9.8,28,81,hard,high,4,5,67.0,2,1
Mini Project (Sem 5),project,12,10,21.6,91,9.71,46,48,easy,medium,3,0,20.4,0,0
Unit Test #1,exam,11,8,33.0,94,4.21,50,83,hard,medium,3,5,52.2,9,1
IoT Based Project,project,31,26,70.2,23,5.76,35,26,hard,high,8,6,77.9,3,1
End-Semester Exam,exam,25,23,34.2,42,6.23,42,47,medium,low,0,6,35.8,-3,0
Group Project - Web App (Sem 2),project,16,12,24.6,6,9.23,14,27,very_hard,medium,9,3,66.2,3,1
Unit Test #1,exam,21,20,25.8,7,4.03,22,36,hard,low,2,3,54.8,13,1
DBMS Assignment (Sem 7),assignment,16,13,34.9,61,6.3,7,78,easy,medium,0,2,22.5,-2,0
Data Structures Assignment (Sem 4),assignment,30,28,25.7,13,6.3,42,49,easy,high,4,2,54.6,8,1
Online Quiz #2,exam,12,11,14.0,51,4.11,19,26,medium,low,8,1,43.7,-3,0
Mid-Semester Exam (Sem 5),exam,19,19,47.9,6,7.97,46,12,easy,low,7,3,44.4,2,1
Weekly Test (Sem 4),exam,26,21,1.7,53,7.97,47,76,medium,high,2,3,43.1,-3,0
Algorithms Assignment #1,assignment,10,6,16.8,33,8.99,17,55,hard,medium,0,4,48.1,0,0
IOT Lab Experiment,lab_experiment,5,0,8.0,14,9.01,47,73,easy,low,8,0,61.9,12,1
Algorithms Assignment #2,assignment,11,8,5.0,22,9.24,23,56,hard,medium,1,0,37.9,14,1
Data Structures Assignment #2,assignment,14,11,76.5,34,9.27,10,57,hard,low,6,3,47.2,8,1
Online Quiz (Sem 7),exam,29,28,9.9,89,8.36,15,23,medium,high,9,5,45.7,0,0
Computer Vision Lab (Sem 6),lab_experiment,5,0,70.5,93,9.84,13,71,very_hard,low,6,3,68.7,1,1
Algorithms Assignment (Sem 1),assignment,32,27,42.5,95,7.46,41,38,very_hard,high,5,4,65.1,9,1
Software Engineering Assignment #2,assignment,26,21,51.7,19,9.03,40,88,easy,high,2,4,46.2,0,0
Research Project #1,project,9,7,77.6,6,7.04,40,92,medium,high,1,3,61.8,8,1
Mini Project #4,project,6,3,59.9,2,4.62,31,14,hard,low,1,6,72.7,10,1
Module Exam (Sem 4),exam,24,21,76.1,46,8.95,19,68,medium,high,9,3,50.7,12,1
Weekly Test (Sem 2),exam,7,7,28.0,81,9.79,23,80,medium,high,0,1,33.1,0,0
Embedded Systems Lab (Sem 5),lab_experiment,7,6,10.5,50,5.29,17,53,easy,medium,10,6,59.7,11,1
Web Dev Assignment #4,assignment,4,0,59.2,70,9.61,42,71,very_hard,high,2,5,83.2,10,1
Network Lab - Packet Analysis (Sem 7),lab_experiment,23,19,70.7,64,9.29,31,87,very_hard,high,4,3,60.3,6,1
Weekly Test #2,exam,24,19,71.0,65,5.79,49,80,very_hard,high,8,5,78.9,4,1
DS Lab - Linked List (Sem 5),lab_experiment,16,11,11.5,90,7.9,16,74,medium,high,1,6,33.6,-1,0
Industry Internship Project (Sem 7),project,27,23,23.6,54,8.85,38,23,easy,low,10,0,28.0,-2,0
Unit Test,exam,26,26,55.6,37,5.22,39,14,medium,medium,9,6,61.5,11,1
Digital Electronics Lab (Sem 4),lab_experiment,30,25,23.7,85,4.28,29,59,medium,high,10,2,51.9,9,1
Data Structures Assignment (Sem 4),assignment,30,27,66.6,81,8.23,46,57,hard,medium,9,1,42.4,-2,0
Weekly Test,exam,31,30,59.1,15,6.26,32,45,hard,low,9,6,62.2,5,1
Math Assignment,assignment,6,4,48.2,99,9.59,44,94,medium,high,8,2,48.6,2,1
Module Exam (Sem 3),exam,6,2,13.6,69,7.22,10,54,medium,medium,5,2,56.2,6,1
Internal Assessment (Sem 8),exam,31,26,1.7,85,6.08,20,92,hard,high,0,5,44.0,-1,0
Mini Project (Sem 5),project,25,23,3.0,66,8.93,28,75,hard,medium,0,2,30.6,-2,0
Module Exam,exam,34,30,43.1,80,4.39,47,90,hard,critical,6,6,75.7,2,1
Digital Electronics Lab (Sem 2),lab_experiment,22,21,2.9,91,5.99,10,19,easy,high,8,0,39.8,-2,0
Online Quiz (Sem 8),exam,15,12,26.0,49,8.04,39,10,hard,high,9,0,53.1,12,1
Math Assignment #5,assignment,30,25,24.8,11,5.69,33,58,medium,high,7,1,65.1,9,1
Network Lab - Packet Analysis (Sem 5),lab_experiment,6,4,54.5,93,7.89,5,80,very_hard,low,0,0,29.9,0,0
Algorithms Assignment,assignment,18,13,68.3,18,4.97,19,88,hard,low,2,5,56.3,13,1
Machine Learning Assignment #4,assignment,21,21,20.8,25,8.35,36,52,medium,high,3,0,44.6,-1,0
Networking Assignment #3,assignment,14,10,53.1,88,7.51,41,82,medium,medium,6,1,33.5,-3,0
Internal Assessment #2,exam,28,26,11.6,93,5.99,35,69,medium,high,7,4,54.9,2,1
Computer Vision Lab,lab_experiment,32,28,16.5,93,9.32,9,19,very_hard,high,10,0,49.3,14,1
Industry Internship Project (Sem 1),project,12,8,71.6,69,6.83,14,56,medium,critical,9,5,62.6,14,1
Unit Test #4,exam,15,11,1.8,30,9.09,44,97,easy,medium,7,1,40.4,-2,0
IOT Lab Experiment,lab_experiment,27,24,19.3,33,6.22,7,95,medium,critical,5,3,65.1,8,1
Final Year Project,project,26,22,51.1,35,9.01,21,84,medium,low,10,3,41.1,-1,0
Machine Learning Assignment,assignment,19,16,28.9,44,6.92,35,87,easy,critical,7,1,56.7,4,1
Machine Learning Assignment,assignment,6,5,29.6,91,8.9,47,39,medium,medium,1,3,33.5,0,0
Group Project - Web App (Sem 3),project,29,26,2.8,5,4.77,42,30,easy,medium,9,1,55.2,1,1
AI Lab - Search Algorithms (Sem 7),lab_experiment,23,18,2.5,92,8.37,23,20,medium,high,7,6,45.9,8,1
DS Lab - Linked List (Sem 3),lab_experiment,27,26,50.2,65,5.59,48,53,very_hard,high,1,1,58.8,7,1
Research Project,project,20,16,55.1,19,7.63,16,70,very_hard,high,8,4,72.8,13,1
OS Assignment (Sem 3),assignment,17,17,71.9,99,8.07,32,76,medium,critical,8,3,49.4,4,1
Mobile App Development #3,project,6,4,38.7,29,9.46,10,46,hard,medium,4,1,54.2,1,1
Computer Graphics Assignment (Sem 2),assignment,3,0,52.7,88,8.83,31,56,easy,medium,9,2,54.5,5,1
Industry Internship Project (Sem 5),project,13,12,33.6,100,7.35,16,57,hard,medium,4,4,43.6,6,1
Research Project #1,project,30,25,76.0,12,5.29,30,53,hard,high,10,5,79.6,1,1
Embedded Systems Lab,lab_experiment,19,15,35.4,8,5.58,28,20,hard,high,6,4,78.2,11,1
Surprise Test (Sem 3),exam,18,15,1.8,84,9.58,38,46,easy,high,8,4,42.0,-2,0
OS Lab - Process Scheduling (Sem 4),lab_experiment,1,0,7.9,35,8.68,27,95,medium,high,8,0,72.7,12,1
OS Assignment (Sem 5),assignment,30,26,73.3,44,6.08,22,38,hard,low,6,4,53.4,1,1
Unit Test (Sem 2),exam,6,2,24.2,14,8.82,21,78,hard,high,7,3,79.3,10,1
Group Project - Web App (Sem 8),project,18,14,69.1,61,4.7,9,58,hard,critical,10,5,75.7,4,1
Online Quiz (Sem 1),exam,28,26,20.6,11,6.39,26,19,hard,low,5,2,56.4,4,1
Unit Test (Sem 8),exam,7,6,59.1,33,5.24,17,41,hard,medium,1,0,53.1,2,1
Industry Internship Project #1,project,15,11,25.9,73,9.21,36,33,very_hard,critical,4,3,67.0,4,1
OS Lab - Process Scheduling #5,lab_experiment,34,30,3.6,44,6.36,48,32,medium,low,8,3,47.0,-1,0
Data Structures Assignment (Sem 7),assignment,5,3,29.6,33,5.12,21,40,medium,critical,5,2,84.5,3,1
Mobile App Development (Sem 7),project,26,24,29.8,51,5.68,16,83,easy,high,3,6,52.4,2,1
Internal Assessment #5,exam,7,6,64.2,94,4.9,5,32,medium,low,10,4,47.7,9,1
Weekly Test (Sem 5),exam,31,27,4.8,12,8.14,8,37,hard,medium,10,0,50.4,8,1
Viva Voce (Sem 6),exam,19,17,28.2,52,4.73,48,87,easy,high,10,4,59.4,3,1
Practical Exam (Sem 8),exam,14,14,31.1,36,6.78,14,31,hard,critical,6,5,76.2,10,1
Mini Project #1,project,9,7,26.0,37,8.26,43,92,medium,critical,5,5,74.9,10,1
Mobile App Development,project,9,4,19.5,32,9.64,49,20,medium,medium,1,0,39.5,0,0
Data Structures Assignment,assignment,12,8,13.3,83,9.59,29,49,medium,high,7,5,48.3,3,1
Digital Electronics Lab,lab_experiment,23,21,69.0,41,9.19,34,79,very_hard,medium,2,5,56.2,9,1
Computer Vision Lab (Sem 8),lab_experiment,28,23,70.3,55,7.14,45,78,medium,medium,8,1,45.5,-3,0
ML Model Project #3,project,6,4,1.8,66,8.89,13,54,medium,medium,7,6,51.1,8,1
Mid-Semester Exam (Sem 5),exam,7,7,44.3,24,6.47,40,65,medium,low,10,3,58.2,14,1
Group Project - Web App #3,project,21,20,41.8,78,8.85,48,44,medium,high,4,3,44.2,-2,0
DBMS Assignment,assignment,23,20,49.8,34,8.2,36,34,medium,low,8,0,36.8,-2,0
Algorithms Assignment (Sem 3),assignment,19,14,1.6,11,4.9,36,37,medium,medium,7,2,60.4,8,1
Math Assignment,assignment,11,8,6.6,60,5.09,21,58,hard,low,3,3,47.1,0,0
OS Lab - Process Scheduling (Sem 8),lab_experiment,24,24,42.2,26,6.84,48,49,very_hard,low,0,5,54.6,9,1
Algorithms Assignment,assignment,11,11,69.2,27,9.84,20,91,medium,low,4,4,41.6,2,1
Group Project - Web App (Sem 1),project,30,25,38.5,76,4.93,10,41,easy,low,9,2,34.8,-3,0
Math Assignment,assignment,16,15,26.0,71,8.73,27,66,hard,low,6,2,39.5,-2,0
Mid-Semester Exam (Sem 8),exam,13,9,56.1,24,7.4,39,54,medium,medium,9,6,59.1,9,1
DBMS Lab - SQL Queries #5,lab_experiment,11,9,43.8,58,4.0,45,74,medium,low,0,4,35.9,-1,0
Compiler Lab - Lexical Analysis,lab_experiment,21,16,40.3,70,4.92,23,51,medium,medium,1,4,39.3,-3,0
DBMS Assignment,assignment,6,3,16.1,4,7.43,29,94,medium,high,9,2,78.1,1,1
Internal Assessment,exam,30,29,52.8,10,6.81,45,17,medium,high,6,6,69.5,6,1
Computer Graphics Assignment (Sem 1),assignment,4,2,7.2,27,9.76,11,22,hard,medium,3,1,58.7,9,1
Computer Vision Lab (Sem 7),lab_experiment,8,3,46.5,86,6.75,47,64,very_hard,low,2,4,61.5,7,1
Unit Test #5,exam,30,28,44.5,41,9.07,31,91,medium,high,9,1,48.9,10,1
Embedded Systems Lab #5,lab_experiment,33,30,36.4,50,4.0,7,46,hard,medium,4,0,49.7,5,1
DS Lab - Linked List (Sem 1),lab_experiment,28,26,73.6,65,7.34,41,29,easy,medium,2,1,29.1,-1,0
Surprise Test #2,exam,27,25,8.3,51,7.41,18,19,hard,high,2,3,52.6,14,1
Computer Graphics Assignment (Sem 1),assignment,29,25,31.1,99,4.34,26,54,very_hard,medium,1,6,50.8,13,1
Computer Vision Lab,lab_experiment,13,9,4.3,69,7.39,25,74,hard,low,10,5,50.7,7,1
Industry Internship Project,project,15,13,63.1,18,4.79,10,70,hard,low,6,2,58.4,2,1
Open Source Contribution,project,19,15,16.7,50,7.91,17,81,hard,high,3,1,46.7,2,1
Online Quiz,exam,24,21,34.5,44,5.14,27,86,hard,high,2,2,57.9,10,1
Industry Internship Project,project,30,29,16.8,47,4.94,10,24,hard,medium,9,1,55.6,14,1
Mid-Semester Exam #3,exam,17,14,2.8,26,8.44,18,36,medium,high,8,3,54.6,10,1
OS Lab - Process Scheduling #4,lab_experiment,5,5,23.4,89,7.71,8,69,hard,low,6,5,48.0,-1,0
End-Semester Exam (Sem 5),exam,13,12,78.4,65,9.86,11,50,medium,high,1,1,30.1,-2,0
Open Source Contribution,project,33,29,25.1,62,6.36,15,12,medium,medium,10,2,43.1,-2,0
Mid-Semester Exam,exam,34,30,76.0,28,4.91,30,94,easy,high,8,5,64.4,10,1
Embedded Systems Lab #2,lab_experiment,13,9,27.0,69,4.79,46,27,hard,high,3,6,63.8,3,1
Module Exam,exam,24,20,73.5,40,4.41,39,25,easy,high,2,5,53.9,1,1
Online Quiz #4,exam,28,23,74.7,35,4.91,17,23,easy,low,9,4,47.7,5,1
Computer Vision Lab (Sem 4),lab_experiment,2,0,7.3,99,6.86,37,87,medium,high,2,6,66.9,7,1
Capstone Project,project,7,7,33.3,1,9.55,31,38,hard,critical,3,0,71.9,3,1
Industry Internship Project #4,project,29,28,34.8,99,4.25,29,50,medium,critical,9,4,61.1,9,1
Machine Learning Assignment #1,assignment,26,26,70.3,31,7.11,30,15,hard,medium,10,0,53.8,4,1
Weekly Test #4,exam,15,14,34.4,78,9.51,49,76,very_hard,medium,10,3,55.3,2,1
DBMS Assignment #5,assignment,15,13,36.6,22,6.72,50,35,very_hard,low,5,5,70.6,11,1
DBMS Lab - SQL Queries (Sem 2),lab_experiment,19,14,29.7,67,8.24,37,88,very_hard,medium,6,0,50.3,13,1
Compiler Lab - Lexical Analysis,lab_experiment,28,27,15.1,91,4.31,24,49,hard,critical,4,5,68.2,3,1
DBMS Assignment (Sem 1),assignment,26,24,2.0,63,9.13,39,10,hard,medium,3,4,45.3,11,1
Capstone Project,project,23,19,1.5,70,5.67,45,81,hard,medium,2,1,45.5,1,1
Mid-Semester Exam (Sem 1),exam,22,18,24.6,11,4.29,31,32,easy,medium,10,5,60.9,12,1
IOT Lab Experiment,lab_experiment,4,2,26.5,48,8.92,32,80,easy,medium,1,5,46.6,14,1
Practical Exam (Sem 7),exam,11,6,17.5,7,4.66,45,77,very_hard,medium,9,6,91.1,12,1
Online Quiz #5,exam,20,16,79.6,45,9.56,44,82,medium,high,7,3,53.4,13,1
Computer Vision Lab,lab_experiment,0,0,2.9,80,8.78,18,88,very_hard,medium,5,2,74.8,9,1
OS Lab - Process Scheduling #2,lab_experiment,25,25,25.3,64,7.3,5,24,hard,medium,9,4,52.7,-3,0
DS Lab - Linked List (Sem 6),lab_experiment,18,15,64.0,82,4.81,14,90,medium,critical,5,3,61.0,13,1
Final Year Project (Sem 5),project,28,23,25.9,68,4.11,41,97,medium,critical,5,0,60.5,3,1
Mid-Semester Exam (Sem 7),exam,18,17,46.1,49,5.12,12,49,hard,medium,0,2,42.4,0,0
Web Dev Assignment #2,assignment,28,26,18.1,38,5.05,28,14,hard,critical,7,4,80.2,1,1
Open Source Contribution #2,project,32,29,58.9,67,5.86,25,28,hard,low,8,5,56.1,3,1
OS Lab - Process Scheduling (Sem 7),lab_experiment,31,27,10.2,39,9.59,48,86,very_hard,medium,0,0,42.0,9,1
Mid-Semester Exam (Sem 5),exam,29,28,26.3,24,5.72,39,50,hard,high,4,1,67.1,3,1
End-Semester Exam,exam,19,17,44.4,34,4.85,50,46,hard,low,4,4,60.2,6,1
Final Year Project #2,project,33,28,5.0,49,4.32,32,60,easy,high,9,5,60.4,14,1
Industry Internship Project #3,project,27,26,57.3,85,8.86,10,69,hard,low,7,0,31.0,0,0
Weekly Test,exam,8,4,21.4,46,6.35,49,95,medium,critical,5,3,74.7,8,1
OS Assignment #4,assignment,18,15,67.8,36,8.61,43,83,easy,low,1,2,24.1,-3,0
Module Exam (Sem 7),exam,14,13,50.0,70,4.95,35,59,easy,medium,9,3,45.5,0,0
Module Exam (Sem 3),exam,21,21,59.4,91,7.45,36,24,hard,medium,8,0,42.4,0,0
AI Lab - Search Algorithms (Sem 2),lab_experiment,8,3,65.3,98,8.92,25,73,hard,low,3,6,48.9,3,1
DBMS Assignment (Sem 8),assignment,12,9,49.6,57,5.17,48,50,medium,high,10,2,59.4,7,1
End-Semester Exam (Sem 1),exam,19,16,68.0,37,4.37,40,16,easy,high,5,0,53.6,14,1
Mid-Semester Exam (Sem 7),exam,21,18,50.4,91,6.3,29,65,medium,high,7,1,43.7,4,1
IoT Based Project #4,project,32,27,10.9,1,4.43,6,28,hard,medium,6,1,64.4,2,1
Embedded Systems Lab (Sem 7),lab_experiment,8,5,41.2,70,8.92,29,55,medium,medium,0,4,34.9,0,0
Digital Electronics Lab (Sem 7),lab_experiment,20,18,3.6,4,7.41,50,57,easy,medium,1,1,39.2,-1,0
Open Source Contribution,project,20,15,59.6,85,4.47,45,79,hard,medium,0,2,38.5,9,1
Web Dev Assignment (Sem 8),assignment,25,23,34.3,37,5.74,7,98,very_hard,high,9,2,74.3,1,1
Industry Internship Project (Sem 1),project,14,9,50.3,36,6.91,13,74,easy,high,4,1,45.1,10,1
Viva Voce (Sem 1),exam,7,3,14.8,75,8.43,47,67,medium,low,3,3,44.7,-2,0
Math Assignment (Sem 3),assignment,30,29,67.2,96,9.96,29,40,hard,high,2,1,35.7,-1,0
Algorithms Assignment,assignment,17,14,38.6,60,8.48,39,39,medium,high,7,2,47.9,3,1
Final Year Project #3,project,23,21,77.0,87,9.74,11,78,hard,critical,6,4,58.7,11,1
Practical Exam,exam,13,8,47.1,59,8.64,20,96,hard,low,5,5,47.2,12,1
Compiler Lab - Lexical Analysis (Sem 1),lab_experiment,0,0,1.9,12,7.15,48,67,medium,high,4,1,83.4,1,1
Computer Graphics Assignment (Sem 1),assignment,22,21,76.1,81,4.73,12,21,very_hard,low,10,6,60.0,11,1
DBMS Lab - SQL Queries #2,lab_experiment,19,14,75.0,81,6.72,22,64,hard,high,5,2,54.0,3,1
Algorithms Assignment #1,assignment,10,10,21.4,33,5.07,9,72,very_hard,medium,6,1,66.3,11,1
Mini Project,project,24,19,9.4,56,8.29,11,14,easy,high,4,6,43.9,0,0
Web Dev Assignment,assignment,24,21,22.0,89,5.98,30,83,easy,high,7,3,48.2,7,1
Mini Project,project,17,12,65.6,61,4.73,39,55,medium,medium,0,5,41.7,-3,0
Module Exam #3,exam,26,24,52.2,22,7.33,29,94,easy,high,1,5,48.5,12,1
Weekly Test (Sem 8),exam,7,6,3.8,3,8.32,42,40,medium,low,8,5,61.6,5,1
Open Source Contribution,project,10,10,27.7,92,4.26,12,37,hard,high,7,5,61.8,14,1
Computer Vision Lab,lab_experiment,24,23,39.6,2,6.83,44,15,medium,high,0,1,48.0,11,1
Algorithms Assignment (Sem 8),assignment,9,5,6.1,13,4.69,43,88,medium,high,6,2,75.7,13,1
IoT Based Project #1,project,27,26,61.4,75,5.04,9,25,medium,high,2,5,48.9,-1,0
IOT Lab Experiment,lab_experiment,8,3,49.4,99,4.95,36,20,easy,low,1,5,41.8,-1,0
Capstone Project,project,22,20,42.3,52,5.44,16,88,hard,high,7,4,68.2,2,1
Practical Exam (Sem 1),exam,8,7,10.3,67,9.86,44,56,very_hard,critical,8,1,76.0,8,1
AI Lab - Search Algorithms,lab_experiment,26,25,55.1,60,6.99,15,95,very_hard,low,5,2,53.5,-2,0
ML Model Project,project,8,3,5.1,68,5.06,6,72,medium,low,3,5,56.0,8,1
Online Quiz,exam,24,24,26.8,12,5.42,31,35,medium,medium,7,4,63.7,8,1
Software Engineering Assignment (Sem 4),assignment,15,14,31.6,17,6.75,17,90,medium,medium,5,1,50.3,1,1
Algorithms Assignment #2,assignment,17,14,14.5,43,5.32,23,87,easy,high,9,1,52.7,10,1
DBMS Lab - SQL Queries,lab_experiment,21,18,67.1,35,4.09,32,41,medium,medium,3,4,53.2,3,1
Software Engineering Assignment #1,assignment,27,23,3.7,67,6.37,49,22,medium,medium,8,6,51.5,1,1
Group Project - Web App #2,project,12,7,79.9,2,6.88,24,30,hard,critical,9,0,82.0,8,1
Research Project #4,project,23,20,56.6,0,9.16,9,59,very_hard,medium,0,2,49.9,0,0
Surprise Test (Sem 4),exam,6,2,70.6,94,9.59,37,96,medium,low,6,2,43.9,8,1
Math Assignment (Sem 3),assignment,22,17,6.3,90,8.64,13,52,medium,low,7,5,33.3,-2,0
Compiler Lab - Lexical Analysis (Sem 5),lab_experiment,24,21,22.9,8,6.24,33,72,medium,high,7,5,68.7,9,1
Weekly Test (Sem 6),exam,35,30,64.9,8,5.13,34,21,easy,critical,4,0,63.8,2,1
AI Lab - Search Algorithms #1,lab_experiment,5,4,42.1,80,4.14,31,97,medium,low,5,3,51.1,8,1
Algorithms Assignment,assignment,28,27,67.0,66,7.87,31,84,medium,high,5,3,47.9,0,0
ML Model Project #5,project,7,5,18.9,47,9.82,8,28,medium,medium,2,4,43.4,-2,0
Unit Test,exam,7,7,4.3,40,7.45,33,43,medium,medium,0,5,48.3,-1,0
Unit Test (Sem 8),exam,9,5,24.8,3,6.43,36,28,very_hard,critical,2,0,82.0,12,1
Viva Voce (Sem 5),exam,22,21,64.2,93,9.44,33,53,hard,high,0,1,30.7,-3,0
Mid-Semester Exam #4,exam,11,11,26.8,77,7.85,42,77,medium,critical,4,1,47.8,1,1
Machine Learning Assignment (Sem 2),assignment,13,12,39.7,77,7.63,8,95,medium,low,6,2,29.4,0,0
Mid-Semester Exam #3,exam,12,9,70.1,11,5.29,33,63,hard,medium,6,5,73.1,7,1
Computer Vision Lab,lab_experiment,8,6,38.5,67,9.92,9,85,hard,low,6,5,52.5,5,1
Research Project (Sem 8),project,19,18,16.7,48,5.74,36,15,hard,medium,9,2,60.0,8,1
Group Project - Web App,project,10,8,76.5,81,6.84,46,95,very_hard,medium,7,5,63.4,11,1
OS Lab - Process Scheduling #1,lab_experiment,6,2,59.9,74,6.88,32,43,hard,medium,1,2,52.4,9,1
Algorithms Assignment,assignment,13,10,70.4,17,6.14,8,44,medium,high,5,0,54.4,5,1
Module Exam (Sem 4),exam,5,5,48.3,21,7.26,25,97,hard,medium,5,0,63.3,9,1
Unit Test (Sem 3),exam,11,9,62.5,52,6.04,15,23,medium,medium,3,6,45.1,9,1
Software Engineering Assignment,assignment,27,26,73.9,61,6.09,49,56,easy,medium,9,4,45.7,13,1
Unit Test (Sem 1),exam,26,26,18.6,88,4.85,19,49,easy,low,1,3,23.3,-3,0
Data Structures Assignment,assignment,6,6,3.6,84,7.08,8,70,easy,medium,1,2,29.0,-3,0
OS Assignment (Sem 4),assignment,29,28,15.6,44,4.18,14,45,very_hard,medium,2,6,63.6,9,1
Digital Electronics Lab,lab_experiment,30,26,61.3,67,5.3,17,46,easy,high,0,5,40.3,-3,0
Digital Electronics Lab (Sem 6),lab_experiment,19,18,35.7,13,5.09,27,58,medium,medium,6,0,55.1,13,1
End-Semester Exam (Sem 2),exam,7,4,61.2,90,5.73,7,20,medium,low,4,3,43.7,10,1
Weekly Test #2,exam,30,27,15.9,8,9.37,35,96,medium,low,10,3,47.9,11,1
Software Engineering Assignment,assignment,7,4,32.6,75,9.87,15,18,medium,low,3,4,36.5,0,0
Networking Assignment #4,assignment,29,24,61.5,75,5.64,46,61,medium,high,6,3,57.6,9,1
Unit Test,exam,11,8,40.3,80,9.65,6,22,hard,high,7,5,53.6,1,1
Embedded Systems Lab,lab_experiment,13,9,50.2,97,4.46,38,73,hard,medium,10,3,52.4,0,0
Module Exam,exam,13,13,31.3,40,9.12,33,68,easy,low,10,6,40.3,-1,0
IOT Lab Experiment #4,lab_experiment,25,22,39.5,14,7.41,36,94,hard,medium,7,3,63.8,9,1
Digital Electronics Lab #1,lab_experiment,19,15,77.7,78,8.06,23,51,easy,high,2,6,34.7,-1,0
Surprise Test #1,exam,6,3,28.3,45,6.47,8,94,medium,medium,4,4,61.8,2,1
Algorithms Assignment,assignment,4,0,26.8,58,7.95,32,82,medium,medium,0,5,56.6,8,1
Math Assignment #4,assignment,18,18,64.9,12,8.15,18,53,medium,high,10,2,55.4,3,1
Practical Exam #4,exam,20,20,67.4,68,5.28,21,16,medium,high,3,4,52.5,12,1
Computer Graphics Assignment #1,assignment,6,2,64.3,60,6.56,27,19,hard,medium,4,3,65.7,11,1
Internal Assessment #4,exam,23,19,36.8,97,7.29,6,90,hard,critical,9,3,59.2,4,1
ML Model Project (Sem 7),project,28,23,5.7,25,6.19,14,40,easy,high,4,6,55.4,7,1
IoT Based Project #1,project,10,8,52.0,32,8.12,20,61,medium,low,0,1,22.6,-1,0
Capstone Project #5,project,20,20,17.0,34,4.82,21,45,hard,low,0,5,47.3,8,1
Data Structures Assignment (Sem 6),assignment,9,9,72.1,52,9.38,47,94,very_hard,medium,2,1,47.3,-3,0
Machine Learning Assignment #5,assignment,28,28,19.8,15,8.64,25,52,hard,high,3,3,58.5,4,1
DBMS Lab - SQL Queries #2,lab_experiment,17,14,21.1,75,4.34,39,57,hard,low,8,3,51.9,8,1
AI Lab - Search Algorithms #2,lab_experiment,24,22,65.9,2,7.87,43,14,hard,high,0,5,57.9,13,1
AI Lab - Search Algorithms #5,lab_experiment,25,20,29.7,87,4.73,20,66,medium,critical,6,2,58.6,5,1
Networking Assignment,assignment,32,29,50.9,98,7.87,7,45,very_hard,high,7,3,54.1,0,0
Online Quiz (Sem 3),exam,12,8,6.2,53,7.61,40,51,medium,low,0,5,28.4,-2,0
Research Project,project,22,20,25.8,10,4.66,20,76,hard,high,10,6,79.0,3,1
IoT Based Project (Sem 8),project,6,4,14.7,75,8.96,23,35,easy,medium,6,3,41.3,14,1
OS Lab - Process Scheduling,lab_experiment,15,14,21.7,21,4.3,44,64,hard,low,5,1,59.2,10,1
Data Structures Assignment #5,assignment,31,26,40.0,28,8.28,17,44,medium,medium,2,3,38.1,-2,0
AI Lab - Search Algorithms,lab_experiment,14,13,3.3,33,5.41,33,41,medium,high,7,0,58.7,1,1
Research Project (Sem 7),project,11,6,31.3,54,8.42,21,19,easy,low,5,1,36.3,0,0
Surprise Test,exam,12,8,50.0,38,9.87,47,57,easy,critical,0,4,45.1,3,1
Unit Test #5,exam,31,28,11.4,40,8.26,32,28,medium,medium,2,3,37.2,-1,0
Online Quiz (Sem 5),exam,28,26,41.8,55,9.36,25,72,hard,low,10,5,48.5,0,0
Networking Assignment,assignment,5,5,38.1,20,8.24,32,24,very_hard,critical,0,3,73.2,6,1
Capstone Project (Sem 2),project,28,27,10.8,11,5.22,23,33,hard,high,4,4,74.1,11,1
Computer Vision Lab #1,lab_experiment,29,29,20.4,63,8.06,26,13,medium,critical,1,3,44.0,-1,0
Math Assignment,assignment,19,14,53.1,58,7.77,22,86,hard,medium,0,5,37.6,0,0
Surprise Test,exam,30,25,23.4,7,8.46,40,87,medium,medium,2,1,40.6,0,0
Data Structures Assignment #2,assignment,27,24,23.5,96,9.73,14,25,medium,high,4,5,41.2,-2,0
End-Semester Exam #3,exam,17,14,38.6,72,7.6,10,64,hard,high,6,5,55.6,7,1
Data Structures Assignment #5,assignment,22,21,52.2,91,4.93,36,77,hard,medium,4,3,50.4,7,1
Web Dev Assignment,assignment,23,21,67.5,66,6.57,41,16,hard,critical,8,0,62.9,9,1
Mobile App Development (Sem 8),project,27,23,65.2,45,5.53,10,74,easy,high,7,1,51.0,13,1
Embedded Systems Lab #1,lab_experiment,33,28,24.5,75,8.34,47,67,hard,medium,2,1,34.7,-2,0
Computer Graphics Assignment #3,assignment,17,17,1.5,14,4.08,46,71,medium,medium,10,5,66.8,10,1
ML Model Project (Sem 6),project,26,21,54.3,38,4.53,13,11,easy,high,3,6,54.7,1,1
IOT Lab Experiment #2,lab_experiment,31,26,68.8,68,5.15,24,69,easy,medium,1,1,28.8,-2,0
Capstone Project #4,project,19,18,16.9,72,8.98,30,16,medium,low,6,3,34.6,0,0
Mid-Semester Exam #4,exam,20,16,58.2,86,9.43,36,39,hard,medium,6,4,46.4,6,1
Algorithms Assignment,assignment,19,15,75.2,44,6.69,32,12,easy,high,7,2,50.4,8,1
Digital Electronics Lab (Sem 6),lab_experiment,32,27,52.9,16,9.3,50,59,very_hard,high,10,5,78.8,12,1
Weekly Test #2,exam,27,22,7.8,61,4.77,17,30,hard,low,6,3,52.5,5,1
DS Lab - Linked List,lab_experiment,13,11,29.2,20,5.05,37,14,hard,medium,1,4,57.7,4,1
Machine Learning Assignment #2,assignment,12,10,61.8,98,9.27,22,29,very_hard,critical,9,5,67.6,2,1
Web Dev Assignment,assignment,29,25,49.2,13,8.94,7,74,easy,high,3,2,43.1,-2,0
Weekly Test (Sem 8),exam,27,27,13.2,46,6.01,13,25,hard,medium,6,6,59.1,13,1
Networking Assignment #4,assignment,17,16,7.7,47,8.29,31,56,hard,medium,8,3,51.7,13,1
Network Lab - Packet Analysis #4,lab_experiment,31,28,76.2,66,8.77,28,13,medium,high,8,0,41.6,2,1
Practical Exam #4,exam,4,1,61.0,84,9.54,14,83,easy,high,10,4,64.6,5,1
Mobile App Development (Sem 5),project,25,23,72.8,1,8.96,38,88,very_hard,high,7,5,80.6,4,1
IoT Based Project #4,project,2,2,43.5,49,8.35,13,76,very_hard,medium,1,4,62.5,9,1
Module Exam,exam,4,0,47.8,30,8.99,24,64,very_hard,low,0,6,71.4,6,1
Module Exam,exam,29,24,75.4,57,5.79,5,68,medium,medium,9,4,52.1,12,1
Compiler Lab - Lexical Analysis (Sem 5),lab_experiment,30,25,46.2,17,8.29,38,41,easy,medium,3,6,44.4,-1,0
Mini Project #2,project,2,2,5.9,16,6.86,33,19,medium,medium,9,4,73.1,9,1
ML Model Project (Sem 8),project,16,13,55.4,62,8.39,31,30,easy,low,7,1,27.7,-3,0
IOT Lab Experiment (Sem 1),lab_experiment,9,5,30.2,15,7.61,31,24,easy,high,0,4,48.1,3,1
Math Assignment #3,assignment,12,9,3.2,18,4.85,42,63,easy,critical,4,1,64.6,3,1
Final Year Project,project,27,27,34.0,73,5.86,33,53,hard,medium,9,1,52.7,13,1
Digital Electronics Lab (Sem 8),lab_experiment,15,14,69.4,41,4.54,44,95,hard,medium,6,2,62.2,9,1
Web Dev Assignment,assignment,22,22,46.2,98,8.24,40,92,easy,high,3,4,33.4,-3,0
IOT Lab Experiment,lab_experiment,25,21,15.2,2,5.65,18,41,hard,high,9,3,76.4,2,1
Online Quiz #5,exam,27,27,27.9,23,6.49,38,50,medium,low,1,4,40.2,-2,0
Unit Test,exam,6,4,76.2,86,5.02,44,51,easy,high,4,3,55.2,2,1
Unit Test #4,exam,12,12,5.1,30,8.51,42,40,medium,high,6,0,50.2,5,1
Math Assignment,assignment,15,15,33.2,29,9.48,6,44,hard,high,1,1,43.8,13,1
AI Lab - Search Algorithms #5,lab_experiment,7,2,40.5,100,9.81,28,79,very_hard,high,8,3,70.8,9,1
Final Year Project (Sem 8),project,14,9,77.8,0,4.36,35,44,hard,high,6,2,76.5,14,1
Computer Vision Lab,lab_experiment,10,5,43.2,8,5.8,30,99,easy,low,8,2,58.4,7,1
Computer Vision Lab (Sem 6),lab_experiment,32,30,51.2,96,8.25,22,41,hard,medium,3,3,35.0,-1,0
DBMS Assignment,assignment,28,28,54.1,52,7.33,49,100,medium,medium,1,6,42.5,11,1
Machine Learning Assignment (Sem 8),assignment,5,3,77.8,48,8.96,27,59,easy,high,0,0,40.1,0,0
Internal Assessment,exam,23,23,60.9,87,9.53,27,34,easy,high,4,6,39.3,-2,0
IOT Lab Experiment #3,lab_experiment,20,15,56.9,26,4.04,45,60,easy,medium,8,3,55.3,3,1
Computer Vision Lab,lab_experiment,19,18,59.9,16,5.56,41,39,very_hard,high,4,1,76.9,14,1
Machine Learning Assignment (Sem 5),assignment,20,17,1.2,54,7.85,46,16,very_hard,medium,6,2,57.8,2,1
Capstone Project (Sem 1),project,7,7,23.0,53,7.19,25,10,medium,medium,9,6,59.9,1,1
Embedded Systems Lab,lab_experiment,7,5,25.6,80,7.75,6,71,medium,low,10,2,36.6,-1,0
DBMS Lab - SQL Queries #4,lab_experiment,26,26,65.9,66,8.76,9,86,hard,high,10,3,52.7,10,1
OS Assignment #1,assignment,15,10,6.1,16,4.37,33,17,medium,high,1,0,50.1,11,1
Machine Learning Assignment #1,assignment,12,12,49.8,52,5.4,43,94,hard,medium,7,6,65.9,7,1
Math Assignment (Sem 8),assignment,14,10,16.2,13,4.07,50,18,hard,high,9,1,73.4,11,1
Practical Exam (Sem 8),exam,22,19,15.7,17,8.78,8,26,medium,medium,10,6,52.4,6,1
Surprise Test,exam,17,15,48.7,37,6.21,5,76,hard,high,0,1,44.1,9,1
Software Engineering Assignment,assignment,21,20,63.0,43,5.14,35,98,hard,medium,5,6,66.9,10,1
Surprise Test #3,exam,5,5,36.9,5,6.98,5,91,medium,medium,9,1,59.5,4,1
IoT Based Project #4,project,5,5,29.7,9,6.15,40,24,easy,medium,10,4,63.2,13,1
Mid-Semester Exam,exam,10,9,18.3,33,8.31,26,80,medium,low,2,6,37.0,-1,0
Data Structures Assignment (Sem 7),assignment,25,25,27.7,26,5.83,20,57,hard,high,8,6,75.8,10,1
Mini Project,project,26,25,16.1,48,8.17,25,86,medium,high,0,6,39.9,-2,0
Unit Test,exam,22,20,70.0,65,9.81,36,36,hard,high,10,4,57.6,2,1
Digital Electronics Lab #4,lab_experiment,19,16,15.1,91,6.24,49,71,hard,medium,4,4,48.7,7,1
Networking Assignment #2,assignment,28,27,32.3,39,6.55,29,83,easy,high,4,4,52.1,2,1
DBMS Lab - SQL Queries (Sem 8),lab_experiment,12,11,47.1,59,7.07,26,64,medium,medium,5,6,50.8,8,1
Viva Voce,exam,15,14,22.0,9,6.15,10,47,hard,medium,10,0,56.2,13,1
Internal Assessment,exam,11,11,44.1,42,5.18,26,42,medium,high,10,6,66.2,5,1
Computer Vision Lab,lab_experiment,26,24,23.3,44,8.7,30,61,hard,high,0,3,44.2,-2,0
Group Project - Web App #2,project,11,7,47.4,70,8.55,34,53,hard,medium,3,3,49.4,13,1
Group Project - Web App (Sem 8),project,2,0,12.0,16,5.83,5,73,hard,high,5,1,93.3,7,1
Mobile App Development #5,project,18,18,45.8,4,9.53,14,52,hard,high,9,4,67.6,14,1
Mobile App Development,project,20,17,15.9,13,5.97,33,91,very_hard,low,1,5,63.7,9,1
OS Lab - Process Scheduling,lab_experiment,6,5,6.5,49,5.7,19,47,hard,low,0,2,46.1,9,1
DBMS Assignment #3,assignment,5,5,11.2,53,6.87,9,59,very_hard,critical,2,6,79.3,4,1
Online Quiz (Sem 3),exam,20,18,47.4,64,8.3,34,45,medium,critical,7,0,50.6,14,1
Industry Internship Project (Sem 6),project,31,28,37.4,73,4.23,10,46,hard,critical,5,5,73.4,14,1
Online Quiz #5,exam,8,7,72.1,93,6.59,29,94,easy,high,6,5,54.3,1,1
Network Lab - Packet Analysis (Sem 5),lab_experiment,29,29,56.1,92,9.41,36,62,very_hard,high,5,0,52.2,13,1
Machine Learning Assignment #3,assignment,7,5,17.4,5,6.77,9,91,hard,high,6,2,75.9,12,1
Group Project - Web App,project,8,8,57.0,17,5.96,34,72,medium,low,10,1,52.0,12,1
Research Project,project,5,5,49.0,22,5.76,39,60,easy,high,0,5,59.5,5,1
IOT Lab Experiment,lab_experiment,22,22,71.5,68,5.3,49,16,hard,high,10,5,70.3,12,1
Software Engineering Assignment,assignment,19,19,4.8,48,8.6,20,57,very_hard,low,0,3,38.4,-3,0
Math Assignment,assignment,30,30,64.0,85,5.01,15,15,medium,low,5,2,38.5,9,1
Computer Vision Lab #2,lab_experiment,4,3,17.9,45,5.94,5,61,hard,low,3,3,63.5,4,1
Algorithms Assignment,assignment,3,2,33.5,98,7.59,11,78,hard,critical,9,1,65.5,5,1
Computer Graphics Assignment (Sem 7),assignment,34,29,11.5,22,7.81,49,50,very_hard,high,1,2,59.5,1,1
Mobile App Development (Sem 4),project,23,18,79.1,29,4.13,12,49,medium,medium,3,4,52.4,2,1
DBMS Assignment #3,assignment,7,6,30.7,82,4.23,43,66,hard,medium,4,2,58.9,11,1
Machine Learning Assignment,assignment,12,7,27.2,31,5.23,8,95,very_hard,high,3,4,81.6,14,1
Open Source Contribution #3,project,20,20,6.1,62,4.42,17,16,hard,low,3,1,42.3,-3,0
Computer Vision Lab,lab_experiment,16,16,34.7,59,5.87,17,41,medium,high,4,2,52.9,10,1
Group Project - Web App,project,32,30,32.5,21,6.82,32,74,hard,medium,2,6,57.0,13,1
Final Year Project,project,26,24,48.0,19,7.32,16,42,medium,medium,4,3,50.8,9,1
Mini Project (Sem 3),project,16,15,13.2,24,4.03,37,57,medium,critical,6,5,78.9,6,1
Capstone Project #3,project,28,28,79.4,15,6.31,41,30,easy,medium,4,6,53.1,13,1
Module Exam (Sem 6),exam,6,1,31.4,54,8.41,20,71,easy,high,10,5,73.2,11,1
DBMS Assignment (Sem 8),assignment,6,4,20.5,74,9.71,15,11,easy,low,6,3,35.7,-3,0
Embedded Systems Lab #2,lab_experiment,24,22,40.6,68,7.95,29,85,medium,medium,1,0,22.3,-1,0
AI Lab - Search Algorithms (Sem 7),lab_experiment,9,9,79.0,62,4.01,9,99,medium,medium,4,5,50.5,7,1
Network Lab - Packet Analysis (Sem 3),lab_experiment,5,4,39.4,64,9.69,33,82,hard,low,0,5,40.5,-2,0
AI Lab - Search Algorithms (Sem 8),lab_experiment,33,29,9.6,81,5.0,23,20,medium,medium,5,0,41.1,-2,0
Capstone Project,project,8,8,53.6,5,4.58,38,10,medium,medium,4,3,60.8,8,1
Surprise Test #4,exam,23,21,80.0,30,9.65,47,61,medium,low,5,6,48.7,6,1
Data Structures Assignment (Sem 7),assignment,27,26,3.0,15,9.21,22,99,hard,medium,7,4,59.2,11,1
Open Source Contribution,project,22,20,2.3,46,9.24,25,96,medium,high,6,5,55.3,10,1
Math Assignment (Sem 8),assignment,32,27,72.5,93,6.31,43,34,hard,critical,9,6,67.7,14,1
DBMS Assignment #4,assignment,31,26,79.7,59,5.01,33,24,medium,medium,3,1,42.5,-2,0
OS Assignment,assignment,31,29,72.3,98,5.68,21,95,medium,critical,1,5,50.5,-2,0
Mini Project (Sem 4),project,28,24,6.1,43,6.26,50,58,hard,high,6,6,70.4,4,1
AI Lab - Search Algorithms,lab_experiment,3,3,27.9,75,9.62,12,83,medium,critical,6,4,69.2,12,1
Algorithms Assignment #1,assignment,15,13,61.9,86,9.6,13,76,hard,high,1,3,37.1,-3,0
IoT Based Project,project,20,15,37.0,76,5.7,47,99,easy,medium,8,5,49.5,2,1
Surprise Test #4,exam,14,9,77.4,7,9.89,26,29,hard,medium,3,5,57.2,12,1
DBMS Assignment #4,assignment,31,26,73.1,20,9.95,40,60,medium,high,5,6,62.0,7,1
Mini Project #5,project,23,22,56.4,70,6.36,13,51,hard,high,0,6,46.3,-1,0
Research Project #5,project,25,22,24.0,18,5.26,17,93,easy,high,9,0,55.1,11,1
Embedded Systems Lab,lab_experiment,5,3,78.0,22,9.67,12,75,hard,high,2,5,71.8,12,1
Group Project - Web App,project,15,12,24.9,76,9.73,46,58,hard,critical,10,5,66.4,2,1
Mobile App Development #3,project,0,0,10.2,15,6.94,47,75,medium,high,9,3,89.7,5,1
Computer Graphics Assignment #2,assignment,25,20,35.3,73,4.75,25,18,hard,critical,8,1,66.9,7,1
Software Engineering Assignment,assignment,20,16,43.6,83,4.74,18,94,very_hard,low,9,5,60.2,3,1
Machine Learning Assignment,assignment,2,1,46.4,83,4.97,40,42,very_hard,low,1,4,73.4,5,1
Module Exam (Sem 7),exam,1,0,24.7,66,9.43,23,94,medium,low,7,5,64.1,6,1
Surprise Test (Sem 4),exam,8,3,65.8,30,4.22,14,48,very_hard,medium,2,4,79.4,9,1
Computer Vision Lab,lab_experiment,27,23,34.3,70,5.53,29,93,very_hard,medium,1,2,50.9,11,1
Research Project,project,25,20,22.3,81,8.18,17,57,hard,high,8,4,52.5,3,1
Research Project #3,project,4,0,20.6,34,4.75,12,97,medium,low,10,0,69.4,6,1
Viva Voce #2,exam,0,0,30.8,28,6.27,11,25,easy,high,4,4,77.5,14,1
Mini Project (Sem 6),project,20,18,44.6,77,4.59,8,31,medium,high,2,2,42.4,0,0
Industry Internship Project,project,25,21,57.3,84,4.76,29,82,hard,low,10,2,47.1,12,1
Computer Vision Lab,lab_experiment,16,14,64.1,64,5.72,32,76,very_hard,critical,3,2,73.4,11,1
Algorithms Assignment,assignment,20,20,7.1,30,9.67,15,83,easy,high,8,3,48.5,13,1
Software Engineering Assignment #5,assignment,19,15,55.1,86,9.33,49,25,medium,high,0,5,34.7,0,0
Internal Assessment (Sem 1),exam,15,14,54.3,97,7.14,19,32,easy,high,8,2,38.5,-3,0
Capstone Project #4,project,5,3,73.2,31,8.99,12,47,medium,medium,3,0,49.0,12,1
Group Project - Web App #3,project,32,28,68.0,7,6.13,44,68,medium,medium,0,2,42.0,-2,0
IoT Based Project #1,project,16,15,7.7,65,9.39,31,25,very_hard,low,10,2,49.1,4,1
Mobile App Development #3,project,14,13,43.4,34,4.65,33,94,hard,low,5,5,63.5,7,1
Math Assignment,assignment,9,9,11.6,53,8.46,7,30,hard,critical,10,2,61.1,2,1
Capstone Project (Sem 8),project,23,22,26.7,97,8.68,30,74,hard,high,6,1,44.6,2,1
Data Structures Assignment #2,assignment,16,16,61.6,30,4.31,26,64,very_hard,high,6,3,79.6,5,1
Weekly Test,exam,20,19,58.6,23,5.5,12,43,very_hard,medium,6,1,68.6,8,1
Machine Learning Assignment,assignment,31,27,50.7,19,5.38,13,61,easy,critical,2,3,59.5,1,1
DBMS Lab - SQL Queries #1,lab_experiment,18,16,56.3,29,5.33,32,71,easy,medium,0,2,36.4,-3,0
Practical Exam (Sem 6),exam,14,13,26.3,6,5.09,5,16,hard,medium,4,3,64.3,5,1
Software Engineering Assignment #2,assignment,13,11,25.0,12,8.01,48,80,hard,low,5,5,59.4,13,1
Surprise Test,exam,22,20,17.6,49,4.52,11,26,hard,high,0,4,53.3,11,1
DS Lab - Linked List,lab_experiment,34,30,49.9,38,8.35,17,78,hard,low,3,3,41.1,9,1
Module Exam #3,exam,25,20,10.3,55,4.41,31,77,very_hard,medium,0,1,49.1,10,1
Unit Test (Sem 1),exam,6,1,16.0,50,6.97,39,75,very_hard,low,8,3,84.9,9,1
Mobile App Development,project,5,5,13.6,27,7.55,5,75,medium,high,8,2,59.1,5,1
AI Lab - Search Algorithms,lab_experiment,7,7,43.2,37,4.23,14,45,very_hard,medium,0,5,67.0,4,1
Digital Electronics Lab (Sem 1),lab_experiment,16,11,48.8,47,5.95,50,80,medium,low,9,2,49.6,6,1
Data Structures Assignment (Sem 4),assignment,32,30,15.0,2,7.22,42,23,hard,high,10,2,71.8,14,1
IOT Lab Experiment #2,lab_experiment,10,6,50.8,96,6.37,33,39,hard,medium,2,3,46.1,-3,0
Research Project,project,10,6,39.8,93,5.08,23,12,medium,critical,6,5,71.7,10,1
DBMS Lab - SQL Queries #2,lab_experiment,10,7,72.8,51,4.6,38,27,hard,high,9,0,70.6,7,1
Final Year Project (Sem 1),project,29,29,11.4,98,4.5,14,90,hard,high,0,6,45.8,2,1
End-Semester Exam #2,exam,28,24,71.5,20,5.84,35,29,medium,medium,4,5,61.5,9,1
Data Structures Assignment (Sem 2),assignment,9,9,41.4,53,4.85,19,13,medium,medium,5,5,56.3,5,1
Embedded Systems Lab,lab_experiment,4,3,9.0,36,6.14,44,52,easy,critical,1,0,60.2,10,1
Network Lab - Packet Analysis (Sem 6),lab_experiment,10,5,34.6,85,8.12,44,46,medium,low,7,5,45.4,6,1
End-Semester Exam (Sem 3),exam,6,4,12.7,57,8.33,35,18,easy,medium,4,1,39.1,-3,0
Unit Test #2,exam,13,10,34.5,88,9.84,43,91,medium,high,10,1,40.7,0,0
Open Source Contribution (Sem 8),project,18,17,31.4,74,8.29,38,83,hard,high,3,5,52.0,2,1
Compiler Lab - Lexical Analysis,lab_experiment,15,11,38.4,17,9.53,8,54,medium,high,2,2,44.4,8,1
Digital Electronics Lab,lab_experiment,27,26,5.4,17,4.7,49,100,easy,high,6,2,62.5,1,1
Computer Graphics Assignment (Sem 8),assignment,28,27,3.4,46,4.85,20,19,easy,high,6,1,51.8,13,1
IOT Lab Experiment #2,lab_experiment,18,13,27.6,100,7.87,5,46,easy,low,10,0,15.5,-2,0
OS Lab - Process Scheduling (Sem 7),lab_experiment,33,30,44.8,33,9.51,37,49,hard,medium,2,2,44.1,-3,0
Research Project (Sem 7),project,2,1,32.0,95,9.86,43,19,hard,medium,5,5,72.3,11,1
Mobile App Development #2,project,23,20,16.4,13,4.63,28,87,hard,medium,3,2,60.2,3,1
OS Assignment #2,assignment,10,6,16.9,4,5.44,10,82,hard,high,7,0,77.2,1,1
End-Semester Exam #3,exam,26,24,76.7,64,5.17,30,55,very_hard,high,1,2,59.2,7,1
Machine Learning Assignment (Sem 1),assignment,28,25,38.7,4,5.74,14,97,medium,critical,1,5,68.6,4,1
Network Lab - Packet Analysis #2,lab_experiment,26,25,27.8,46,7.74,32,15,very_hard,high,6,1,63.0,4,1
DBMS Assignment,assignment,25,25,12.3,39,7.28,10,73,easy,medium,4,1,37.2,-3,0
Surprise Test,exam,3,2,57.1,58,5.55,35,42,hard,medium,2,0,59.9,10,1
Final Year Project #3,project,17,13,73.5,16,6.64,37,89,very_hard,medium,10,3,71.5,9,1
ML Model Project (Sem 1),project,26,25,56.3,71,4.05,11,47,medium,high,1,1,38.9,0,0
Mini Project #3,project,24,20,72.1,59,4.65,16,23,very_hard,critical,6,1,76.8,7,1
End-Semester Exam (Sem 6),exam,16,15,56.5,60,4.69,34,14,medium,critical,2,5,62.4,4,1
Surprise Test,exam,31,29,63.4,60,5.28,18,12,very_hard,high,4,2,67.8,11,1
DBMS Lab - SQL Queries #2,lab_experiment,12,12,24.6,91,6.71,31,77,medium,critical,2,6,50.9,-3,0
Software Engineering Assignment,assignment,8,6,75.4,61,6.85,49,30,very_hard,medium,9,3,71.7,14,1
Machine Learning Assignment,assignment,28,23,46.7,18,5.94,25,11,easy,medium,2,3,45.9,14,1
End-Semester Exam (Sem 5),exam,23,23,79.1,16,7.81,45,84,easy,medium,3,3,41.3,-2,0
Group Project - Web App,project,25,21,76.5,47,8.88,6,48,very_hard,medium,1,5,49.2,8,1
Mobile App Development #4,project,30,26,34.6,97,6.01,16,68,medium,low,9,1,29.2,0,0
ML Model Project (Sem 5),project,19,19,79.6,13,4.54,6,88,very_hard,low,9,4,71.0,2,1
Open Source Contribution (Sem 1),project,12,9,17.7,99,6.73,29,24,easy,medium,1,2,20.1,0,0
Mobile App Development,project,18,16,22.1,84,5.59,31,96,medium,critical,6,0,56.3,1,1
DBMS Assignment #3,assignment,9,5,79.4,30,7.33,30,34,hard,medium,0,6,57.0,10,1
Research Project #4,project,30,28,41.9,55,5.39,50,26,medium,high,6,6,66.0,13,1
Module Exam,exam,2,2,3.0,1,7.77,42,29,easy,high,1,4,62.0,7,1
DBMS Assignment,assignment,12,7,71.9,38,5.16,20,58,hard,high,4,0,68.4,3,1
Computer Graphics Assignment #1,assignment,33,29,10.7,18,5.69,16,21,easy,high,3,3,55.0,2,1
Final Year Project #4,project,35,30,7.0,87,6.52,25,91,very_hard,high,2,2,52.1,1,1
Computer Vision Lab,lab_experiment,12,10,39.2,78,7.6,5,30,medium,medium,1,1,19.9,-3,0
Machine Learning Assignment,assignment,29,27,10.1,27,4.18,13,38,easy,high,2,2,47.9,5,1
Group Project - Web App (Sem 6),project,22,17,24.3,95,8.85,32,75,very_hard,critical,4,1,58.2,4,1
Online Quiz,exam,26,25,76.3,62,6.6,33,64,hard,medium,5,4,55.9,2,1
Mobile App Development #2,project,33,28,65.7,57,5.0,7,75,medium,medium,9,6,54.3,11,1
Online Quiz,exam,27,25,34.9,23,6.15,9,37,hard,medium,5,0,53.3,1,1
Mid-Semester Exam #3,exam,20,18,72.0,71,4.4,23,87,medium,medium,8,2,47.1,12,1
Computer Graphics Assignment #4,assignment,28,26,16.7,6,8.82,36,15,very_hard,medium,1,3,56.4,3,1
Surprise Test (Sem 4),exam,2,0,2.4,100,9.14,5,69,medium,high,6,0,57.5,9,1
Math Assignment #1,assignment,6,3,58.1,35,5.9,27,61,easy,high,7,4,75.7,1,1
ML Model Project (Sem 8),project,30,30,67.6,79,4.62,19,16,hard,low,5,6,53.1,12,1
Group Project - Web App,project,25,23,65.5,68,9.94,49,16,medium,high,1,0,31.3,-1,0
Algorithms Assignment #3,assignment,23,22,74.1,74,6.76,13,50,very_hard,high,6,5,68.5,8,1
Machine Learning Assignment (Sem 4),assignment,20,15,39.7,35,5.93,35,38,easy,high,1,2,45.5,-2,0
DBMS Lab - SQL Queries,lab_experiment,6,6,54.0,59,8.91,17,72,easy,medium,9,6,47.9,9,1
Viva Voce (Sem 3),exam,4,3,18.3,46,6.31,33,89,medium,high,3,0,60.1,5,1
Research Project,project,14,14,59.9,30,4.1,34,33,medium,medium,8,3,58.4,6,1
End-Semester Exam #5,exam,14,13,12.9,64,6.59,26,16,medium,medium,0,5,34.8,0,0
Group Project - Web App #3,project,9,5,22.8,77,6.96,32,23,hard,high,1,1,49.8,2,1
Data Structures Assignment,assignment,6,2,9.0,28,9.3,49,61,medium,low,4,3,57.3,4,1
DS Lab - Linked List (Sem 5),lab_experiment,21,19,59.0,12,5.11,49,89,medium,medium,3,1,53.5,6,1
DBMS Assignment #2,assignment,4,4,53.6,54,6.0,16,43,very_hard,low,0,4,51.8,6,1
Industry Internship Project,project,15,15,4.6,2,7.4,23,39,medium,low,2,6,47.9,2,1
Algorithms Assignment #3,assignment,25,23,79.2,32,7.98,21,56,medium,high,4,5,54.7,6,1
Mini Project,project,14,13,53.1,18,6.14,6,41,hard,high,6,2,65.0,4,1
Networking Assignment #4,assignment,33,28,54.6,57,9.92,38,32,medium,high,5,3,50.4,10,1
ML Model Project,project,22,18,56.4,78,4.74,34,82,very_hard,high,4,0,61.8,1,1
Research Project (Sem 3),project,32,30,50.3,85,4.98,36,46,easy,medium,7,0,36.6,4,1
Surprise Test #1,exam,9,9,35.0,84,9.0,8,42,easy,critical,8,5,49.0,13,1
DBMS Lab - SQL Queries (Sem 3),lab_experiment,9,6,47.2,10,5.74,7,70,very_hard,medium,10,5,86.7,7,1
Mobile App Development #1,project,21,19,14.7,55,8.07,25,84,easy,high,4,1,37.5,0,0
AI Lab - Search Algorithms #3,lab_experiment,23,18,37.4,23,6.26,32,22,easy,medium,5,4,51.6,11,1
Weekly Test #3,exam,16,13,37.4,71,4.16,31,21,hard,high,4,6,64.9,4,1
Unit Test,exam,27,24,10.9,85,4.04,38,68,hard,low,4,6,50.8,11,1
Math Assignment #5,assignment,21,18,55.6,7,4.73,42,96,medium,high,3,4,66.8,3,1
Research Project #2,project,22,20,57.8,0,8.83,44,98,medium,low,2,4,43.4,2,1
Networking Assignment #2,assignment,4,0,36.1,7,9.56,24,61,medium,low,3,6,70.0,14,1
Surprise Test #4,exam,9,4,2.7,18,8.91,47,40,easy,high,8,1,58.1,8,1
ML Model Project (Sem 2),project,17,15,53.7,50,6.31,11,69,medium,medium,0,2,30.1,0,0
Computer Graphics Assignment (Sem 1),assignment,9,9,52.0,84,7.72,7,55,very_hard,medium,7,2,47.9,1,1
Compiler Lab - Lexical Analysis #5,lab_experiment,33,28,42.5,65,4.38,46,29,medium,high,5,3,59.6,12,1
AI Lab - Search Algorithms,lab_experiment,34,29,39.2,60,7.64,16,83,hard,medium,10,4,49.6,5,1
Compiler Lab - Lexical Analysis (Sem 6),lab_experiment,22,19,6.3,3,9.11,15,39,easy,low,10,3,41.9,-1,0
DS Lab - Linked List (Sem 3),lab_experiment,31,28,60.7,53,9.53,8,88,medium,low,1,3,24.2,-1,0
DBMS Assignment (Sem 2),assignment,17,14,11.5,81,7.44,17,35,medium,medium,4,1,34.5,-2,0
Embedded Systems Lab,lab_experiment,18,18,50.7,85,4.58,7,27,very_hard,medium,6,4,61.7,9,1
Math Assignment,assignment,27,26,46.1,60,7.01,27,89,very_hard,critical,1,3,64.7,7,1
Mini Project,project,29,25,24.6,15,6.99,8,86,medium,low,4,6,49.8,5,1
IoT Based Project #1,project,6,2,46.5,66,9.59,37,49,medium,low,1,4,41.5,0,0
Mid-Semester Exam #1,exam,9,8,27.4,97,4.36,18,80,hard,medium,10,0,44.4,-2,0
Mini Project #5,project,5,2,48.3,78,9.58,40,71,very_hard,medium,0,0,48.4,1,1
Open Source Contribution #2,project,17,15,62.7,29,4.13,8,13,hard,high,8,4,72.0,14,1
Final Year Project,project,15,12,55.9,55,8.21,40,27,easy,low,9,2,32.0,-1,0
Compiler Lab - Lexical Analysis,lab_experiment,7,7,47.5,29,6.48,39,82,easy,high,3,6,62.1,1,1
Data Structures Assignment,assignment,9,9,25.8,77,7.93,20,47,easy,medium,10,0,26.6,-3,0
Algorithms Assignment #5,assignment,27,22,65.3,28,6.66,24,56,hard,medium,10,1,55.8,9,1
Practical Exam,exam,14,11,56.7,79,6.92,10,36,very_hard,high,8,1,59.2,5,1
DBMS Lab - SQL Queries,lab_experiment,12,7,35.8,97,6.72,12,12,medium,low,4,4,39.8,7,1
End-Semester Exam (Sem 5),exam,15,12,2.5,48,6.31,7,38,medium,low,6,4,44.1,1,1
Mid-Semester Exam,exam,33,29,60.6,43,9.54,21,85,medium,low,9,3,39.5,0,0
OS Assignment (Sem 7),assignment,34,29,23.7,68,6.78,41,82,hard,medium,6,3,53.5,12,1
Network Lab - Packet Analysis (Sem 5),lab_experiment,32,30,7.8,31,8.63,23,53,hard,low,4,2,44.1,-1,0
Surprise Test #1,exam,23,18,26.4,33,9.09,33,69,easy,low,0,2,20.7,0,0
Embedded Systems Lab #1,lab_experiment,32,28,44.6,8,6.64,21,45,medium,medium,3,5,54.5,3,1
Computer Vision Lab,lab_experiment,20,20,15.6,64,9.16,42,50,easy,high,0,5,33.4,-1,0
Mid-Semester Exam (Sem 1),exam,9,7,9.6,64,6.66,37,19,medium,medium,5,6,58.9,14,1
Mini Project,project,2,0,49.0,46,6.01,31,93,medium,critical,4,4,88.9,1,1
Compiler Lab - Lexical Analysis,lab_experiment,33,29,3.0,77,5.27,25,75,hard,high,9,5,66.1,6,1
Embedded Systems Lab (Sem 1),lab_experiment,24,23,31.1,83,4.47,9,38,hard,critical,10,4,69.3,12,1
Open Source Contribution (Sem 1),project,20,15,42.4,56,5.9,17,83,medium,medium,3,6,49.5,13,1
Internal Assessment (Sem 6),exam,8,3,20.0,93,9.75,31,56,easy,high,1,2,38.5,0,0
IOT Lab Experiment (Sem 4),lab_experiment,27,26,74.1,31,8.66,31,96,hard,low,4,6,50.9,5,1
Practical Exam #1,exam,17,13,78.7,73,6.97,17,33,very_hard,low,1,3,41.1,-1,0
Mini Project #2,project,5,0,14.2,9,4.79,38,59,very_hard,medium,6,5,100.0,9,1
AI Lab - Search Algorithms #1,lab_experiment,22,18,49.7,92,4.27,27,67,very_hard,high,6,2,65.3,13,1
Research Project,project,28,28,47.9,47,8.04,34,58,medium,low,9,2,38.0,-3,0
AI Lab - Search Algorithms,lab_experiment,22,18,71.9,74,7.05,32,46,medium,medium,2,1,31.4,-3,0
Embedded Systems Lab (Sem 5),lab_experiment,32,28,25.8,44,5.71,12,46,medium,medium,2,2,42.4,5,1
Networking Assignment,assignment,10,6,67.3,96,5.01,43,15,very_hard,medium,3,0,57.1,8,1
Math Assignment (Sem 5),assignment,18,13,36.1,16,8.99,23,24,hard,critical,1,3,60.1,7,1
ML Model Project #1,project,28,23,10.2,45,8.82,19,19,medium,medium,4,3,40.9,-3,0
Mid-Semester Exam (Sem 2),exam,29,25,26.1,71,7.97,45,14,very_hard,high,3,1,53.3,10,1
Group Project - Web App #2,project,7,4,65.3,93,6.98,13,35,hard,low,8,6,52.7,12,1
OS Lab - Process Scheduling #4,lab_experiment,21,17,17.5,22,4.23,49,43,hard,high,3,5,73.5,6,1
Open Source Contribution,project,30,28,53.8,62,8.78,30,86,medium,medium,1,1,25.6,-3,0
Online Quiz,exam,24,21,10.1,59,9.74,47,24,medium,medium,2,6,38.9,0,0
Industry Internship Project,project,11,9,41.1,100,6.45,40,51,medium,medium,6,6,44.0,0,0
Mobile App Development #3,project,20,15,18.3,81,8.91,24,67,medium,high,2,4,37.2,-2,0
Computer Graphics Assignment,assignment,23,19,2.6,92,4.13,29,21,hard,medium,5,6,56.5,13,1
Data Structures Assignment #5,assignment,18,17,78.8,68,6.37,50,39,medium,low,5,2,40.4,0,0
Digital Electronics Lab,lab_experiment,27,27,60.7,67,4.62,30,72,easy,medium,0,1,26.6,-2,0
Algorithms Assignment (Sem 7),assignment,13,12,65.6,34,9.17,9,19,medium,high,6,0,46.1,-3,0
DBMS Lab - SQL Queries,lab_experiment,30,26,68.9,100,5.94,37,12,medium,medium,1,2,30.7,0,0
ML Model Project,project,33,30,45.3,61,5.71,49,78,medium,medium,7,5,57.7,7,1
Module Exam,exam,18,18,32.4,29,6.68,35,82,easy,medium,2,6,43.7,-3,0
Machine Learning Assignment #2,assignment,19,18,7.6,51,7.7,35,76,hard,high,3,0,46.3,13,1
ML Model Project (Sem 5),project,11,10,3.9,88,7.39,31,10,medium,medium,8,6,45.5,0,0
IoT Based Project #2,project,25,22,41.6,94,9.96,10,23,medium,low,2,6,23.2,-3,0
Digital Electronics Lab,lab_experiment,14,14,4.1,54,6.97,45,77,medium,high,8,3,56.7,7,1
Algorithms Assignment #1,assignment,28,23,22.4,41,7.69,28,82,hard,low,8,5,51.6,4,1
Module Exam #5,exam,15,14,75.0,95,8.32,13,31,medium,high,0,2,23.3,0,0
Network Lab - Packet Analysis,lab_experiment,14,9,15.8,88,4.56,34,52,easy,high,9,1,44.8,-3,0
Module Exam (Sem 6),exam,1,0,22.7,54,7.51,24,57,hard,medium,4,4,73.6,9,1
DBMS Lab - SQL Queries,lab_experiment,24,23,23.1,33,7.38,13,76,hard,high,5,4,66.7,13,1
Surprise Test,exam,1,0,79.1,11,9.58,44,28,easy,medium,0,2,56.2,2,1
DBMS Assignment #5,assignment,24,21,26.8,64,8.56,20,81,medium,high,7,2,45.2,5,1
Module Exam,exam,35,30,66.9,91,4.86,32,81,medium,high,4,5,54.0,2,1
IoT Based Project #2,project,30,27,61.9,44,8.37,18,88,hard,critical,3,3,60.0,6,1
OS Lab - Process Scheduling #2,lab_experiment,17,16,1.4,39,5.97,28,42,medium,low,4,0,42.0,-1,0
Mobile App Development #1,project,20,20,77.7,3,9.18,35,87,hard,medium,7,5,64.9,14,1
Data Structures Assignment (Sem 1),assignment,33,28,13.1,94,5.06,13,20,medium,high,0,3,35.5,-3,0
End-Semester Exam,exam,24,20,59.3,42,9.02,25,100,easy,critical,5,4,57.1,1,1
Mobile App Development,project,30,26,12.7,34,4.5,33,15,medium,low,8,3,52.5,3,1
Algorithms Assignment,assignment,13,10,45.9,89,4.52,34,21,easy,low,1,1,20.6,-1,0
DBMS Assignment (Sem 4),assignment,14,11,7.4,92,9.66,24,97,hard,critical,3,5,55.0,13,1
AI Lab - Search Algorithms (Sem 7),lab_experiment,10,9,23.0,72,5.89,19,34,medium,low,4,2,38.5,0,0
End-Semester Exam (Sem 6),exam,13,11,62.0,66,6.7,45,97,hard,low,9,3,49.3,3,1
Embedded Systems Lab,lab_experiment,15,10,77.5,70,8.98,22,21,medium,medium,3,3,33.2,-1,0
OS Assignment #5,assignment,7,4,47.4,47,7.38,47,85,very_hard,medium,1,5,66.3,6,1
DBMS Assignment #4,assignment,15,10,72.3,23,9.48,24,30,medium,low,0,3,28.8,0,0
Mobile App Development #4,project,25,23,48.5,61,8.07,24,15,very_hard,critical,8,0,65.2,7,1
ML Model Project (Sem 7),project,1,0,41.5,38,9.32,49,77,easy,critical,2,1,70.3,11,1
Mid-Semester Exam,exam,27,25,37.2,21,6.76,47,28,medium,low,4,0,42.5,-2,0
DS Lab - Linked List (Sem 2),lab_experiment,8,7,55.1,99,6.25,35,30,medium,medium,10,3,47.7,-2,0
Mobile App Development,project,13,12,26.2,17,6.4,25,46,hard,high,6,4,71.1,7,1
Math Assignment,assignment,32,28,15.1,30,6.21,26,74,hard,high,6,0,60.6,11,1
Network Lab - Packet Analysis,lab_experiment,8,6,35.4,43,6.3,16,64,easy,medium,10,6,56.0,8,1
Algorithms Assignment,assignment,17,12,41.9,13,6.79,10,54,hard,low,6,6,60.4,13,1
DBMS Assignment (Sem 3),assignment,19,16,55.2,1,6.92,47,61,medium,low,6,2,53.5,-3,0
Open Source Contribution (Sem 8),project,14,10,77.8,14,8.71,32,78,hard,critical,1,1,57.4,1,1
Surprise Test (Sem 4),exam,30,26,58.5,58,6.61,34,46,easy,critical,7,2,55.8,1,1
Viva Voce (Sem 6),exam,9,9,43.9,22,5.76,31,12,medium,medium,0,4,46.7,-3,0
Mid-Semester Exam,exam,5,5,43.3,16,8.36,45,73,medium,medium,7,5,64.3,10,1
Digital Electronics Lab,lab_experiment,4,2,30.5,18,7.66,45,22,medium,critical,1,2,67.9,11,1
Online Quiz,exam,35,30,21.3,83,8.46,10,65,very_hard,high,9,2,55.4,5,1
OS Lab - Process Scheduling,lab_experiment,27,24,22.7,88,8.67,22,74,hard,high,2,5,44.6,5,1
Mid-Semester Exam,exam,28,25,52.9,35,5.6,43,91,medium,medium,0,5,47.3,6,1
DBMS Lab - SQL Queries (Sem 5),lab_experiment,26,22,66.3,75,6.52,43,52,medium,medium,8,0,39.3,-1,0
Practical Exam,exam,19,14,40.4,68,8.19,48,59,medium,low,9,0,31.2,0,0
End-Semester Exam #2,exam,11,9,36.7,59,4.18,44,84,easy,medium,6,3,48.6,13,1
Algorithms Assignment,assignment,16,12,11.4,77,9.69,12,22,medium,medium,1,4,26.8,-1,0
Network Lab - Packet Analysis #4,lab_experiment,25,24,34.0,76,5.67,28,90,easy,critical,10,6,62.6,11,1
Module Exam,exam,30,27,40.1,59,5.72,33,30,very_hard,low,4,0,53.5,9,1
Weekly Test #2,exam,23,18,34.0,53,6.46,45,13,hard,low,9,4,53.9,2,1
Final Year Project,project,23,18,38.3,11,9.71,6,86,very_hard,high,8,4,73.4,14,1
Network Lab - Packet Analysis (Sem 6),lab_experiment,28,27,14.8,91,9.53,25,26,medium,critical,3,4,46.3,8,1
Group Project - Web App,project,26,25,77.9,64,7.85,43,52,very_hard,critical,3,3,66.5,12,1
Data Structures Assignment (Sem 7),assignment,18,15,6.6,53,9.75,50,78,easy,high,10,4,49.4,12,1
Web Dev Assignment #4,assignment,28,25,66.4,92,8.61,28,61,hard,medium,10,3,42.4,7,1
OS Assignment (Sem 5),assignment,24,24,58.0,46,6.48,26,28,very_hard,high,3,2,63.4,2,1
End-Semester Exam,exam,26,24,28.1,88,6.67,33,99,medium,medium,0,6,30.7,-2,0
Digital Electronics Lab,lab_experiment,30,28,45.5,91,5.75,50,30,hard,medium,7,5,58.8,5,1
Network Lab - Packet Analysis #2,lab_experiment,13,8,19.0,27,7.5,14,84,easy,medium,8,5,46.0,0,0
Industry Internship Project (Sem 6),project,8,4,68.4,40,7.14,29,72,hard,critical,7,1,76.9,8,1
Final Year Project,project,10,9,18.7,35,7.65,12,93,easy,medium,9,5,44.2,1,1
DS Lab - Linked List #3,lab_experiment,20,20,76.2,64,4.4,40,78,hard,medium,1,6,51.2,1,1
Industry Internship Project,project,13,8,15.4,83,9.15,19,98,hard,low,9,2,36.3,-1,0
Networking Assignment (Sem 3),assignment,9,9,17.4,31,7.51,42,71,medium,medium,0,2,32.0,-3,0
IOT Lab Experiment,lab_experiment,16,15,8.9,75,5.29,36,48,hard,high,1,5,55.6,8,1
Computer Vision Lab,lab_experiment,11,8,48.5,63,7.79,26,74,medium,medium,10,2,39.0,-1,0
Compiler Lab - Lexical Analysis (Sem 5),lab_experiment,14,14,78.2,23,6.93,25,75,medium,low,1,6,40.9,0,0
End-Semester Exam (Sem 6),exam,25,21,66.0,24,8.67,19,37,medium,medium,8,3,48.1,2,1
Surprise Test #2,exam,6,5,61.5,100,5.03,15,88,hard,medium,8,3,57.5,11,1
ML Model Project #2,project,31,29,30.3,39,6.0,27,50,medium,medium,6,6,54.9,7,1
Software Engineering Assignment #1,assignment,21,20,78.0,98,5.65,50,35,medium,high,4,6,54.4,6,1
Math Assignment #4,assignment,21,17,59.4,27,7.71,33,45,easy,medium,5,5,47.9,0,0
Final Year Project,project,12,8,47.3,7,4.61,45,53,medium,medium,4,0,55.1,8,1
DBMS Lab - SQL Queries,lab_experiment,28,27,47.6,73,5.2,10,66,medium,high,10,2,52.4,9,1
Mid-Semester Exam (Sem 2),exam,27,22,25.8,46,9.43,33,37,easy,medium,7,2,38.1,-1,0
AI Lab - Search Algorithms,lab_experiment,8,3,33.5,50,8.84,8,77,easy,critical,5,0,60.8,10,1
Final Year Project (Sem 6),project,17,15,46.4,81,4.4,9,82,easy,high,1,4,37.7,-2,0
Computer Graphics Assignment,assignment,29,24,35.0,35,6.79,14,93,medium,low,9,2,43.4,8,1
Final Year Project,project,22,19,2.5,28,5.93,14,43,very_hard,high,5,4,80.8,8,1
Computer Vision Lab,lab_experiment,25,24,17.3,23,4.61,39,87,very_hard,low,2,4,63.3,6,1
Math Assignment (Sem 4),assignment,7,6,24.9,54,9.95,19,37,hard,low,7,0,46.1,0,0
Web Dev Assignment,assignment,17,14,32.5,26,8.63,42,25,easy,low,9,5,44.0,-3,0
DS Lab - Linked List (Sem 8),lab_experiment,21,19,60.2,40,6.49,18,21,hard,medium,4,4,55.8,2,1
Final Year Project #1,project,12,12,29.0,39,9.02,32,93,medium,critical,1,5,53.4,11,1
Capstone Project (Sem 5),project,22,20,4.6,31,5.06,5,26,medium,low,7,6,54.3,1,1
Computer Graphics Assignment #2,assignment,22,19,66.0,53,5.03,38,29,hard,high,2,2,57.2,2,1
OS Lab - Process Scheduling #4,lab_experiment,17,12,30.5,33,7.73,6,13,medium,critical,0,5,49.0,14,1
Embedded Systems Lab (Sem 7),lab_experiment,27,23,14.4,12,4.09,19,21,medium,low,7,3,55.5,7,1
Research Project #5,project,18,15,72.1,32,4.77,47,79,medium,high,1,3,54.3,8,1
Network Lab - Packet Analysis,lab_experiment,12,7,7.5,12,8.3,23,88,easy,medium,2,5,48.9,11,1
Practical Exam,exam,13,10,30.6,18,7.48,7,59,hard,high,2,0,52.1,3,1
Networking Assignment #2,assignment,4,0,39.0,44,5.13,41,61,medium,medium,9,2,79.3,9,1
Mini Project #3,project,29,28,21.2,62,8.63,34,94,easy,critical,8,2,50.0,-3,0
Online Quiz,exam,10,7,66.6,15,7.3,23,26,very_hard,medium,6,4,80.3,2,1
Embedded Systems Lab,lab_experiment,31,26,18.5,2,5.19,27,77,hard,low,8,4,67.3,1,1
Module Exam #2,exam,5,5,54.8,81,7.81,44,38,hard,high,2,4,54.2,10,1
Group Project - Web App #3,project,12,9,72.2,53,9.36,34,51,easy,critical,0,0,32.8,-1,0
Internal Assessment,exam,27,24,12.1,61,8.93,20,60,hard,high,6,4,56.8,4,1
Compiler Lab - Lexical Analysis #1,lab_experiment,7,4,10.8,94,7.52,48,29,medium,low,4,6,41.0,-1,0
OS Assignment (Sem 5),assignment,8,3,48.3,29,7.96,24,25,medium,high,2,0,54.6,13,1
Viva Voce #1,exam,8,3,37.9,74,5.01,50,98,very_hard,medium,4,1,74.2,9,1
OS Assignment,assignment,32,27,40.1,89,9.78,31,17,hard,critical,4,6,59.3,12,1
Viva Voce #5,exam,23,21,78.7,10,4.08,50,72,medium,medium,9,3,64.0,11,1
End-Semester Exam (Sem 7),exam,21,16,31.2,77,4.65,46,22,hard,low,3,2,44.2,0,0
Final Year Project #3,project,22,18,3.9,51,8.88,45,65,hard,low,9,1,43.3,-3,0
End-Semester Exam,exam,26,23,68.1,32,6.15,48,54,medium,critical,4,3,66.4,13,1
Math Assignment,assignment,10,6,61.9,70,7.89,30,54,hard,low,7,6,54.0,2,1
Practical Exam #5,exam,28,26,9.0,92,4.54,30,50,hard,high,6,1,55.6,5,1
IoT Based Project #3,project,25,24,76.8,41,4.1,17,84,medium,medium,10,4,56.5,5,1
Embedded Systems Lab,lab_experiment,2,2,57.2,84,6.43,21,28,hard,medium,6,1,59.3,7,1
Algorithms Assignment #5,assignment,10,7,66.3,31,7.29,47,45,easy,medium,3,1,47.5,-2,0
Group Project - Web App #2,project,7,7,68.7,61,9.03,31,81,hard,high,6,1,59.9,14,1
Industry Internship Project (Sem 5),project,27,25,64.5,33,6.59,28,40,medium,medium,2,2,41.2,-2,0
DBMS Lab - SQL Queries (Sem 8),lab_experiment,10,10,64.8,77,5.37,27,99,hard,high,3,3,56.3,5,1
Web Dev Assignment #5,assignment,21,18,6.1,21,4.13,33,81,hard,critical,7,6,86.1,12,1
DBMS Lab - SQL Queries (Sem 2),lab_experiment,12,8,20.9,93,4.17,43,72,medium,high,2,3,44.7,-2,0
ML Model Project #5,project,11,7,64.1,65,9.68,14,79,very_hard,high,0,4,56.4,1,1
Surprise Test (Sem 2),exam,6,2,33.7,20,8.4,20,86,hard,critical,2,0,71.0,11,1
Mini Project,project,33,30,46.3,87,6.32,31,58,hard,low,5,1,39.7,2,1
Practical Exam #2,exam,15,15,15.6,51,5.2,27,92,hard,medium,1,4,50.5,5,1
Computer Graphics Assignment (Sem 1),assignment,11,11,14.3,67,4.08,25,59,medium,high,9,4,59.1,6,1
DBMS Assignment,assignment,18,17,78.1,12,9.23,14,86,medium,low,7,5,49.0,-2,0
IOT Lab Experiment (Sem 1),lab_experiment,28,28,64.8,39,9.61,11,54,hard,high,2,0,43.3,0,0
Computer Vision Lab #2,lab_experiment,34,29,44.3,49,8.7,12,95,hard,medium,5,1,45.4,-2,0
Group Project - Web App #4,project,4,1,65.1,84,8.25,42,22,hard,low,10,2,63.4,9,1
Open Source Contribution #2,project,7,4,61.3,37,9.67,32,61,medium,low,0,3,34.8,-3,0
Module Exam #4,exam,17,15,61.9,89,4.33,7,34,very_hard,medium,9,5,62.9,10,1
Compiler Lab - Lexical Analysis,lab_experiment,32,30,31.4,45,9.79,8,97,very_hard,high,8,6,68.8,3,1
Mid-Semester Exam #2,exam,31,30,71.5,91,5.92,50,36,medium,high,9,0,48.8,1,1
Group Project - Web App,project,29,28,53.1,42,9.91,29,39,medium,high,0,1,33.5,-2,0
Computer Vision Lab (Sem 7),lab_experiment,23,18,69.2,80,5.86,46,44,medium,low,6,3,44.6,5,1
IOT Lab Experiment (Sem 1),lab_experiment,25,22,4.3,98,6.69,47,98,medium,high,1,1,32.1,0,0
DBMS Assignment,assignment,35,30,21.3,87,8.29,49,60,medium,medium,9,2,36.5,-3,0
Software Engineering Assignment (Sem 2),assignment,30,27,16.9,66,9.97,35,71,easy,medium,6,1,32.3,-3,0
Networking Assignment #4,assignment,24,23,35.9,98,4.25,37,34,hard,high,0,4,46.1,1,1
Compiler Lab - Lexical Analysis #3,lab_experiment,15,14,72.2,7,6.35,14,47,medium,medium,10,1,52.0,6,1
Final Year Project,project,23,19,23.7,20,4.86,25,17,easy,low,8,4,51.5,1,1
Compiler Lab - Lexical Analysis,lab_experiment,28,28,55.1,0,6.29,41,17,hard,high,1,6,66.1,4,1
Computer Graphics Assignment,assignment,23,20,75.0,82,6.32,48,88,medium,critical,3,5,57.4,8,1
Practical Exam,exam,18,14,70.5,28,4.87,45,32,very_hard,medium,4,1,67.9,6,1
Software Engineering Assignment,assignment,17,14,57.1,69,9.11,30,26,hard,medium,6,3,47.2,0,0
Capstone Project #4,project,13,11,26.8,51,4.8,38,36,medium,high,9,1,57.6,14,1
Weekly Test #5,exam,22,20,17.9,18,6.82,39,93,medium,critical,9,3,71.3,1,1
DS Lab - Linked List (Sem 3),lab_experiment,16,12,35.1,56,4.14,18,59,hard,low,10,4,55.6,13,1
Embedded Systems Lab,lab_experiment,15,13,38.0,94,4.78,36,50,hard,high,8,5,63.8,11,1
OS Assignment,assignment,0,0,27.2,11,5.88,27,35,hard,critical,4,6,100.0,2,1
Surprise Test #3,exam,15,10,14.8,38,4.61,40,30,very_hard,low,6,0,61.4,9,1
Research Project (Sem 8),project,13,8,68.0,31,9.86,47,28,very_hard,low,0,1,40.5,0,0
Mobile App Development,project,23,18,79.0,46,9.59,42,83,easy,critical,7,5,60.0,10,1
Practical Exam,exam,6,5,50.3,86,6.36,14,24,very_hard,high,10,1,66.2,11,1
Viva Voce (Sem 6),exam,28,25,2.3,75,6.51,15,56,very_hard,low,4,4,51.5,1,1
IoT Based Project (Sem 1),project,12,7,25.2,57,9.98,26,15,medium,critical,10,3,65.2,11,1
Math Assignment,assignment,31,27,1.8,73,4.12,29,35,very_hard,medium,0,5,53.3,11,1
Online Quiz (Sem 6),exam,30,27,33.2,43,4.79,27,43,hard,medium,4,0,53.1,8,1
Math Assignment,assignment,26,25,64.7,13,5.46,16,57,easy,high,3,6,60.0,2,1
Data Structures Assignment (Sem 6),assignment,3,2,47.0,58,7.79,26,95,easy,low,2,1,34.0,-3,0
DBMS Lab - SQL Queries #1,lab_experiment,30,25,19.4,6,8.3,29,51,hard,low,3,5,52.7,0,0
IOT Lab Experiment #3,lab_experiment,9,5,1.5,22,9.85,21,28,very_hard,high,3,5,76.7,2,1
Networking Assignment,assignment,8,5,51.2,75,5.78,31,74,hard,medium,4,6,65.1,6,1
Digital Electronics Lab #1,lab_experiment,25,24,6.1,8,6.96,8,89,hard,medium,10,6,66.2,12,1
Final Year Project (Sem 6),project,26,24,56.1,77,8.07,9,82,medium,high,7,2,41.5,0,0
Weekly Test #3,exam,22,17,16.0,75,5.02,49,55,medium,critical,5,6,69.9,14,1
Capstone Project,project,9,4,60.3,53,9.7,13,50,medium,critical,2,3,55.7,6,1
Software Engineering Assignment (Sem 3),assignment,31,30,18.1,2,6.35,14,44,medium,low,6,1,48.0,5,1
Internal Assessment (Sem 8),exam,26,23,35.2,20,6.92,47,17,medium,low,5,5,55.7,8,1
Unit Test,exam,16,13,2.0,39,7.79,26,90,medium,high,9,0,46.8,-2,0
Practical Exam #3,exam,21,18,6.0,57,6.22,20,36,very_hard,high,5,5,72.6,8,1
Module Exam (Sem 6),exam,7,6,77.3,100,7.8,19,100,hard,medium,3,3,41.9,0,0
Math Assignment #5,assignment,25,24,50.3,10,7.18,34,87,very_hard,critical,4,0,78.4,8,1
Group Project - Web App #3,project,27,27,38.4,28,7.8,25,55,hard,medium,2,6,49.9,5,1
Weekly Test (Sem 4),exam,10,6,48.8,37,8.4,17,77,hard,medium,6,3,60.3,12,1
Algorithms Assignment,assignment,9,9,3.3,82,8.57,10,57,medium,critical,2,3,41.6,0,0
Computer Vision Lab,lab_experiment,31,29,37.0,25,8.24,34,46,easy,low,0,0,18.4,-3,0
Module Exam,exam,15,10,30.6,3,7.77,46,51,medium,medium,0,5,44.0,-1,0
Surprise Test (Sem 1),exam,6,1,57.7,16,6.98,9,27,easy,medium,3,0,61.7,13,1
Practical Exam #3,exam,10,10,39.9,69,4.37,31,92,hard,high,8,6,68.3,2,1
IOT Lab Experiment #2,lab_experiment,8,7,5.5,87,7.35,8,92,hard,medium,0,0,33.4,-2,0
Network Lab - Packet Analysis #2,lab_experiment,17,12,54.0,2,7.06,23,73,easy,high,6,4,61.9,2,1
Networking Assignment,assignment,11,7,39.8,44,8.21,42,57,medium,high,6,1,57.4,3,1
Computer Graphics Assignment (Sem 5),assignment,15,11,31.7,25,8.53,21,52,easy,critical,6,0,52.1,-1,0
Final Year Project,project,5,5,4.3,13,8.46,18,35,hard,high,4,6,73.2,12,1
Computer Vision Lab #3,lab_experiment,6,1,50.5,72,9.34,21,37,medium,medium,3,6,61.7,3,1
Internal Assessment (Sem 7),exam,13,10,78.8,77,8.52,36,71,hard,medium,10,6,50.2,4,1
Computer Graphics Assignment,assignment,19,19,68.7,35,9.58,24,66,medium,high,2,0,38.4,-3,0
Internal Assessment (Sem 7),exam,30,28,7.0,53,7.92,24,14,very_hard,medium,4,3,54.8,13,1
DBMS Lab - SQL Queries,lab_experiment,0,0,7.8,30,6.73,42,98,hard,medium,9,3,86.2,2,1
DS Lab - Linked List (Sem 7),lab_experiment,12,12,3.9,55,8.98,31,32,very_hard,high,0,5,54.1,2,1
Viva Voce #4,exam,5,0,22.5,24,5.41,33,10,very_hard,low,9,6,98.5,14,1
Open Source Contribution (Sem 4),project,32,27,4.7,46,4.53,28,68,hard,medium,5,5,65.6,6,1
Compiler Lab - Lexical Analysis,lab_experiment,21,18,30.4,44,8.6,14,96,hard,medium,8,3,50.6,6,1
Mini Project,project,12,10,52.0,57,8.52,48,31,very_hard,medium,10,1,55.4,10,1
Module Exam,exam,31,26,32.3,53,9.28,37,79,easy,low,0,2,17.1,-2,0
Compiler Lab - Lexical Analysis #4,lab_experiment,25,23,44.3,50,7.14,30,38,hard,high,1,1,47.0,0,0
DS Lab - Linked List #1,lab_experiment,4,4,55.9,39,5.45,30,48,hard,medium,1,6,63.2,4,1
Data Structures Assignment,assignment,7,6,66.4,87,4.43,21,67,very_hard,medium,5,5,72.7,7,1
Computer Graphics Assignment #3,assignment,12,11,25.0,79,7.54,35,91,hard,low,7,0,34.7,0,0
Practical Exam (Sem 5),exam,18,15,60.5,98,4.59,49,85,hard,medium,10,3,53.3,1,1
Final Year Project #4,project,12,8,8.3,31,8.35,50,90,very_hard,medium,5,1,60.8,10,1
Final Year Project (Sem 5),project,29,24,68.5,27,7.68,11,11,hard,high,10,6,64.7,1,1
Mini Project #5,project,13,8,45.6,68,7.92,8,42,hard,high,7,1,48.2,0,0
Unit Test (Sem 5),exam,13,10,9.7,19,9.81,9,35,medium,medium,6,6,52.1,12,1
Embedded Systems Lab,lab_experiment,9,7,69.4,74,9.07,19,66,hard,critical,1,0,50.1,3,1
Network Lab - Packet Analysis #5,lab_experiment,17,15,63.8,55,4.12,38,98,medium,medium,6,3,53.8,1,1
Online Quiz,exam,2,2,21.8,85,6.15,30,74,very_hard,critical,2,0,72.0,1,1
DBMS Lab - SQL Queries (Sem 3),lab_experiment,9,6,53.1,69,6.24,21,71,easy,high,2,4,47.3,7,1
Machine Learning Assignment,assignment,6,4,11.5,89,6.34,28,17,medium,low,8,5,48.0,5,1
Algorithms Assignment,assignment,30,27,64.3,24,7.98,35,71,medium,low,8,5,48.7,11,1
DBMS Assignment,assignment,19,15,79.2,9,7.4,20,90,hard,high,5,1,66.2,14,1
Online Quiz,exam,29,27,62.7,3,5.16,28,60,medium,high,3,5,68.2,3,1
Industry Internship Project (Sem 7),project,32,27,13.4,76,7.13,36,19,medium,low,1,4,29.4,-3,0
OS Lab - Process Scheduling #3,lab_experiment,11,8,52.4,43,5.82,39,87,medium,medium,7,4,58.3,8,1
Industry Internship Project #5,project,10,10,55.6,43,7.2,44,90,easy,high,4,6,54.8,5,1
Compiler Lab - Lexical Analysis (Sem 4),lab_experiment,8,6,77.8,24,8.95,38,96,medium,medium,6,5,62.0,11,1
Computer Vision Lab,lab_experiment,26,21,29.6,69,7.32,18,69,hard,low,4,5,47.0,-2,0
Computer Vision Lab (Sem 3),lab_experiment,28,25,30.6,50,6.91,22,82,medium,medium,4,4,47.2,2,1
End-Semester Exam,exam,3,2,65.1,32,9.57,34,80,hard,medium,9,3,70.0,4,1
Mid-Semester Exam (Sem 8),exam,6,3,35.5,40,4.72,16,25,medium,high,0,0,55.6,14,1
Algorithms Assignment,assignment,25,25,74.1,87,6.54,7,94,hard,low,5,4,43.3,-1,0
Online Quiz,exam,23,19,46.1,34,9.57,27,40,easy,high,5,6,52.9,4,1
Embedded Systems Lab,lab_experiment,6,2,59.5,34,8.86,12,22,medium,medium,3,3,54.4,10,1
Network Lab - Packet Analysis,lab_experiment,1,0,54.0,55,7.48,43,59,medium,medium,1,3,62.3,12,1
Capstone Project (Sem 7),project,27,24,2.8,97,5.63,48,72,medium,critical,5,2,59.4,1,1
Open Source Contribution #5,project,20,19,30.5,90,4.46,49,97,medium,high,3,1,44.9,-1,0
Online Quiz (Sem 4),exam,10,9,31.0,60,9.76,48,82,medium,high,7,5,54.8,13,1
Software Engineering Assignment #5,assignment,12,12,39.8,92,6.67,32,21,medium,medium,4,2,35.8,-1,0
Research Project (Sem 4),project,24,20,48.3,25,9.08,29,56,easy,medium,2,0,28.9,-3,0
End-Semester Exam #5,exam,6,4,12.2,55,5.67,16,39,medium,low,1,1,38.6,-3,0
Computer Graphics Assignment (Sem 5),assignment,18,15,71.7,30,4.1,17,87,hard,low,1,2,44.7,-2,0
Web Dev Assignment (Sem 6),assignment,6,5,43.2,23,5.47,5,51,very_hard,high,8,6,90.9,1,1
Software Engineering Assignment,assignment,16,15,67.9,30,9.17,28,83,hard,medium,7,1,50.8,12,1
Networking Assignment,assignment,13,12,1.0,58,7.17,36,96,hard,high,6,4,64.0,8,1
Surprise Test #5,exam,19,16,14.2,63,4.76,7,36,easy,critical,4,0,50.1,10,1
Mobile App Development #4,project,2,0,39.5,96,4.1,32,91,hard,medium,9,6,81.0,13,1
AI Lab - Search Algorithms,lab_experiment,1,0,72.4,32,6.92,34,69,medium,medium,2,3,69.0,1,1
Network Lab - Packet Analysis #1,lab_experiment,3,1,37.7,49,9.32,32,19,hard,medium,8,4,78.4,8,1
Web Dev Assignment #1,assignment,8,6,73.8,21,4.07,11,28,hard,high,0,0,58.9,9,1
Digital Electronics Lab #3,lab_experiment,14,12,64.1,58,6.08,25,46,medium,high,9,0,47.9,0,0
Mobile App Development (Sem 1),project,28,24,58.6,72,7.04,14,58,medium,high,10,2,48.0,3,1
DS Lab - Linked List #1,lab_experiment,13,12,4.3,38,4.07,13,34,medium,low,2,3,40.7,-1,0
OS Lab - Process Scheduling,lab_experiment,13,8,39.1,8,5.31,15,96,medium,low,7,6,59.9,6,1
Weekly Test (Sem 6),exam,23,21,42.6,85,8.09,50,85,medium,medium,9,6,43.0,-2,0
OS Lab - Process Scheduling #4,lab_experiment,14,10,24.7,92,9.95,8,85,medium,critical,1,6,40.4,3,1
DS Lab - Linked List,lab_experiment,29,29,56.1,64,6.18,30,63,hard,medium,3,1,43.2,0,0
Math Assignment #1,assignment,29,26,13.2,60,9.87,26,57,easy,medium,7,3,36.6,-2,0
Mobile App Development,project,20,19,27.6,76,5.96,29,20,easy,low,0,1,19.7,0,0
Mini Project,project,16,15,3.6,37,9.9,28,96,hard,high,5,5,64.4,10,1
Data Structures Assignment #2,assignment,3,3,79.7,10,9.93,44,10,hard,low,2,3,61.4,14,1
Mini Project (Sem 5),project,30,26,6.7,78,5.71,9,69,hard,medium,10,6,57.3,12,1
Web Dev Assignment (Sem 4),assignment,9,9,32.1,43,7.99,49,70,hard,medium,8,2,52.3,5,1
Mobile App Development (Sem 5),project,11,10,20.0,19,8.22,7,20,easy,critical,2,0,42.9,8,1
Network Lab - Packet Analysis #1,lab_experiment,24,22,46.8,91,6.89,31,25,very_hard,high,10,4,64.9,12,1
Internal Assessment #4,exam,8,5,16.1,8,4.29,21,59,easy,medium,10,3,64.5,13,1
Weekly Test (Sem 6),exam,35,30,34.4,40,9.75,41,99,easy,critical,2,2,46.1,0,0
Web Dev Assignment,assignment,29,28,20.0,77,6.97,22,35,hard,medium,0,5,38.8,-1,0
Surprise Test,exam,6,3,62.0,64,5.21,14,52,hard,critical,8,2,84.6,9,1
Open Source Contribution #5,project,29,24,64.2,58,9.78,42,80,medium,critical,7,0,52.6,5,1
Mid-Semester Exam #4,exam,29,26,74.4,77,7.43,25,85,medium,medium,10,6,47.1,1,1
Computer Vision Lab #3,lab_experiment,4,0,19.1,28,9.71,33,40,medium,medium,1,6,65.7,13,1
Module Exam,exam,21,16,63.8,81,8.73,43,94,easy,critical,3,4,45.1,-1,0
Networking Assignment,assignment,22,17,16.8,87,6.58,26,92,medium,medium,1,1,25.2,-1,0
AI Lab - Search Algorithms,lab_experiment,31,28,17.1,20,6.17,23,49,very_hard,high,10,0,70.3,2,1
DBMS Lab - SQL Queries,lab_experiment,26,24,77.2,14,8.59,26,25,medium,high,8,3,57.8,9,1
Web Dev Assignment,assignment,11,11,28.9,49,8.84,39,42,hard,critical,9,6,71.1,13,1
OS Assignment #2,assignment,9,5,65.4,68,5.17,45,54,easy,critical,6,0,63.9,13,1
Group Project - Web App (Sem 4),project,23,20,62.1,95,8.18,19,94,very_hard,high,8,6,59.9,8,1
IoT Based Project,project,4,1,15.9,73,6.13,47,57,hard,medium,0,2,61.1,14,1
Mini Project (Sem 2),project,20,16,61.5,75,4.81,36,80,very_hard,high,5,0,65.6,10,1
Math Assignment (Sem 5),assignment,29,26,24.2,13,4.33,24,95,very_hard,low,4,6,71.8,7,1
AI Lab - Search Algorithms,lab_experiment,18,16,6.9,39,8.43,31,12,easy,medium,2,5,36.3,-3,0
Digital Electronics Lab #5,lab_experiment,3,3,78.0,98,6.0,12,33,hard,high,1,1,50.6,-3,0
Viva Voce (Sem 2),exam,21,17,69.8,69,5.78,40,94,medium,critical,0,2,49.2,7,1
Math Assignment,assignment,2,2,76.0,75,4.02,35,15,medium,medium,8,0,58.5,5,1
Computer Vision Lab,lab_experiment,11,10,15.6,72,8.2,11,90,hard,medium,2,1,31.7,-2,0
Final Year Project (Sem 5),project,30,25,62.3,24,6.96,20,17,medium,high,6,1,56.2,14,1
Practical Exam (Sem 7),exam,17,13,23.7,31,7.7,12,100,medium,high,7,0,47.0,-3,0
Industry Internship Project (Sem 5),project,8,4,15.6,82,7.48,47,41,easy,low,3,5,40.3,1,1
Software Engineering Assignment #2,assignment,30,30,46.4,83,5.26,12,99,easy,low,3,3,29.6,-2,0
DBMS Lab - SQL Queries #3,lab_experiment,17,12,42.0,35,6.66,17,91,easy,medium,3,6,43.7,11,1
IOT Lab Experiment #4,lab_experiment,3,1,1.2,59,4.95,8,68,medium,medium,1,2,61.0,3,1
Viva Voce,exam,19,15,6.2,58,6.09,46,38,medium,high,4,6,57.0,8,1
ML Model Project,project,15,14,2.4,30,7.87,29,38,very_hard,high,10,1,65.9,2,1
Practical Exam (Sem 5),exam,5,3,69.1,66,8.8,30,12,easy,critical,1,1,49.8,5,1
Internal Assessment (Sem 3),exam,19,15,1.3,2,5.96,49,80,medium,medium,7,1,61.5,3,1
Algorithms Assignment (Sem 5),assignment,27,25,47.3,80,6.41,43,82,hard,low,7,4,48.3,4,1
Compiler Lab - Lexical Analysis #1,lab_experiment,16,15,43.1,63,5.37,40,12,hard,low,2,1,41.4,0,0
Networking Assignment (Sem 7),assignment,23,23,9.1,70,6.65,13,38,hard,medium,1,0,32.3,-1,0
Computer Graphics Assignment #4,assignment,24,20,71.3,26,4.56,20,88,easy,high,9,4,61.8,12,1
OS Lab - Process Scheduling (Sem 5),lab_experiment,10,5,60.8,93,4.04,36,37,hard,critical,1,0,58.0,9,1
Computer Vision Lab #3,lab_experiment,24,22,74.8,96,6.71,49,31,easy,low,10,4,33.7,-3,0
Internal Assessment,exam,23,23,58.9,25,8.96,17,26,medium,low,7,1,38.7,-2,0
OS Assignment (Sem 6),assignment,26,24,66.9,55,4.92,9,30,medium,low,5,0,39.9,-2,0
Mini Project,project,3,2,33.8,55,5.38,15,44,hard,high,10,4,82.5,10,1
Weekly Test #2,exam,14,13,49.3,56,5.68,21,87,medium,high,0,1,39.9,0,0
Online Quiz,exam,31,27,10.1,88,4.76,8,39,hard,medium,1,4,41.2,0,0
Industry Internship Project (Sem 1),project,9,5,70.2,16,5.44,8,75,very_hard,medium,1,1,65.6,9,1
Math Assignment #5,assignment,10,8,44.4,22,4.26,36,36,easy,high,10,0,56.2,9,1
Computer Vision Lab #4,lab_experiment,28,23,44.2,94,8.56,34,31,hard,critical,5,0,51.6,1,1
Data Structures Assignment,assignment,11,10,60.8,81,7.52,10,98,easy,critical,1,3,33.8,-1,0
Computer Graphics Assignment #1,assignment,13,10,54.1,64,7.87,23,43,easy,medium,2,4,28.5,0,0
Weekly Test,exam,7,5,40.6,100,4.25,29,70,easy,medium,0,0,25.9,-3,0
Algorithms Assignment #2,assignment,22,20,8.0,92,7.1,38,29,medium,high,3,3,42.4,-2,0
Module Exam #2,exam,21,21,29.9,21,8.71,29,15,hard,low,7,0,45.7,7,1
DS Lab - Linked List (Sem 8),lab_experiment,11,11,62.0,99,7.82,38,33,easy,low,0,0,4.0,0,0
Module Exam #1,exam,25,20,21.4,82,5.06,35,73,very_hard,medium,3,3,57.1,12,1
Digital Electronics Lab #1,lab_experiment,8,7,54.2,18,8.18,44,96,medium,low,9,5,58.8,11,1
Online Quiz,exam,10,7,60.8,16,6.21,38,65,medium,medium,4,0,55.6,8,1
Software Engineering Assignment,assignment,13,11,60.9,5,5.12,19,96,medium,medium,2,2,50.9,4,1
OS Assignment #4,assignment,15,13,69.2,65,7.45,38,74,very_hard,low,3,5,54.8,2,1
Internal Assessment #5,exam,15,10,77.8,59,7.66,49,17,hard,medium,4,5,52.1,11,1
Algorithms Assignment,assignment,8,6,16.4,67,5.55,25,100,easy,high,2,6,55.1,2,1
OS Assignment (Sem 8),assignment,19,14,70.4,15,7.27,43,35,medium,low,10,1,48.3,0,0
Network Lab - Packet Analysis,lab_experiment,4,1,68.5,92,4.46,10,88,hard,medium,5,3,75.6,2,1
Open Source Contribution,project,30,29,17.5,3,9.98,6,85,easy,high,1,4,43.0,-2,0
Networking Assignment #4,assignment,25,20,40.3,93,5.7,43,25,very_hard,critical,0,4,63.7,11,1
Embedded Systems Lab,lab_experiment,28,28,7.0,77,4.43,12,77,hard,high,1,4,50.8,-1,0
DS Lab - Linked List #4,lab_experiment,26,26,47.3,96,9.98,17,31,hard,low,3,4,31.5,-2,0
Networking Assignment #4,assignment,13,10,7.1,32,9.6,49,47,easy,medium,0,6,33.5,-1,0
Math Assignment #2,assignment,16,13,77.3,95,4.28,49,22,easy,low,0,0,15.9,-2,0
Machine Learning Assignment #2,assignment,16,12,8.0,97,4.16,14,97,medium,medium,3,0,31.0,-2,0
AI Lab - Search Algorithms,lab_experiment,29,26,41.2,23,6.62,11,72,hard,medium,8,5,63.5,3,1
Digital Electronics Lab (Sem 5),lab_experiment,30,30,10.2,38,9.38,5,77,very_hard,high,5,2,63.9,4,1
Open Source Contribution #5,project,2,1,19.5,47,7.69,12,16,easy,medium,0,4,49.8,-3,0
Surprise Test #5,exam,13,9,15.4,2,8.29,33,42,hard,low,9,5,59.9,10,1
Industry Internship Project (Sem 7),project,13,9,51.7,97,7.6,48,96,hard,critical,1,4,48.4,5,1
Digital Electronics Lab (Sem 7),lab_experiment,34,30,20.6,42,7.39,23,12,hard,critical,9,4,73.9,13,1
Network Lab - Packet Analysis,lab_experiment,27,26,24.3,18,8.66,32,61,hard,critical,0,3,57.6,10,1
Machine Learning Assignment #4,assignment,20,20,37.1,53,9.83,6,92,medium,high,4,4,47.0,12,1
Digital Electronics Lab #5,lab_experiment,26,21,48.6,46,7.9,38,27,hard,high,0,6,48.6,14,1
Mid-Semester Exam (Sem 7),exam,4,3,72.3,72,7.66,26,13,medium,high,2,3,52.2,-1,0
Embedded Systems Lab (Sem 2),lab_experiment,16,12,30.9,52,7.78,18,11,hard,high,1,5,48.4,14,1
DS Lab - Linked List (Sem 6),lab_experiment,10,10,20.9,24,8.66,30,79,easy,high,4,6,52.2,9,1
Mid-Semester Exam #1,exam,25,24,1.1,85,9.11,32,86,medium,critical,1,0,34.2,-3,0
Open Source Contribution,project,22,21,65.3,42,8.94,6,16,very_hard,medium,0,4,45.2,-1,0
Algorithms Assignment (Sem 2),assignment,10,10,36.8,99,5.06,45,76,easy,high,7,5,51.7,7,1
OS Lab - Process Scheduling (Sem 4),lab_experiment,10,8,2.3,63,6.64,43,46,medium,low,7,1,38.7,0,0
Research Project #5,project,4,0,64.1,95,9.23,45,70,very_hard,critical,2,4,84.5,12,1
Algorithms Assignment (Sem 7),assignment,25,21,21.8,24,5.19,34,39,easy,low,5,2,47.6,-2,0
Compiler Lab - Lexical Analysis #4,lab_experiment,17,17,37.7,26,9.1,15,96,easy,high,0,3,34.3,-3,0
Embedded Systems Lab,lab_experiment,17,14,44.1,44,6.26,17,37,medium,critical,8,2,61.9,5,1
Surprise Test (Sem 3),exam,10,10,12.1,50,5.76,7,22,medium,medium,0,1,32.7,0,0
AI Lab - Search Algorithms #1,lab_experiment,17,17,74.3,59,8.45,36,95,medium,critical,1,0,39.8,-2,0
Web Dev Assignment,assignment,21,20,21.6,53,5.03,39,53,hard,medium,10,4,63.3,8,1
Embedded Systems Lab,lab_experiment,31,27,15.0,87,9.98,31,13,medium,high,7,5,47.7,1,1
Industry Internship Project #5,project,21,21,36.8,89,4.37,36,40,very_hard,medium,2,6,56.8,13,1
Math Assignment (Sem 7),assignment,4,4,53.1,21,5.08,45,54,medium,low,6,5,68.3,14,1
Mid-Semester Exam,exam,23,21,33.0,19,8.39,38,93,hard,low,9,1,49.0,6,1
Capstone Project (Sem 1),project,22,18,62.0,34,5.41,44,87,medium,high,0,1,46.6,3,1
Math Assignment (Sem 4),assignment,30,26,35.2,92,7.59,49,42,medium,medium,2,2,26.5,-1,0
OS Assignment #3,assignment,24,20,41.1,96,9.48,49,93,medium,medium,2,1,23.7,0,0
Mobile App Development (Sem 4),project,29,24,15.8,78,6.71,29,19,very_hard,low,10,5,57.3,8,1
Industry Internship Project #5,project,18,17,68.7,73,9.49,37,73,hard,low,2,2,31.1,-2,0
Final Year Project (Sem 6),project,16,16,32.5,23,8.09,20,57,easy,medium,0,5,32.4,-1,0
Mobile App Development (Sem 6),project,18,14,4.0,86,4.75,22,79,easy,high,5,2,46.0,5,1
Digital Electronics Lab (Sem 8),lab_experiment,13,12,12.1,78,5.76,45,41,hard,low,8,5,55.9,10,1
Online Quiz (Sem 4),exam,34,30,74.8,43,6.43,21,20,hard,critical,2,4,64.5,13,1
Weekly Test #2,exam,9,5,14.6,75,5.33,49,38,medium,high,10,2,63.9,2,1
Digital Electronics Lab #1,lab_experiment,11,11,76.2,62,7.11,29,81,medium,high,7,6,57.5,11,1
Viva Voce,exam,14,9,50.2,86,9.36,41,19,very_hard,low,7,4,49.9,8,1
OS Lab - Process Scheduling (Sem 6),lab_experiment,9,7,63.7,11,9.03,18,60,medium,medium,7,0,52.6,6,1
Internal Assessment (Sem 4),exam,7,5,49.9,27,8.91,35,77,easy,high,7,6,63.1,6,1
Data Structures Assignment,assignment,27,22,64.4,36,9.7,10,14,hard,low,6,4,48.8,-3,0
Open Source Contribution #1,project,2,0,29.5,30,9.07,38,81,very_hard,medium,2,1,75.8,6,1
Mobile App Development (Sem 6),project,19,16,63.6,57,7.23,22,48,very_hard,low,5,4,58.8,6,1
Module Exam #3,exam,27,25,63.2,78,5.73,37,26,medium,high,1,0,38.1,13,1
IoT Based Project,project,28,28,4.4,39,6.24,19,85,hard,medium,3,1,47.1,11,1
Math Assignment,assignment,2,0,27.9,4,7.13,45,91,medium,high,10,0,85.7,5,1
Viva Voce #5,exam,22,18,79.6,62,4.86,49,38,medium,critical,7,5,72.5,5,1
Research Project #1,project,31,27,78.8,90,5.01,28,46,medium,critical,8,1,56.8,13,1
Digital Electronics Lab,lab_experiment,26,26,11.0,77,4.86,46,10,hard,high,0,3,49.2,12,1
OS Assignment #5,assignment,11,8,13.7,91,7.32,27,13,medium,high,6,4,49.5,-3,0
Research Project #2,project,16,14,21.6,46,7.37,22,71,easy,low,9,0,33.0,-1,0
Computer Vision Lab #1,lab_experiment,33,28,44.8,93,4.61,8,80,very_hard,high,1,5,57.2,8,1
DBMS Lab - SQL Queries,lab_experiment,19,14,58.5,72,7.93,16,13,medium,low,9,4,35.2,10,1
Embedded Systems Lab (Sem 2),lab_experiment,15,13,52.9,74,4.45,24,40,hard,low,2,2,39.6,-1,0
Computer Vision Lab #5,lab_experiment,19,17,22.1,15,6.93,46,69,hard,critical,3,1,69.6,13,1
ML Model Project (Sem 1),project,12,10,69.4,73,8.86,36,88,hard,low,7,4,44.0,14,1
Final Year Project #2,project,3,2,5.4,31,8.0,43,69,hard,critical,1,1,70.1,8,1
Unit Test,exam,4,4,65.2,96,9.83,13,56,medium,high,0,4,35.1,-2,0
OS Lab - Process Scheduling (Sem 5),lab_experiment,19,15,65.1,87,9.31,38,74,medium,high,5,5,48.4,-2,0
Module Exam,exam,24,20,32.2,7,8.79,7,35,easy,critical,3,3,54.3,11,1
Computer Graphics Assignment,assignment,14,14,28.4,20,9.72,41,21,easy,low,9,1,37.1,-1,0
OS Assignment #3,assignment,13,8,69.6,65,5.16,44,35,very_hard,high,7,0,68.4,4,1
Mini Project,project,12,12,51.0,93,4.91,18,30,easy,high,7,3,46.2,0,0
OS Lab - Process Scheduling,lab_experiment,6,3,32.8,16,9.48,7,25,hard,low,2,5,60.5,6,1
Group Project - Web App,project,13,9,16.2,48,6.02,39,11,hard,medium,10,6,61.3,5,1
DBMS Assignment,assignment,4,2,2.8,71,8.1,45,77,easy,medium,0,4,38.3,-1,0
Network Lab - Packet Analysis #5,lab_experiment,4,4,67.4,75,5.16,28,54,hard,high,1,6,62.8,12,1
Networking Assignment,assignment,29,24,47.1,2,8.66,19,68,easy,medium,6,2,45.5,9,1
Module Exam #3,exam,25,24,17.7,3,5.56,9,29,easy,critical,0,3,56.3,2,1
Surprise Test,exam,20,17,23.0,21,7.59,8,66,hard,critical,6,3,69.6,14,1
Software Engineering Assignment,assignment,29,27,43.0,13,6.05,21,30,hard,high,10,0,63.5,4,1
Mid-Semester Exam,exam,4,0,29.7,51,9.74,41,91,medium,medium,4,4,68.9,2,1
Weekly Test #5,exam,12,9,67.6,31,5.51,11,27,hard,medium,6,0,56.9,2,1
Machine Learning Assignment (Sem 2),assignment,3,3,17.4,94,8.76,40,39,easy,medium,1,3,34.2,-2,0
Open Source Contribution (Sem 1),project,8,3,53.9,57,4.64,42,13,very_hard,low,5,5,82.8,1,1
Mini Project #2,project,14,14,20.5,59,8.28,26,20,very_hard,high,4,2,58.8,9,1
Weekly Test #3,exam,5,5,56.6,3,4.1,32,33,medium,critical,10,2,84.6,8,1
Mobile App Development #5,project,1,0,10.5,0,6.0,47,35,hard,low,7,2,85.7,14,1
Mobile App Development,project,15,11,6.1,30,8.98,49,70,easy,low,4,3,36.9,0,0
Mini Project (Sem 6),project,18,18,60.7,14,4.3,42,72,hard,low,4,0,55.4,1,1
Surprise Test (Sem 2),exam,23,18,68.8,80,8.18,41,10,medium,high,1,2,32.1,-2,0
Algorithms Assignment (Sem 1),assignment,14,9,66.6,63,9.58,30,87,medium,medium,3,5,39.4,-3,0
IOT Lab Experiment (Sem 8),lab_experiment,6,3,31.2,71,8.5,11,62,very_hard,critical,2,1,69.9,8,1
Mid-Semester Exam (Sem 8),exam,9,8,19.4,22,8.57,32,33,medium,high,8,5,60.8,10,1
Surprise Test (Sem 2),exam,14,14,6.3,33,4.99,32,94,easy,medium,0,4,39.6,0,0
DBMS Lab - SQL Queries,lab_experiment,27,26,53.2,84,4.16,47,90,medium,high,8,6,59.9,2,1
Compiler Lab - Lexical Analysis,lab_experiment,28,28,7.6,56,9.78,39,74,hard,critical,10,4,67.7,1,1
Machine Learning Assignment #4,assignment,18,17,13.7,15,6.71,27,76,medium,critical,9,3,70.7,9,1
Weekly Test,exam,25,25,21.5,5,6.51,25,70,hard,high,2,6,66.5,4,1
Industry Internship Project (Sem 5),project,12,12,61.4,85,4.5,15,75,very_hard,high,9,2,65.5,13,1
Computer Vision Lab #4,lab_experiment,26,23,46.7,85,9.58,35,95,hard,medium,9,2,42.5,-2,0
Algorithms Assignment,assignment,14,11,4.5,70,7.85,16,72,medium,critical,8,4,55.6,4,1
Online Quiz #3,exam,23,18,53.9,50,5.09,45,15,very_hard,critical,10,2,83.5,14,1
Mobile App Development (Sem 4),project,12,8,34.9,34,6.72,24,29,easy,low,8,2,39.6,-3,0
Research Project (Sem 6),project,25,24,66.2,52,5.65,39,26,easy,critical,3,2,56.5,9,1
Open Source Contribution (Sem 4),project,4,1,11.9,33,6.37,14,77,medium,high,6,0,76.8,10,1
OS Assignment,assignment,26,26,47.3,96,9.97,20,55,hard,critical,10,6,59.8,3,1
Embedded Systems Lab,lab_experiment,20,15,33.2,0,6.05,20,15,very_hard,medium,8,0,67.0,7,1
Mid-Semester Exam #2,exam,26,24,40.2,33,4.75,11,64,medium,low,3,5,48.5,5,1
Mid-Semester Exam #5,exam,27,27,38.1,94,6.91,9,76,easy,medium,8,4,35.1,-3,0
Software Engineering Assignment,assignment,8,8,36.0,52,7.1,11,38,hard,high,6,5,64.7,7,1
Module Exam (Sem 4),exam,21,18,56.0,70,6.64,37,58,hard,high,1,2,45.7,-1,0
Practical Exam,exam,20,19,58.1,86,5.08,48,71,very_hard,medium,6,5,67.6,1,1
End-Semester Exam,exam,18,13,58.5,29,9.0,39,81,hard,medium,5,1,52.1,7,1
DBMS Lab - SQL Queries #5,lab_experiment,15,11,5.4,62,4.05,6,86,hard,high,2,2,52.2,9,1
Unit Test #1,exam,17,12,69.3,100,9.42,40,88,medium,medium,0,2,18.0,0,0
Unit Test #1,exam,15,13,39.7,56,6.04,6,83,medium,critical,5,1,56.4,4,1
Software Engineering Assignment #2,assignment,11,8,70.2,100,4.78,45,33,hard,medium,4,0,43.5,-3,0
IoT Based Project,project,29,29,1.7,86,6.55,16,25,easy,medium,7,3,35.4,0,0
ML Model Project #4,project,19,19,31.8,13,4.47,22,100,very_hard,low,8,6,74.6,5,1
Final Year Project,project,19,15,41.8,50,6.89,36,81,easy,critical,2,4,52.6,10,1
Weekly Test #1,exam,9,4,33.3,33,9.12,45,64,easy,high,2,0,43.9,-2,0
Internal Assessment,exam,15,13,56.0,93,6.32,39,16,medium,medium,10,1,37.3,-1,0
Module Exam,exam,8,3,45.0,96,5.4,25,42,medium,high,4,0,57.3,1,1
ML Model Project #3,project,23,20,27.7,18,9.22,9,24,easy,low,7,2,36.3,0,0
Web Dev Assignment,assignment,12,7,24.2,82,8.07,15,72,easy,low,8,4,36.1,0,0
DBMS Lab - SQL Queries (Sem 6),lab_experiment,5,0,43.9,8,7.64,29,41,hard,medium,10,1,80.3,1,1
Industry Internship Project (Sem 6),project,21,17,66.5,34,7.74,19,52,hard,critical,0,0,47.1,14,1
Machine Learning Assignment #1,assignment,19,15,23.6,8,9.06,27,32,medium,medium,10,2,50.1,5,1
Online Quiz (Sem 4),exam,30,28,55.4,60,7.62,18,67,hard,high,0,5,43.8,-1,0
Computer Vision Lab (Sem 3),lab_experiment,18,14,41.5,32,9.24,29,89,hard,medium,9,4,56.5,9,1
Computer Vision Lab #1,lab_experiment,19,15,56.5,61,4.63,33,97,easy,medium,0,6,36.1,-3,0
ML Model Project,project,29,28,66.7,83,5.36,33,30,medium,medium,1,1,31.7,-3,0
Final Year Project (Sem 3),project,7,6,41.8,65,9.54,50,83,hard,medium,2,0,43.0,1,1
Data Structures Assignment,assignment,28,28,2.3,88,7.13,34,65,medium,low,0,4,23.8,0,0
Mini Project #1,project,8,6,31.3,11,5.73,20,80,medium,medium,3,5,66.8,2,1
Web Dev Assignment (Sem 7),assignment,21,20,16.4,39,6.45,42,50,hard,high,0,0,45.4,4,1
Web Dev Assignment,assignment,13,11,75.5,95,7.53,33,19,medium,critical,0,3,35.3,0,0
Mobile App Development,project,5,0,32.0,47,5.79,10,100,easy,high,3,2,71.6,1,1
Open Source Contribution #3,project,23,19,22.2,79,6.82,38,88,easy,high,3,3,40.0,0,0
AI Lab - Search Algorithms #5,lab_experiment,22,17,45.8,79,6.43,29,87,medium,low,3,4,34.1,0,0
Web Dev Assignment (Sem 8),assignment,4,2,3.4,75,6.57,28,68,hard,high,6,0,66.8,12,1
Network Lab - Packet Analysis,lab_experiment,18,13,61.4,45,6.73,45,76,hard,high,2,3,56.5,1,1
End-Semester Exam (Sem 1),exam,12,11,75.3,100,6.77,26,75,medium,critical,7,3,53.6,8,1
End-Semester Exam #2,exam,16,12,15.6,9,4.58,48,92,hard,medium,9,5,75.0,10,1
Research Project,project,6,5,48.6,61,6.01,42,19,medium,high,4,5,64.0,12,1
Viva Voce (Sem 2),exam,16,11,24.2,62,9.0,7,50,medium,medium,0,6,28.3,-2,0
Compiler Lab - Lexical Analysis (Sem 1),lab_experiment,18,18,75.1,6,4.38,30,38,very_hard,critical,6,2,90.8,1,1
Research Project #2,project,30,27,79.4,64,4.98,40,88,medium,high,4,0,50.2,1,1
Web Dev Assignment,assignment,24,22,57.6,30,4.54,31,19,medium,critical,5,0,67.1,8,1
Data Structures Assignment,assignment,7,3,30.4,0,7.66,34,23,very_hard,high,5,1,87.4,7,1
Data Structures Assignment #3,assignment,5,1,11.8,5,4.2,9,65,hard,high,0,3,84.9,5,1
Machine Learning Assignment (Sem 5),assignment,24,22,56.2,29,8.86,14,82,medium,medium,8,4,48.6,4,1
IoT Based Project #2,project,33,30,61.5,52,9.02,10,89,hard,medium,2,3,39.6,-2,0
Module Exam (Sem 4),exam,24,24,3.8,42,4.27,27,81,hard,medium,10,1,58.3,2,1
ML Model Project #2,project,12,8,61.4,30,6.02,14,63,medium,medium,4,4,50.4,7,1
Software Engineering Assignment (Sem 4),assignment,18,17,79.2,32,9.35,39,74,easy,medium,2,2,32.5,-2,0
ML Model Project (Sem 3),project,3,1,27.4,57,8.9,22,100,easy,medium,9,2,59.8,6,1
Math Assignment,assignment,19,18,58.6,1,7.56,39,52,very_hard,medium,0,3,54.7,11,1
Mid-Semester Exam,exam,3,3,79.7,59,8.67,29,22,hard,high,2,2,60.1,13,1
Weekly Test (Sem 1),exam,23,22,14.3,3,6.44,44,57,very_hard,medium,4,5,75.8,2,1
OS Lab - Process Scheduling,lab_experiment,16,14,63.0,72,6.14,8,11,easy,medium,0,0,16.4,-1,0
Math Assignment #2,assignment,35,30,55.2,75,5.56,45,89,medium,medium,0,6,39.5,0,0
Web Dev Assignment #2,assignment,23,19,4.9,45,8.25,42,96,medium,low,3,5,39.2,-3,0
Data Structures Assignment (Sem 5),assignment,20,19,77.6,98,8.33,18,98,very_hard,low,4,2,38.2,-2,0
Networking Assignment (Sem 1),assignment,24,19,77.8,36,4.39,39,48,hard,critical,3,5,77.7,6,1
Digital Electronics Lab,lab_experiment,31,29,55.2,43,4.88,28,59,easy,low,7,4,47.2,10,1
Data Structures Assignment (Sem 7),assignment,1,1,44.2,91,6.64,21,15,hard,critical,7,4,88.9,5,1
DS Lab - Linked List #2,lab_experiment,23,18,77.1,47,9.17,6,10,medium,medium,2,2,31.2,-1,0
Networking Assignment,assignment,5,2,17.8,48,5.88,13,60,easy,low,8,2,55.7,3,1
DBMS Assignment,assignment,26,25,25.3,12,4.42,7,83,easy,critical,6,6,73.3,11,1
Math Assignment (Sem 1),assignment,28,24,44.9,52,7.06,20,11,easy,critical,1,3,45.6,0,0
Group Project - Web App #2,project,33,28,27.4,58,6.0,41,81,hard,medium,5,6,59.5,10,1
DBMS Lab - SQL Queries #2,lab_experiment,8,5,4.7,30,6.51,16,11,very_hard,low,5,2,67.6,9,1
DBMS Lab - SQL Queries #3,lab_experiment,28,28,55.9,16,4.01,33,24,easy,medium,2,1,43.1,12,1
DBMS Assignment (Sem 7),assignment,31,30,8.8,77,8.35,15,18,medium,critical,1,4,42.1,0,0
Math Assignment #5,assignment,3,3,40.7,27,7.21,26,80,hard,high,5,4,84.2,12,1
Capstone Project #2,project,21,17,4.5,6,8.5,26,40,medium,high,9,6,63.4,4,1
Machine Learning Assignment (Sem 3),assignment,33,29,38.9,22,8.82,22,52,very_hard,medium,0,5,52.8,-3,0
Network Lab - Packet Analysis,lab_experiment,2,1,44.5,78,5.77,13,90,very_hard,critical,2,5,96.7,3,1
Algorithms Assignment #1,assignment,17,15,52.7,93,4.79,38,24,easy,critical,5,4,58.2,10,1
OS Lab - Process Scheduling,lab_experiment,6,1,17.4,6,5.66,50,99,easy,critical,2,5,94.8,8,1
IoT Based Project,project,16,11,16.3,99,8.56,37,21,medium,critical,6,2,47.9,7,1
OS Lab - Process Scheduling (Sem 6),lab_experiment,29,25,19.2,56,6.74,27,60,very_hard,low,8,1,53.5,3,1
Data Structures Assignment #2,assignment,26,21,78.3,9,6.82,29,87,easy,critical,9,5,71.1,9,1
DBMS Lab - SQL Queries,lab_experiment,31,26,43.8,35,4.4,29,60,easy,high,3,0,46.9,0,0
Final Year Project #5,project,16,12,70.9,53,9.05,30,68,very_hard,critical,0,3,58.4,4,1
Research Project #1,project,11,11,25.0,36,8.67,21,48,hard,medium,6,3,52.9,4,1
Surprise Test (Sem 4),exam,15,13,1.7,82,7.63,15,68,easy,high,6,1,34.1,0,0
OS Assignment #3,assignment,9,6,53.6,94,6.06,46,81,hard,medium,2,0,41.8,-3,0
Industry Internship Project (Sem 2),project,22,19,12.7,30,8.35,50,20,hard,high,6,2,62.0,4,1
Digital Electronics Lab,lab_experiment,25,23,75.8,23,9.33,47,17,medium,medium,3,2,43.1,4,1
Networking Assignment (Sem 2),assignment,28,26,68.0,67,7.0,6,57,very_hard,medium,7,6,62.2,12,1
Industry Internship Project #3,project,28,25,32.7,91,9.37,22,91,medium,low,3,3,24.0,-1,0
ML Model Project (Sem 7),project,23,19,31.2,8,6.59,22,26,easy,medium,5,0,45.6,9,1
Computer Graphics Assignment (Sem 5),assignment,4,2,15.6,51,7.58,25,57,hard,medium,7,1,61.3,2,1
OS Lab - Process Scheduling,lab_experiment,9,7,62.4,75,9.92,22,33,medium,critical,4,0,52.2,11,1
Module Exam,exam,26,25,75.3,14,5.81,25,49,medium,high,7,4,69.7,7,1
IOT Lab Experiment (Sem 2),lab_experiment,28,28,3.4,82,8.12,12,73,very_hard,high,2,1,44.8,-3,0
Math Assignment,assignment,33,29,23.2,20,5.25,47,45,hard,low,8,6,67.7,8,1
Viva Voce,exam,16,15,51.8,20,9.22,48,13,hard,medium,5,5,62.8,14,1
DS Lab - Linked List #4,lab_experiment,8,4,35.0,87,5.94,17,34,medium,low,0,5,37.3,-3,0
Unit Test,exam,31,29,26.7,66,7.95,7,14,easy,low,10,1,24.5,-2,0
Algorithms Assignment #2,assignment,22,21,10.5,3,7.63,19,83,hard,low,3,6,52.3,7,1
Web Dev Assignment,assignment,4,3,30.9,44,6.11,14,76,hard,low,0,4,52.6,11,1
Computer Vision Lab #4,lab_experiment,9,4,30.5,78,6.11,47,97,medium,medium,2,1,40.1,0,0
Computer Vision Lab,lab_experiment,11,9,68.4,88,8.16,19,55,medium,medium,6,0,29.3,-1,0
Web Dev Assignment,assignment,20,17,4.6,23,6.33,36,25,hard,high,3,3,63.0,1,1
Data Structures Assignment,assignment,12,12,29.0,70,5.33,40,96,hard,critical,1,6,65.0,8,1
ML Model Project #5,project,16,15,26.6,96,5.58,14,36,very_hard,critical,2,1,60.2,3,1
OS Assignment #5,assignment,6,4,45.3,85,9.15,41,29,hard,high,10,5,64.1,14,1
Network Lab - Packet Analysis,lab_experiment,13,12,65.9,79,9.96,26,37,medium,low,6,1,28.8,0,0
DBMS Lab - SQL Queries #1,lab_experiment,17,12,63.6,35,4.63,20,10,medium,medium,8,2,54.0,13,1
Machine Learning Assignment,assignment,33,28,6.7,99,6.31,30,94,easy,high,10,3,41.2,-2,0
IoT Based Project #4,project,25,23,63.5,5,6.17,21,82,easy,low,10,5,51.1,-3,0
End-Semester Exam,exam,6,2,61.5,86,6.05,32,44,easy,critical,1,4,57.0,12,1
Industry Internship Project #2,project,20,17,29.3,23,4.36,5,27,easy,low,2,5,41.9,-3,0
Computer Graphics Assignment,assignment,28,23,8.1,39,4.44,17,83,medium,high,9,3,61.9,8,1
Mobile App Development,project,3,2,34.7,61,5.39,43,33,easy,high,10,6,74.1,1,1
IoT Based Project (Sem 8),project,20,17,28.8,81,9.62,45,97,hard,critical,4,1,54.3,2,1
Software Engineering Assignment,assignment,4,0,54.1,100,7.47,26,33,medium,low,2,0,43.6,10,1
Math Assignment #1,assignment,28,25,22.5,36,7.38,34,46,medium,high,0,1,40.2,0,0
Mobile App Development (Sem 5),project,24,21,40.2,38,7.43,42,67,very_hard,critical,1,3,70.6,14,1
Embedded Systems Lab (Sem 7),lab_experiment,3,1,68.8,4,4.14,20,55,medium,medium,3,0,75.2,10,1
ML Model Project (Sem 7),project,8,5,35.9,14,9.3,41,93,medium,high,6,1,63.3,6,1
OS Lab - Process Scheduling (Sem 8),lab_experiment,1,0,30.1,14,4.97,15,69,medium,medium,4,1,77.7,2,1
Surprise Test (Sem 6),exam,14,12,73.9,52,7.94,20,48,very_hard,high,4,5,65.6,4,1
Viva Voce (Sem 5),exam,6,3,46.0,77,7.53,43,41,hard,critical,4,2,71.9,10,1
ML Model Project #2,project,8,8,42.5,86,9.02,49,81,easy,medium,9,2,31.7,0,0
Computer Vision Lab (Sem 4),lab_experiment,25,21,51.8,66,7.5,22,22,medium,low,0,6,24.0,0,0
OS Lab - Process Scheduling #2,lab_experiment,24,24,38.8,38,9.4,38,54,easy,high,6,2,47.2,6,1
Industry Internship Project,project,7,7,4.4,35,7.4,24,58,very_hard,low,9,1,65.4,10,1
Data Structures Assignment,assignment,4,4,17.1,59,6.0,30,55,medium,high,3,2,54.2,10,1
Weekly Test,exam,33,29,49.1,8,5.57,28,80,medium,medium,5,3,62.2,7,1
DBMS Lab - SQL Queries (Sem 4),lab_experiment,19,17,4.8,26,5.78,16,34,hard,low,10,5,63.4,3,1
Networking Assignment #2,assignment,10,9,21.9,26,7.94,6,48,medium,medium,9,3,46.4,0,0
Data Structures Assignment (Sem 6),assignment,23,22,46.0,35,6.29,42,16,easy,high,1,5,47.2,11,1
Capstone Project #3,project,9,8,79.5,38,5.25,25,17,easy,medium,5,0,44.9,3,1
Digital Electronics Lab #5,lab_experiment,14,12,15.3,96,6.02,15,35,medium,medium,2,4,31.3,-2,0
DBMS Assignment #1,assignment,16,12,79.3,27,5.23,5,39,easy,low,6,3,46.1,8,1
OS Assignment #4,assignment,29,29,35.6,54,4.85,35,88,hard,high,5,1,63.7,12,1
DBMS Assignment,assignment,1,1,75.4,22,9.46,42,81,hard,high,2,1,76.8,1,1
AI Lab - Search Algorithms,lab_experiment,19,17,37.2,74,8.86,6,21,medium,low,2,5,26.8,-2,0
Mid-Semester Exam #3,exam,31,26,33.7,33,7.96,39,69,hard,critical,7,5,74.3,11,1
IoT Based Project,project,23,19,74.9,23,9.55,8,59,medium,medium,8,6,51.2,8,1
IOT Lab Experiment (Sem 6),lab_experiment,27,27,15.2,40,7.59,42,98,medium,medium,8,2,45.2,-1,0
DS Lab - Linked List (Sem 4),lab_experiment,9,6,46.3,9,8.77,11,26,easy,critical,1,4,58.3,8,1
Networking Assignment (Sem 7),assignment,19,19,53.9,9,6.73,8,72,medium,low,10,1,46.0,10,1
Compiler Lab - Lexical Analysis (Sem 5),lab_experiment,12,11,48.3,94,9.31,12,73,easy,low,7,3,23.4,-1,0
DS Lab - Linked List,lab_experiment,5,5,29.5,37,4.9,12,58,easy,high,10,6,68.8,5,1
Group Project - Web App (Sem 1),project,18,17,17.0,37,5.77,33,12,medium,high,7,4,65.9,10,1
Mid-Semester Exam,exam,26,25,1.8,47,7.68,29,74,hard,low,5,1,42.5,0,0
ML Model Project #5,project,18,13,53.0,20,9.69,43,50,medium,medium,7,3,51.3,8,1
Unit Test (Sem 6),exam,4,4,34.1,51,6.1,10,28,hard,low,10,2,54.8,10,1
Network Lab - Packet Analysis,lab_experiment,4,2,74.0,98,6.46,7,29,hard,medium,10,5,63.1,10,1
Group Project - Web App #4,project,26,21,65.2,82,6.45,44,47,hard,critical,0,3,51.0,7,1
Math Assignment (Sem 1),assignment,25,21,27.8,24,5.23,11,38,hard,high,0,0,50.3,5,1
Network Lab - Packet Analysis,lab_experiment,28,27,8.5,22,8.69,28,47,medium,critical,1,5,56.4,6,1
Embedded Systems Lab (Sem 7),lab_experiment,18,15,24.5,1,4.62,42,24,medium,medium,8,0,59.0,7,1
Viva Voce,exam,28,25,15.0,64,9.49,36,66,hard,medium,5,4,50.8,6,1
Mobile App Development (Sem 7),project,14,9,10.4,55,8.35,18,47,hard,low,2,5,38.8,7,1
Network Lab - Packet Analysis,lab_experiment,2,0,55.5,5,5.71,44,42,medium,high,1,2,82.4,12,1
Open Source Contribution,project,19,15,36.3,97,6.44,44,86,very_hard,medium,8,0,50.0,11,1
Digital Electronics Lab (Sem 2),lab_experiment,17,17,5.5,55,6.53,6,98,hard,high,0,0,38.6,-1,0
Network Lab - Packet Analysis,lab_experiment,20,17,15.9,12,4.02,45,15,medium,low,3,4,54.1,4,1
Math Assignment #5,assignment,30,26,14.5,99,7.39,44,17,easy,medium,6,1,31.6,0,0
Group Project - Web App (Sem 3),project,29,28,70.7,64,7.66,29,96,hard,critical,3,6,61.1,8,1
Mini Project (Sem 6),project,8,3,77.1,96,8.96,30,32,medium,low,6,4,46.8,5,1
Data Structures Assignment,assignment,25,21,63.5,25,9.4,50,87,easy,high,8,5,57.0,4,1
Unit Test (Sem 2),exam,17,15,57.0,97,8.42,49,12,medium,critical,7,3,51.5,2,1
Software Engineering Assignment,assignment,24,20,42.3,83,8.88,20,19,hard,medium,7,3,43.4,2,1
Open Source Contribution (Sem 6),project,17,13,68.4,82,5.48,49,48,medium,medium,10,0,43.5,12,1
Embedded Systems Lab (Sem 6),lab_experiment,33,30,43.2,97,5.02,27,83,hard,low,7,1,42.3,-1,0
Compiler Lab - Lexical Analysis (Sem 4),lab_experiment,13,8,35.4,81,4.05,33,48,very_hard,high,9,0,64.1,8,1
Weekly Test #2,exam,20,18,6.0,56,7.44,30,72,easy,low,9,3,37.8,-1,0
ML Model Project (Sem 6),project,23,19,23.5,35,4.45,37,34,hard,high,4,0,62.7,7,1
Group Project - Web App (Sem 8),project,35,30,28.1,51,8.4,39,78,easy,medium,9,4,41.7,-3,0
Viva Voce (Sem 1),exam,10,5,51.6,50,9.26,25,31,easy,critical,0,1,42.5,0,0
IOT Lab Experiment #1,lab_experiment,13,9,48.5,7,4.11,39,32,medium,high,5,4,72.5,2,1
OS Lab - Process Scheduling (Sem 4),lab_experiment,25,25,27.1,39,8.0,39,80,medium,high,7,2,52.1,14,1
Machine Learning Assignment,assignment,1,0,74.1,57,8.73,5,16,easy,low,5,5,59.1,7,1
Mini Project (Sem 6),project,6,6,73.0,45,6.32,11,81,medium,high,7,4,65.1,11,1
Online Quiz (Sem 1),exam,27,24,73.2,2,7.92,38,70,easy,critical,0,0,43.4,-3,0
Embedded Systems Lab,lab_experiment,9,7,73.6,38,9.7,21,26,hard,critical,6,3,75.5,5,1
Online Quiz #5,exam,7,5,75.3,48,4.85,13,24,medium,medium,9,3,60.7,14,1
Research Project,project,6,5,10.9,1,5.99,18,91,hard,medium,0,2,60.6,8,1
Weekly Test (Sem 5),exam,14,9,63.1,47,7.58,43,65,medium,low,3,4,36.9,-2,0
Mid-Semester Exam,exam,11,9,58.6,27,4.61,49,86,easy,high,6,1,58.5,11,1
DBMS Lab - SQL Queries,lab_experiment,34,29,12.3,59,6.97,32,44,medium,medium,3,4,43.4,-1,0
Practical Exam,exam,9,5,53.8,21,8.09,27,27,hard,medium,6,0,58.5,9,1
Weekly Test #3,exam,2,2,27.5,6,7.17,45,16,medium,high,4,3,78.3,8,1
Viva Voce #4,exam,21,20,29.2,18,5.79,38,47,easy,high,7,0,57.2,6,1
Surprise Test #4,exam,13,9,17.1,42,5.39,37,78,easy,low,8,1,42.3,0,0
OS Assignment (Sem 4),assignment,20,16,78.5,54,9.62,37,70,medium,critical,8,0,52.9,6,1
IOT Lab Experiment,lab_experiment,2,0,66.3,55,5.1,48,18,medium,low,4,3,71.8,6,1
Compiler Lab - Lexical Analysis (Sem 8),lab_experiment,1,1,41.4,13,6.14,48,71,easy,medium,6,3,78.2,2,1
Capstone Project (Sem 3),project,28,25,47.5,8,9.92,19,36,hard,low,9,4,55.3,5,1
Mobile App Development,project,23,19,46.4,3,8.14,12,16,medium,high,7,1,54.6,10,1
Machine Learning Assignment,assignment,8,3,7.7,76,6.46,38,47,very_hard,low,4,3,66.6,5,1
Surprise Test (Sem 8),exam,14,11,14.5,47,8.94,36,52,hard,high,8,1,55.2,9,1
Computer Graphics Assignment,assignment,5,2,59.9,59,8.39,43,94,very_hard,high,1,6,72.5,3,1
Module Exam (Sem 4),exam,22,19,72.0,59,4.09,26,84,medium,critical,4,2,61.8,13,1
Algorithms Assignment #2,assignment,25,24,42.3,50,9.89,11,20,easy,medium,0,1,18.1,-1,0
Open Source Contribution (Sem 2),project,11,7,78.9,62,9.01,10,45,very_hard,medium,0,6,51.6,1,1
DBMS Lab - SQL Queries (Sem 8),lab_experiment,3,1,25.9,71,9.17,32,84,medium,high,5,0,66.0,11,1
Module Exam (Sem 1),exam,19,14,1.9,85,5.91,13,96,medium,high,1,0,34.3,-2,0
Data Structures Assignment (Sem 3),assignment,17,15,11.6,40,6.1,20,64,easy,low,8,2,38.0,-3,0
Data Structures Assignment,assignment,29,28,24.6,91,6.77,30,18,very_hard,critical,8,3,70.8,4,1
Mobile App Development,project,11,6,28.5,92,7.6,41,41,medium,medium,9,0,38.7,12,1
Math Assignment #5,assignment,4,2,51.0,37,6.7,20,21,hard,critical,6,1,83.6,10,1
Industry Internship Project #2,project,25,25,9.0,37,5.48,48,88,easy,low,8,1,44.4,8,1
Research Project,project,21,17,34.3,98,7.9,31,10,medium,medium,2,4,27.5,-3,0
ML Model Project (Sem 2),project,24,21,7.0,13,7.74,49,69,very_hard,medium,3,2,60.3,9,1
Online Quiz #3,exam,30,30,4.0,85,7.36,5,27,medium,medium,4,1,32.5,0,0
Group Project - Web App (Sem 3),project,27,27,21.8,33,8.06,34,24,medium,high,9,2,52.8,13,1
OS Lab - Process Scheduling (Sem 7),lab_experiment,25,25,34.1,51,5.56,47,87,hard,high,0,4,56.5,3,1
Digital Electronics Lab (Sem 5),lab_experiment,19,16,61.5,40,8.53,27,24,very_hard,medium,5,4,62.7,12,1
Research Project #4,project,9,8,2.7,54,8.84,40,25,hard,high,4,6,59.2,12,1
Networking Assignment (Sem 4),assignment,20,16,72.2,64,6.96,40,70,medium,high,8,1,50.2,12,1
DS Lab - Linked List #4,lab_experiment,14,14,66.5,12,5.4,5,87,easy,critical,5,1,65.1,9,1
Final Year Project #2,project,6,4,21.9,21,9.82,21,18,hard,low,3,0,46.9,-3,0
Weekly Test,exam,10,8,6.2,7,8.24,36,98,hard,high,1,4,57.2,4,1
AI Lab - Search Algorithms (Sem 4),lab_experiment,20,20,5.7,61,8.29,24,22,very_hard,critical,2,6,66.2,5,1
Final Year Project,project,26,23,78.7,73,6.44,16,32,medium,critical,4,6,59.0,3,1
AI Lab - Search Algorithms (Sem 5),lab_experiment,25,20,17.9,53,4.6,39,89,easy,low,6,4,46.3,7,1
Software Engineering Assignment #2,assignment,1,0,44.1,57,8.17,15,17,very_hard,low,0,0,55.1,10,1
Internal Assessment (Sem 7),exam,4,4,46.1,25,6.46,39,84,easy,medium,7,4,59.9,6,1
Data Structures Assignment,assignment,6,4,76.5,72,9.79,6,69,medium,medium,3,6,43.2,13,1
Web Dev Assignment,assignment,4,3,43.7,48,7.4,37,70,very_hard,high,7,1,83.1,3,1
Data Structures Assignment (Sem 6),assignment,26,24,59.7,14,9.99,12,82,easy,high,1,3,39.4,-3,0
ML Model Project #3,project,2,1,66.2,97,5.81,13,33,medium,low,6,0,56.9,3,1
Unit Test,exam,9,4,73.2,85,8.38,42,44,medium,high,7,1,49.2,7,1
Networking Assignment (Sem 7),assignment,22,20,25.9,28,9.54,35,62,easy,medium,4,5,44.9,-3,0
AI Lab - Search Algorithms (Sem 6),lab_experiment,19,17,9.8,4,4.79,11,83,hard,medium,8,4,70.3,14,1
DBMS Assignment (Sem 7),assignment,14,9,48.9,68,9.31,21,71,hard,high,8,5,57.5,7,1
DS Lab - Linked List,lab_experiment,29,29,40.5,34,5.87,21,13,medium,medium,10,4,58.3,2,1
Computer Graphics Assignment #1,assignment,23,19,11.3,55,5.8,8,61,hard,high,8,6,68.8,13,1
Embedded Systems Lab,lab_experiment,27,25,78.4,35,7.24,37,65,medium,critical,0,4,54.7,3,1
Networking Assignment #5,assignment,11,8,15.8,91,9.13,15,18,very_hard,low,7,5,48.3,12,1
OS Lab - Process Scheduling,lab_experiment,29,28,61.1,0,4.37,6,80,medium,medium,4,5,62.6,12,1
Capstone Project (Sem 2),project,0,0,41.8,73,8.61,41,21,easy,low,0,0,34.5,-3,0
Industry Internship Project,project,24,21,16.9,58,8.45,42,96,medium,high,7,5,54.6,12,1
Software Engineering Assignment #1,assignment,17,17,75.5,70,6.55,21,59,medium,low,9,6,43.1,-1,0
DS Lab - Linked List,lab_experiment,24,23,76.3,10,9.58,38,20,medium,high,8,5,63.8,6,1
Practical Exam (Sem 3),exam,32,30,12.9,2,5.13,21,95,easy,medium,5,6,61.7,4,1
Online Quiz #4,exam,13,10,75.5,77,7.58,23,84,very_hard,medium,6,3,52.9,8,1
OS Lab - Process Scheduling (Sem 1),lab_experiment,6,4,70.6,92,4.1,13,100,hard,critical,8,1,69.9,3,1
Digital Electronics Lab,lab_experiment,7,4,12.1,67,6.08,9,73,medium,medium,2,3,42.5,4,1
Internal Assessment,exam,31,30,28.2,58,4.1,23,21,easy,low,8,1,37.7,-1,0
Machine Learning Assignment,assignment,21,20,63.1,41,6.08,6,46,hard,critical,1,0,52.4,1,1
Industry Internship Project,project,11,8,33.3,6,4.51,40,41,medium,medium,0,0,42.8,-2,0
Network Lab - Packet Analysis,lab_experiment,11,11,10.9,83,9.43,39,57,easy,high,6,6,44.3,-1,0
AI Lab - Search Algorithms (Sem 7),lab_experiment,3,1,52.8,18,9.87,31,38,very_hard,medium,0,0,69.5,10,1
Math Assignment #2,assignment,20,15,59.7,80,9.9,24,72,hard,medium,5,4,46.4,0,0
Web Dev Assignment,assignment,32,30,60.8,95,8.08,34,95,very_hard,medium,0,4,37.4,0,0
Mobile App Development,project,28,27,22.8,9,9.74,44,66,very_hard,medium,8,3,68.6,9,1
Surprise Test #3,exam,26,26,53.3,74,4.36,18,56,easy,medium,1,6,35.0,-1,0
ML Model Project,project,12,10,65.1,39,4.32,31,58,medium,critical,2,0,56.3,6,1
ML Model Project,project,13,11,46.4,22,4.1,30,94,hard,high,10,6,77.6,2,1
OS Assignment,assignment,21,17,7.3,18,6.78,5,95,medium,medium,5,5,56.9,10,1
Module Exam (Sem 3),exam,6,2,41.8,75,8.81,39,12,very_hard,medium,0,2,52.9,14,1
OS Assignment,assignment,7,5,25.6,84,8.5,10,33,medium,low,6,0,32.2,-1,0
Final Year Project,project,8,3,58.7,64,6.31,8,35,easy,critical,3,0,57.0,10,1
Open Source Contribution,project,4,2,3.6,1,5.26,35,24,medium,high,7,5,90.3,2,1
Open Source Contribution (Sem 1),project,8,3,60.9,19,8.56,27,97,hard,critical,0,5,75.9,9,1
End-Semester Exam (Sem 5),exam,18,14,27.0,46,9.53,45,25,easy,critical,5,1,52.3,6,1
DBMS Lab - SQL Queries,lab_experiment,21,17,54.4,56,7.14,5,70,easy,medium,0,5,29.3,-2,0
Mini Project #4,project,4,0,55.5,14,8.68,35,29,easy,medium,9,6,75.7,10,1
ML Model Project,project,18,17,39.3,29,4.24,31,81,very_hard,critical,0,1,69.3,13,1
Module Exam #1,exam,18,14,3.5,21,7.91,47,47,easy,high,3,3,47.5,3,1
DBMS Lab - SQL Queries #4,lab_experiment,24,19,61.3,70,6.11,34,43,medium,medium,6,6,49.4,8,1
End-Semester Exam,exam,20,18,56.1,18,4.54,8,24,hard,critical,2,3,71.2,2,1
Web Dev Assignment,assignment,11,11,78.4,83,7.14,21,30,medium,medium,1,4,31.5,-2,0
AI Lab - Search Algorithms (Sem 5),lab_experiment,3,2,2.9,38,9.48,32,86,hard,low,0,2,46.6,14,1
OS Lab - Process Scheduling #2,lab_experiment,29,29,30.8,92,6.19,50,80,very_hard,high,6,5,68.6,13,1
DS Lab - Linked List,lab_experiment,13,9,8.2,0,5.96,12,45,very_hard,medium,2,3,68.2,9,1
Mini Project,project,19,17,26.4,97,9.49,12,27,medium,low,7,3,27.8,-1,0
DBMS Assignment (Sem 6),assignment,19,15,8.8,46,5.56,29,91,easy,high,9,3,56.7,3,1
Embedded Systems Lab #1,lab_experiment,27,25,35.4,94,9.06,28,45,medium,medium,2,0,20.0,-1,0
Web Dev Assignment #1,assignment,6,6,66.3,59,4.74,29,43,hard,medium,10,6,71.1,4,1
Final Year Project #2,project,12,10,78.3,67,4.1,16,66,medium,low,4,4,43.2,14,1
Weekly Test,exam,9,5,14.6,33,8.62,30,97,medium,critical,7,1,66.4,9,1
Mid-Semester Exam #4,exam,9,8,1.8,83,9.35,48,36,easy,critical,3,2,41.2,-2,0
Capstone Project #4,project,20,19,18.2,67,6.59,37,70,hard,medium,10,5,57.3,1,1
Module Exam (Sem 7),exam,22,21,14.9,88,6.01,28,40,medium,medium,0,5,30.2,-2,0
Group Project - Web App (Sem 7),project,4,2,48.1,57,6.57,21,11,medium,high,5,3,68.7,8,1
Web Dev Assignment #5,assignment,24,22,28.2,20,6.62,9,85,hard,low,8,2,52.9,3,1
IOT Lab Experiment (Sem 7),lab_experiment,27,26,37.0,26,5.08,50,32,easy,high,7,0,56.8,2,1
Web Dev Assignment #3,assignment,19,19,77.5,13,6.54,8,47,easy,critical,5,0,58.2,5,1
Module Exam,exam,12,11,75.3,54,9.73,5,36,hard,high,2,0,39.7,3,1
Industry Internship Project,project,30,28,15.6,50,5.61,9,17,medium,low,1,3,34.9,0,0
Networking Assignment,assignment,14,14,71.2,87,4.06,7,47,hard,medium,6,6,55.3,8,1
AI Lab - Search Algorithms (Sem 7),lab_experiment,7,7,69.2,56,4.96,22,66,medium,medium,8,0,54.0,9,1
Computer Vision Lab #1,lab_experiment,8,8,13.3,44,7.69,44,80,medium,high,3,5,51.6,-2,0
IOT Lab Experiment,lab_experiment,17,17,13.6,73,4.71,29,38,medium,low,9,6,48.3,7,1
DBMS Assignment #4,assignment,17,12,27.2,21,6.72,15,80,hard,medium,3,4,56.3,8,1
Surprise Test,exam,19,14,1.0,69,6.61,5,63,hard,critical,6,6,68.7,14,1
DBMS Assignment (Sem 1),assignment,22,22,45.6,21,7.57,15,33,hard,critical,4,6,71.3,4,1
Algorithms Assignment (Sem 1),assignment,8,7,72.0,44,9.74,20,36,easy,critical,3,2,54.2,-3,0
DBMS Assignment #3,assignment,27,27,10.0,93,5.36,26,46,medium,high,0,1,33.0,0,0
Internal Assessment,exam,7,6,24.3,31,6.36,15,85,medium,low,8,0,48.3,-1,0
DBMS Lab - SQL Queries #2,lab_experiment,3,2,70.5,7,6.67,26,86,medium,critical,9,4,89.2,10,1
OS Lab - Process Scheduling,lab_experiment,33,30,32.7,9,6.89,24,85,medium,low,0,3,36.6,-2,0
End-Semester Exam #5,exam,14,10,78.9,12,7.52,16,60,medium,high,1,3,45.2,6,1
Embedded Systems Lab #2,lab_experiment,17,15,12.9,65,7.78,30,42,medium,critical,2,5,51.0,1,1
Mini Project,project,4,0,47.9,84,8.45,39,44,medium,low,0,1,39.1,-2,0
OS Assignment #3,assignment,11,11,26.1,34,5.26,13,22,hard,low,3,5,55.5,14,1
Machine Learning Assignment (Sem 8),assignment,19,14,12.0,59,7.63,13,57,hard,medium,2,1,34.5,-3,0
AI Lab - Search Algorithms (Sem 2),lab_experiment,10,5,74.3,0,5.82,39,71,medium,medium,10,3,72.9,14,1
DS Lab - Linked List (Sem 3),lab_experiment,22,18,35.0,12,6.15,44,17,easy,medium,8,5,57.0,5,1
ML Model Project (Sem 6),project,18,16,59.1,67,5.15,39,31,very_hard,medium,6,5,70.5,13,1
Research Project,project,27,23,22.0,61,4.75,42,31,medium,critical,10,6,72.0,6,1
End-Semester Exam,exam,18,17,14.6,44,4.05,11,78,easy,high,10,5,59.3,7,1
AI Lab - Search Algorithms (Sem 3),lab_experiment,14,13,47.5,32,9.28,46,11,easy,critical,2,1,46.2,5,1
Algorithms Assignment (Sem 3),assignment,0,0,48.8,83,6.51,15,98,medium,low,6,0,54.9,5,1
Mid-Semester Exam #5,exam,7,6,6.3,36,7.88,6,39,hard,low,1,4,44.4,4,1
Compiler Lab - Lexical Analysis,lab_experiment,7,5,67.1,11,4.52,42,38,medium,low,0,3,51.0,1,1
IOT Lab Experiment #4,lab_experiment,14,12,32.6,87,8.49,8,70,very_hard,critical,6,2,62.4,4,1
Mid-Semester Exam,exam,15,14,16.8,54,4.54,32,94,easy,medium,1,1,32.4,-2,0
Mini Project #1,project,22,22,77.2,38,4.82,17,22,medium,medium,4,0,46.1,-2,0
Research Project (Sem 8),project,31,28,42.3,61,9.71,7,64,very_hard,medium,4,4,53.5,5,1
Computer Vision Lab #1,lab_experiment,25,25,38.4,43,4.6,40,66,easy,low,7,4,48.4,-2,0
AI Lab - Search Algorithms,lab_experiment,13,9,18.3,39,5.6,22,19,hard,low,4,2,52.4,7,1
Internal Assessment (Sem 7),exam,11,8,46.1,1,4.99,23,78,medium,medium,2,3,54.1,9,1
Algorithms Assignment,assignment,19,16,59.0,34,4.38,5,10,hard,medium,5,5,65.7,6,1
ML Model Project #2,project,25,23,19.5,99,7.54,6,14,hard,medium,8,0,32.8,-1,0
Final Year Project (Sem 8),project,23,20,59.2,37,5.33,37,76,medium,medium,0,3,42.3,0,0
Machine Learning Assignment #4,assignment,11,8,68.1,16,8.08,29,39,medium,critical,1,2,51.7,11,1
End-Semester Exam (Sem 6),exam,27,23,46.1,7,4.89,35,99,easy,high,0,6,54.1,-1,0
Mid-Semester Exam,exam,10,9,29.7,96,9.29,7,53,very_hard,medium,3,3,41.5,-1,0
Industry Internship Project,project,3,0,39.2,56,8.0,6,61,medium,high,1,4,62.4,3,1
Network Lab - Packet Analysis #4,lab_experiment,33,29,51.7,99,4.49,6,75,medium,high,6,2,46.8,4,1
Surprise Test #1,exam,25,24,46.2,26,5.83,15,99,medium,high,8,6,68.3,8,1
Final Year Project,project,32,27,51.3,73,4.83,12,98,medium,medium,8,3,47.6,13,1
Machine Learning Assignment,assignment,16,13,17.3,7,8.58,30,30,hard,critical,0,3,59.6,4,1
Digital Electronics Lab (Sem 2),lab_experiment,22,18,74.5,62,4.72,14,63,hard,critical,3,6,70.0,13,1
IOT Lab Experiment (Sem 8),lab_experiment,29,29,43.2,39,7.66,15,61,hard,low,3,5,44.7,12,1
DBMS Lab - SQL Queries #2,lab_experiment,26,21,48.5,2,4.68,27,82,hard,medium,0,3,55.3,10,1
DBMS Lab - SQL Queries (Sem 6),lab_experiment,15,14,1.2,33,9.98,38,30,very_hard,medium,8,4,65.2,12,1
Internal Assessment (Sem 3),exam,26,21,7.0,92,7.23,31,70,medium,critical,6,5,59.7,7,1
Internal Assessment (Sem 6),exam,20,16,69.2,97,9.42,8,23,medium,critical,9,5,51.4,11,1
Digital Electronics Lab,lab_experiment,9,6,62.2,14,6.86,43,29,medium,medium,7,0,59.5,4,1
Machine Learning Assignment (Sem 1),assignment,20,20,36.9,51,4.9,15,86,very_hard,high,10,6,78.3,13,1
Viva Voce,exam,21,21,37.2,66,7.05,42,53,very_hard,low,10,3,57.0,11,1
End-Semester Exam (Sem 7),exam,3,0,75.0,87,4.67,43,59,very_hard,low,7,3,82.9,7,1
OS Lab - Process Scheduling (Sem 1),lab_experiment,4,4,20.0,15,6.74,45,32,very_hard,medium,10,2,78.5,5,1
Internal Assessment (Sem 7),exam,21,20,51.7,42,9.99,48,72,very_hard,low,0,5,46.4,12,1
Unit Test (Sem 3),exam,30,28,18.0,76,4.11,10,29,very_hard,medium,3,0,49.8,3,1
Surprise Test (Sem 7),exam,2,1,49.2,83,8.57,5,26,very_hard,medium,6,2,72.9,3,1
Mid-Semester Exam,exam,25,22,21.2,96,4.47,39,66,hard,high,4,5,60.7,1,1
Embedded Systems Lab,lab_experiment,16,11,46.0,63,5.49,28,45,very_hard,medium,2,1,53.2,3,1
Embedded Systems Lab #1,lab_experiment,28,25,48.7,79,9.82,31,46,hard,low,9,2,38.3,0,0
Network Lab - Packet Analysis,lab_experiment,23,19,31.6,21,9.77,41,89,easy,medium,6,0,39.9,0,0
Research Project #2,project,23,19,72.8,76,7.94,14,85,very_hard,high,8,1,55.2,4,1
Module Exam (Sem 7),exam,19,16,57.1,57,7.67,28,65,easy,low,4,4,31.4,-2,0
Machine Learning Assignment,assignment,11,10,48.6,95,5.14,43,20,easy,low,0,0,15.3,-3,0
Algorithms Assignment (Sem 1),assignment,26,21,37.8,51,4.88,44,18,very_hard,medium,10,5,74.2,4,1
Algorithms Assignment,assignment,9,9,2.3,66,8.87,36,51,easy,high,8,3,43.4,-2,0
Computer Graphics Assignment (Sem 7),assignment,15,10,31.3,20,8.45,47,99,easy,critical,5,4,63.7,12,1
OS Lab - Process Scheduling,lab_experiment,11,10,3.4,62,9.96,32,87,very_hard,low,4,4,50.8,10,1
Research Project (Sem 1),project,29,27,32.8,16,9.28,10,70,hard,medium,0,3,40.8,0,0
Mini Project (Sem 7),project,13,10,13.1,97,7.91,46,47,hard,low,3,6,36.2,-1,0
ML Model Project #1,project,7,7,52.9,61,7.96,25,61,easy,low,7,3,39.3,-2,0
DBMS Lab - SQL Queries,lab_experiment,10,7,7.8,73,8.57,16,15,easy,medium,9,5,45.0,14,1
Computer Graphics Assignment,assignment,9,6,4.2,38,8.39,23,49,medium,medium,8,4,55.7,1,1
Weekly Test #4,exam,27,23,33.9,16,8.65,25,18,very_hard,critical,7,3,80.3,6,1
Computer Graphics Assignment (Sem 8),assignment,6,1,45.0,99,9.85,10,71,hard,critical,2,6,74.2,9,1
End-Semester Exam #3,exam,8,6,3.9,9,7.35,27,75,easy,medium,1,5,51.9,12,1
Math Assignment #4,assignment,26,22,32.0,46,5.49,47,24,very_hard,low,7,6,70.5,8,1
Data Structures Assignment (Sem 1),assignment,7,7,57.6,40,9.36,12,79,medium,low,3,4,43.2,-2,0
DBMS Lab - SQL Queries (Sem 1),lab_experiment,10,6,31.2,98,4.96,7,40,medium,critical,8,4,67.1,7,1
Mid-Semester Exam,exam,14,12,13.4,89,6.03,29,46,hard,high,3,6,53.1,4,1
Compiler Lab - Lexical Analysis,lab_experiment,2,1,48.8,59,5.8,6,74,very_hard,critical,6,3,100.0,1,1
Final Year Project,project,26,21,10.3,89,7.69,39,98,hard,critical,3,0,47.1,2,1
Network Lab - Packet Analysis,lab_experiment,5,3,43.4,70,6.03,8,53,easy,medium,2,5,47.8,2,1
Computer Graphics Assignment #4,assignment,19,14,54.1,20,4.88,25,38,hard,medium,0,3,51.5,8,1
Practical Exam #3,exam,28,23,76.7,7,9.18,48,96,hard,critical,3,0,64.4,8,1
Algorithms Assignment (Sem 2),assignment,20,18,58.6,73,5.63,36,59,very_hard,low,6,1,56.0,4,1
Surprise Test #4,exam,7,7,11.9,49,4.44,39,48,easy,medium,8,3,58.1,1,1
Embedded Systems Lab,lab_experiment,10,10,32.1,5,6.38,20,65,hard,medium,2,5,59.0,9,1
Software Engineering Assignment (Sem 1),assignment,21,17,10.5,27,7.52,42,25,very_hard,low,3,5,57.8,1,1
Compiler Lab - Lexical Analysis (Sem 1),lab_experiment,10,8,13.5,25,8.6,34,57,hard,high,5,1,59.4,14,1
Computer Graphics Assignment,assignment,5,1,57.6,55,4.26,34,54,very_hard,critical,4,5,100.0,6,1
Viva Voce,exam,12,10,60.0,77,5.69,23,52,medium,low,8,0,36.9,-3,0
IoT Based Project #3,project,30,28,61.2,50,9.88,15,31,hard,high,2,0,41.5,8,1
Final Year Project #3,project,1,0,77.6,52,4.62,31,27,medium,medium,7,0,72.7,5,1
Research Project,project,5,4,28.9,8,6.2,28,13,easy,critical,10,0,69.2,2,1
Group Project - Web App #1,project,25,25,26.0,6,6.08,33,83,easy,low,4,2,43.1,-3,0
DS Lab - Linked List #5,lab_experiment,18,14,22.0,90,6.25,21,56,medium,high,5,5,51.1,8,1
Math Assignment (Sem 2),assignment,34,29,7.3,82,9.59,45,83,medium,medium,4,6,40.1,0,0
Embedded Systems Lab,lab_experiment,18,17,16.4,41,8.28,36,43,hard,high,6,4,62.4,1,1
Weekly Test,exam,28,23,38.8,60,8.81,10,79,medium,critical,10,0,49.0,10,1
Network Lab - Packet Analysis #1,lab_experiment,16,15,18.1,18,8.14,43,99,medium,high,2,1,45.7,10,1
ML Model Project,project,31,27,73.8,41,5.44,15,60,very_hard,critical,7,3,84.3,10,1
AI Lab - Search Algorithms #2,lab_experiment,30,29,50.1,90,4.96,39,53,hard,low,3,5,46.9,-2,0
Computer Graphics Assignment (Sem 5),assignment,0,0,34.4,24,5.37,16,76,medium,low,4,3,74.8,11,1
Computer Graphics Assignment (Sem 3),assignment,5,0,39.2,41,9.17,26,44,hard,low,6,0,66.4,8,1
Online Quiz,exam,18,17,10.8,0,8.3,30,46,very_hard,medium,2,1,56.0,13,1
Research Project #2,project,17,14,18.2,9,6.49,37,99,very_hard,critical,6,2,85.9,12,1
Final Year Project,project,19,17,5.1,48,8.79,26,88,medium,high,4,1,44.0,-1,0
Data Structures Assignment (Sem 5),assignment,2,1,71.9,34,4.11,46,65,medium,high,8,1,86.8,7,1
Mobile App Development (Sem 6),project,29,29,67.5,55,8.98,5,15,medium,medium,8,5,44.5,6,1
ML Model Project #4,project,21,18,22.1,76,6.91,42,36,easy,critical,9,5,59.0,13,1
Industry Internship Project (Sem 5),project,25,25,21.4,90,7.04,7,85,hard,critical,5,0,54.7,14,1
Surprise Test #2,exam,27,24,24.4,16,4.79,19,85,medium,medium,2,0,44.7,3,1
OS Assignment (Sem 5),assignment,31,29,19.0,2,4.02,9,33,hard,medium,2,1,55.5,4,1
Weekly Test (Sem 3),exam,7,5,32.4,59,8.48,49,72,easy,medium,8,4,49.1,3,1
DS Lab - Linked List,lab_experiment,15,10,44.2,37,4.4,38,16,medium,low,3,5,50.4,12,1
Surprise Test #3,exam,19,14,78.4,76,7.22,22,60,easy,high,8,3,45.0,0,0
Surprise Test (Sem 4),exam,18,17,77.7,79,9.15,33,29,medium,high,0,6,34.5,-3,0
Embedded Systems Lab #1,lab_experiment,4,4,8.8,41,6.14,25,67,hard,medium,4,2,60.3,8,1
IoT Based Project #3,project,11,11,79.3,22,5.53,32,45,easy,low,8,3,49.8,6,1
Open Source Contribution (Sem 5),project,3,1,6.6,48,6.12,25,23,easy,critical,4,2,78.9,2,1
ML Model Project,project,10,6,33.1,68,9.99,6,75,hard,high,7,6,64.0,1,1
Web Dev Assignment #1,assignment,6,6,70.7,38,8.86,22,29,very_hard,medium,6,0,62.6,3,1
Math Assignment,assignment,21,19,60.0,27,5.61,42,11,hard,medium,1,6,58.8,10,1
Industry Internship Project,project,28,26,27.6,19,7.33,12,36,medium,high,8,0,54.4,5,1
Mid-Semester Exam #4,exam,27,24,60.4,62,5.79,37,11,hard,medium,10,1,55.3,-1,0
Math Assignment,assignment,24,21,1.1,91,7.7,22,28,hard,high,0,6,38.0,-2,0
Math Assignment #5,assignment,18,16,49.2,2,6.81,24,29,easy,low,7,5,52.0,8,1
ML Model Project #5,project,15,11,29.9,14,7.94,9,75,very_hard,high,10,4,73.1,12,1
DS Lab - Linked List (Sem 3),lab_experiment,15,10,42.1,50,8.18,22,23,hard,low,10,6,49.2,-2,0
Embedded Systems Lab (Sem 6),lab_experiment,20,17,57.6,96,5.68,34,63,hard,medium,8,1,48.2,2,1
Group Project - Web App #1,project,9,5,17.9,82,9.49,10,57,easy,high,1,3,33.6,-2,0
Unit Test #4,exam,20,18,33.7,70,7.56,6,63,very_hard,medium,7,5,56.6,3,1
IOT Lab Experiment (Sem 8),lab_experiment,20,16,3.1,19,9.3,19,70,hard,high,0,5,52.1,14,1
IoT Based Project,project,25,21,23.2,59,9.91,42,51,hard,low,7,3,45.4,0,0
Practical Exam (Sem 2),exam,21,17,55.2,57,8.49,34,75,easy,high,5,3,45.0,-3,0
Practical Exam,exam,16,12,17.6,33,7.3,33,62,medium,low,2,0,32.7,0,0
Mini Project (Sem 4),project,17,12,9.6,14,9.61,47,87,easy,high,1,4,44.9,-3,0
Computer Vision Lab (Sem 7),lab_experiment,25,25,41.3,17,8.89,6,93,hard,low,6,3,50.2,12,1
OS Assignment (Sem 8),assignment,5,4,39.0,18,7.54,14,59,hard,critical,3,2,70.8,12,1
ML Model Project,project,12,7,26.0,53,6.94,34,75,hard,critical,3,1,68.8,6,1
Weekly Test #1,exam,12,7,9.0,21,9.04,47,37,easy,medium,10,0,48.5,11,1
Weekly Test,exam,20,20,42.5,79,7.62,19,76,medium,high,4,0,35.1,-1,0
Module Exam,exam,4,2,6.0,61,9.71,46,99,easy,low,3,5,46.4,-1,0
Networking Assignment,assignment,15,10,60.3,99,7.2,9,14,hard,medium,7,4,46.1,8,1
DBMS Assignment (Sem 5),assignment,10,8,34.7,37,5.58,35,83,hard,low,3,6,57.1,13,1
Mobile App Development,project,14,13,75.1,78,5.92,18,73,medium,medium,1,2,33.2,0,0
Weekly Test (Sem 3),exam,15,14,9.3,50,9.77,18,100,easy,high,1,2,30.8,-1,0
Unit Test,exam,9,9,30.7,94,6.24,40,54,hard,medium,3,4,44.2,0,0
Final Year Project #4,project,12,9,67.9,90,5.53,16,25,medium,high,5,4,53.6,5,1
Web Dev Assignment #3,assignment,5,2,1.2,1,9.69,15,19,medium,low,9,4,64.3,2,1
End-Semester Exam #2,exam,24,21,31.5,7,8.23,21,81,medium,medium,7,2,49.7,-3,0
Computer Vision Lab #2,lab_experiment,26,21,79.8,25,8.62,6,29,medium,critical,5,5,65.6,1,1
Research Project #1,project,15,12,37.3,76,8.48,31,62,medium,low,2,2,22.9,0,0
AI Lab - Search Algorithms,lab_experiment,26,25,11.6,89,9.87,22,88,hard,low,3,5,35.4,0,0
Open Source Contribution #2,project,15,11,59.5,12,6.85,33,88,easy,low,4,2,41.9,0,0
Algorithms Assignment (Sem 1),assignment,6,5,20.4,44,4.38,24,60,very_hard,medium,4,1,70.6,14,1
Final Year Project,project,16,15,31.0,8,7.41,27,92,medium,high,5,2,62.1,10,1
Network Lab - Packet Analysis #4,lab_experiment,29,27,65.1,38,7.65,6,37,very_hard,critical,8,2,72.0,1,1
Compiler Lab - Lexical Analysis (Sem 2),lab_experiment,24,23,66.7,100,9.81,23,97,medium,medium,7,1,29.3,-2,0
Computer Vision Lab #1,lab_experiment,25,24,76.6,8,5.52,28,45,medium,high,1,2,55.2,11,1
ML Model Project,project,11,11,10.0,89,8.69,34,77,medium,high,5,1,39.6,-3,0
OS Lab - Process Scheduling (Sem 1),lab_experiment,12,10,20.3,63,7.9,32,22,medium,low,8,6,40.6,-1,0
Data Structures Assignment,assignment,4,2,17.3,10,5.95,9,42,medium,medium,6,1,70.9,11,1
Data Structures Assignment (Sem 2),assignment,14,14,4.6,85,6.43,38,50,medium,low,7,6,41.8,-3,0
Open Source Contribution #1,project,30,26,52.9,31,9.55,9,57,very_hard,low,3,0,43.7,7,1
Data Structures Assignment,assignment,9,5,35.1,42,9.86,49,52,very_hard,low,5,6,69.5,3,1
AI Lab - Search Algorithms #1,lab_experiment,26,25,3.2,52,6.88,11,50,easy,medium,9,4,43.7,-2,0
OS Assignment,assignment,11,6,42.0,16,4.81,13,45,easy,critical,3,6,75.1,10,1
Network Lab - Packet Analysis #2,lab_experiment,13,12,52.7,12,9.77,44,15,very_hard,low,3,2,55.0,9,1
Internal Assessment,exam,12,7,14.8,23,7.1,12,37,easy,high,4,2,57.6,14,1
ML Model Project,project,10,9,40.5,38,8.64,24,88,medium,high,2,2,41.8,0,0
Group Project - Web App (Sem 3),project,6,1,65.0,45,5.49,34,91,hard,high,3,2,86.4,11,1
Unit Test,exam,14,11,67.0,11,6.01,16,59,very_hard,medium,5,4,72.4,14,1
Algorithms Assignment,assignment,12,11,69.9,65,4.36,31,63,medium,medium,5,1,47.1,-2,0
Industry Internship Project #3,project,31,28,62.4,34,9.54,30,65,hard,high,5,1,57.2,9,1
Research Project (Sem 6),project,8,7,23.9,90,8.53,29,73,very_hard,low,1,2,39.9,0,0
DBMS Assignment,assignment,28,23,44.2,28,5.94,18,94,medium,medium,8,5,61.2,7,1
Computer Vision Lab,lab_experiment,17,12,43.5,37,7.39,42,91,medium,high,8,6,63.8,11,1
Software Engineering Assignment,assignment,25,21,7.6,50,9.38,37,93,easy,medium,0,1,20.7,-3,0
Group Project - Web App #4,project,4,1,55.6,99,8.98,5,22,medium,high,7,4,65.7,12,1
Machine Learning Assignment (Sem 7),assignment,12,8,17.4,16,9.88,23,60,hard,high,4,6,65.1,13,1
Mobile App Development (Sem 6),project,9,8,60.1,81,4.99,49,47,medium,medium,3,4,45.7,2,1
Research Project,project,9,6,65.8,33,7.03,47,20,very_hard,low,10,3,72.1,12,1
ML Model Project,project,22,19,36.7,86,4.15,48,80,medium,medium,9,0,42.6,-3,0
Software Engineering Assignment #1,assignment,29,25,3.2,51,8.66,20,82,hard,high,0,6,45.8,13,1
Networking Assignment #2,assignment,9,8,38.6,85,6.52,35,94,hard,critical,4,4,63.5,13,1
Algorithms Assignment,assignment,23,23,76.4,55,6.96,18,14,easy,medium,8,0,35.8,-3,0
Final Year Project,project,3,1,52.8,20,9.36,7,29,medium,high,6,6,83.7,7,1
Software Engineering Assignment (Sem 1),assignment,30,30,70.2,77,4.24,23,28,easy,high,3,2,41.9,-1,0
Module Exam,exam,8,6,16.6,54,4.37,35,82,very_hard,low,9,0,65.7,4,1
Final Year Project #1,project,8,3,70.8,63,4.7,13,100,easy,high,0,1,47.7,5,1
Final Year Project #2,project,2,2,11.5,68,6.76,45,48,medium,critical,1,6,68.9,10,1
Embedded Systems Lab #4,lab_experiment,14,12,69.0,24,7.63,20,80,hard,low,10,3,50.2,5,1
Software Engineering Assignment,assignment,12,7,13.0,44,5.7,8,19,hard,low,5,1,59.0,6,1
Software Engineering Assignment (Sem 7),assignment,8,5,6.2,70,5.52,27,53,easy,medium,10,3,52.7,12,1
End-Semester Exam (Sem 3),exam,13,11,39.4,8,9.61,34,84,medium,high,4,4,58.8,9,1
Online Quiz (Sem 5),exam,22,18,18.5,7,4.18,11,85,very_hard,high,5,3,82.7,8,1
Online Quiz #2,exam,28,24,24.4,18,9.11,16,67,hard,low,2,3,42.0,0,0
Compiler Lab - Lexical Analysis,lab_experiment,11,8,70.0,60,4.14,7,20,medium,critical,4,0,55.7,14,1
OS Lab - Process Scheduling,lab_experiment,8,8,63.2,65,6.67,11,10,easy,high,6,3,46.1,-3,0
End-Semester Exam (Sem 3),exam,4,4,38.3,21,5.15,12,25,medium,high,2,1,60.0,4,1
Digital Electronics Lab,lab_experiment,18,17,23.4,68,5.67,25,29,medium,medium,9,4,51.9,10,1
Mid-Semester Exam,exam,6,1,60.4,34,6.71,12,39,medium,high,1,1,66.4,6,1
Math Assignment #2,assignment,30,29,14.0,82,7.18,13,10,hard,medium,1,5,39.9,-1,0
Open Source Contribution (Sem 8),project,7,7,11.1,69,4.1,9,13,very_hard,low,4,6,67.1,12,1
Internal Assessment (Sem 2),exam,11,10,63.1,65,8.57,11,93,medium,medium,6,6,43.1,8,1
Unit Test,exam,7,2,41.3,71,9.56,19,12,medium,high,7,4,62.7,11,1
Networking Assignment (Sem 2),assignment,4,4,18.5,84,7.72,50,66,medium,critical,3,6,60.2,12,1
Industry Internship Project #5,project,28,26,44.7,44,9.49,28,85,hard,high,0,4,46.0,13,1
Unit Test #5,exam,22,19,45.7,6,8.14,27,29,medium,high,6,0,53.5,7,1
Data Structures Assignment #4,assignment,15,14,19.4,96,5.64,33,15,easy,medium,7,3,40.1,-3,0
Embedded Systems Lab #5,lab_experiment,22,18,5.6,45,5.32,6,75,medium,medium,6,4,54.6,10,1
Computer Vision Lab #4,lab_experiment,12,9,62.1,63,9.16,16,51,hard,high,8,2,52.0,11,1
DS Lab - Linked List,lab_experiment,8,6,41.5,98,4.19,10,68,hard,medium,5,2,55.4,4,1
Industry Internship Project (Sem 6),project,12,10,37.2,74,9.57,29,32,hard,high,6,0,47.1,3,1
Unit Test,exam,8,7,18.5,18,7.72,26,96,hard,medium,3,6,63.0,2,1
Module Exam,exam,3,1,2.6,17,7.63,30,33,very_hard,high,9,0,91.6,8,1
DBMS Lab - SQL Queries,lab_experiment,20,19,66.5,3,5.81,31,69,medium,high,1,2,56.5,11,1
Computer Vision Lab #2,lab_experiment,20,19,38.5,0,6.38,13,55,hard,critical,1,6,71.3,4,1
Digital Electronics Lab (Sem 5),lab_experiment,26,24,1.6,19,4.27,11,95,hard,low,3,5,58.3,4,1
Compiler Lab - Lexical Analysis #5,lab_experiment,22,19,7.7,7,4.01,46,12,easy,high,5,3,66.2,2,1
Research Project #2,project,27,22,54.5,89,6.95,37,57,medium,high,0,5,37.9,8,1
DS Lab - Linked List #1,lab_experiment,24,23,11.8,29,4.5,29,93,hard,medium,8,6,69.1,2,1
Practical Exam #4,exam,25,23,67.2,56,4.08,12,88,medium,high,3,5,56.0,10,1
OS Assignment #4,assignment,18,13,34.8,7,6.07,47,70,hard,high,1,1,57.3,1,1
Digital Electronics Lab #1,lab_experiment,17,17,33.1,9,8.78,44,17,easy,medium,10,0,42.6,0,0
Open Source Contribution #4,project,23,20,51.0,26,6.01,13,29,easy,medium,8,2,45.1,-2,0
DBMS Assignment (Sem 5),assignment,18,16,33.7,63,4.5,23,29,hard,low,0,0,31.7,-2,0
IoT Based Project,project,27,22,6.8,18,5.56,27,86,hard,medium,6,3,67.1,10,1
Network Lab - Packet Analysis,lab_experiment,20,15,44.7,87,6.98,26,82,easy,critical,3,4,47.2,-2,0
OS Assignment (Sem 5),assignment,27,27,65.3,45,4.98,32,60,medium,medium,3,6,53.2,6,1
DBMS Assignment #4,assignment,12,10,18.4,31,6.93,28,96,medium,critical,6,4,69.6,8,1
ML Model Project (Sem 8),project,13,9,34.6,21,5.67,41,46,hard,high,0,2,57.9,7,1
Compiler Lab - Lexical Analysis (Sem 7),lab_experiment,8,4,34.1,49,7.2,26,24,easy,high,6,6,62.8,3,1
Mobile App Development (Sem 3),project,31,30,59.4,89,4.13,33,84,hard,medium,4,6,54.5,3,1
DBMS Assignment #5,assignment,18,13,30.3,0,5.12,17,47,very_hard,medium,10,5,81.7,12,1
Algorithms Assignment (Sem 8),assignment,21,18,68.8,17,6.24,38,47,hard,low,0,1,39.4,-2,0
DBMS Lab - SQL Queries (Sem 8),lab_experiment,22,21,62.2,24,6.67,14,98,easy,high,4,2,49.6,2,1
Capstone Project,project,13,12,33.2,28,8.03,38,64,medium,low,2,6,39.2,-2,0
Data Structures Assignment (Sem 5),assignment,31,29,11.0,32,8.64,39,36,medium,high,6,6,59.5,8,1
Final Year Project (Sem 3),project,21,17,33.0,92,8.44,10,99,medium,low,5,5,32.6,-1,0
Online Quiz,exam,19,17,73.5,35,7.41,8,24,very_hard,low,9,2,57.8,13,1
Computer Graphics Assignment,assignment,31,26,77.6,0,4.46,26,47,medium,medium,8,5,67.6,12,1
Machine Learning Assignment (Sem 4),assignment,27,23,46.6,96,8.37,7,46,medium,low,4,0,18.5,-1,0
DBMS Lab - SQL Queries #3,lab_experiment,32,28,27.9,87,5.28,26,34,medium,high,4,4,52.2,11,1
IOT Lab Experiment #3,lab_experiment,15,11,4.9,5,7.75,5,23,very_hard,medium,5,3,65.5,5,1
Mini Project (Sem 8),project,8,8,8.2,77,4.22,34,94,easy,critical,8,5,63.0,9,1
IOT Lab Experiment,lab_experiment,5,3,41.8,49,6.55,38,64,easy,high,7,6,71.0,14,1
Capstone Project (Sem 4),project,7,6,33.7,60,9.22,25,13,medium,critical,3,2,56.5,4,1
Practical Exam (Sem 2),exam,14,11,26.8,90,4.9,28,41,medium,medium,3,4,41.8,-2,0
Unit Test (Sem 7),exam,4,4,38.0,99,8.2,26,81,easy,high,8,6,47.8,5,1
Mobile App Development (Sem 8),project,28,27,1.3,99,5.21,14,75,medium,low,7,1,33.6,0,0
Mobile App Development #5,project,10,10,51.4,94,8.26,15,50,easy,medium,4,3,25.7,-3,0
OS Lab - Process Scheduling,lab_experiment,30,30,43.3,72,9.54,13,11,hard,high,3,4,47.9,14,1
IOT Lab Experiment #4,lab_experiment,34,29,76.1,14,4.73,37,47,easy,low,7,5,55.9,9,1
Group Project - Web App,project,14,14,12.6,6,8.96,50,45,easy,medium,4,3,46.8,-2,0
Math Assignment #4,assignment,7,3,66.9,100,8.27,32,25,hard,high,7,0,57.2,7,1
Surprise Test #4,exam,15,12,33.1,5,7.64,48,58,medium,medium,4,6,55.8,5,1
Data Structures Assignment,assignment,7,5,75.7,86,6.28,50,56,easy,medium,3,5,44.8,-2,0
DBMS Lab - SQL Queries #5,lab_experiment,11,7,56.6,58,4.13,49,46,medium,medium,0,6,51.3,2,1
Weekly Test,exam,31,29,3.9,89,4.58,9,60,hard,critical,6,0,60.1,1,1
DBMS Assignment (Sem 6),assignment,23,18,17.5,33,9.07,26,86,medium,high,3,1,44.0,6,1
Module Exam #5,exam,15,15,48.4,13,5.7,30,70,hard,high,6,1,71.4,12,1
Mobile App Development,project,1,0,8.2,63,8.16,47,62,medium,low,8,1,59.1,5,1
Open Source Contribution (Sem 5),project,29,28,79.1,63,8.02,23,10,easy,low,10,5,34.7,-2,0
Machine Learning Assignment,assignment,14,9,60.0,2,5.92,42,13,hard,medium,3,6,69.8,3,1
Mini Project (Sem 4),project,6,1,56.0,25,9.93,25,63,hard,critical,6,4,97.5,12,1
OS Lab - Process Scheduling,lab_experiment,23,23,47.6,67,8.92,42,40,easy,medium,1,5,28.8,-3,0
Module Exam (Sem 3),exam,21,20,27.5,35,4.39,39,86,hard,high,0,4,58.9,12,1
OS Lab - Process Scheduling (Sem 4),lab_experiment,17,14,34.6,31,8.62,30,31,medium,high,8,6,58.8,13,1
DBMS Assignment (Sem 7),assignment,4,2,68.4,97,7.43,34,99,very_hard,high,0,6,66.0,6,1
DBMS Lab - SQL Queries #1,lab_experiment,25,21,75.8,86,8.68,20,11,very_hard,medium,3,4,46.8,8,1
Unit Test (Sem 2),exam,10,9,53.7,77,5.4,31,55,hard,high,1,3,50.7,13,1
Mobile App Development (Sem 2),project,18,15,32.5,16,7.95,39,37,medium,medium,8,4,53.7,11,1
Mid-Semester Exam (Sem 7),exam,8,5,74.0,22,7.55,16,64,medium,medium,8,0,50.2,10,1
IOT Lab Experiment #4,lab_experiment,28,26,14.4,70,9.5,43,96,very_hard,medium,9,0,50.3,0,0
Surprise Test #5,exam,22,18,9.4,41,6.05,35,71,medium,medium,9,6,55.3,8,1
ML Model Project (Sem 4),project,16,11,43.0,40,4.18,9,100,very_hard,medium,7,0,62.9,13,1
IoT Based Project (Sem 4),project,3,2,47.6,45,9.2,27,21,medium,medium,10,0,53.7,14,1
Module Exam,exam,32,27,29.5,5,4.03,43,33,medium,high,10,1,67.3,9,1
Open Source Contribution (Sem 6),project,14,14,50.5,82,4.1,14,85,easy,low,2,2,25.0,-3,0
Machine Learning Assignment #4,assignment,9,8,46.2,2,6.41,46,86,medium,critical,2,1,62.2,14,1
Embedded Systems Lab,lab_experiment,24,20,2.2,21,9.32,5,73,hard,low,2,6,44.3,-1,0
Embedded Systems Lab #4,lab_experiment,26,22,36.6,30,6.82,45,46,very_hard,high,5,3,76.5,13,1
Algorithms Assignment (Sem 7),assignment,34,30,30.0,52,8.07,36,42,easy,medium,7,6,43.2,4,1
Viva Voce,exam,10,8,58.2,35,6.28,32,80,very_hard,high,6,2,72.2,14,1
AI Lab - Search Algorithms #5,lab_experiment,22,17,68.6,84,9.64,27,93,medium,medium,2,6,31.9,0,0
Group Project - Web App #4,project,18,16,20.0,3,9.16,34,70,medium,medium,8,4,55.8,5,1
Network Lab - Packet Analysis (Sem 4),lab_experiment,31,26,20.9,31,9.23,32,86,hard,critical,0,2,53.0,1,1
Practical Exam (Sem 6),exam,5,1,14.8,34,6.41,15,11,easy,low,2,6,60.7,10,1
Computer Vision Lab #1,lab_experiment,12,7,39.7,18,9.07,42,50,medium,high,5,5,70.6,11,1
Networking Assignment,assignment,14,13,27.5,44,4.66,7,96,easy,high,0,2,37.9,6,1
DBMS Assignment #5,assignment,8,6,18.9,8,4.84,34,86,medium,high,10,5,81.8,4,1
IOT Lab Experiment,lab_experiment,7,2,58.3,12,4.67,20,94,medium,low,2,3,61.6,6,1
IOT Lab Experiment (Sem 3),lab_experiment,18,13,31.0,23,8.84,27,24,hard,medium,7,1,52.1,9,1
Digital Electronics Lab #3,lab_experiment,10,10,21.5,96,6.59,7,87,hard,high,9,1,47.5,6,1
OS Assignment #4,assignment,28,26,25.7,87,5.32,34,99,easy,high,2,3,40.0,-2,0
Software Engineering Assignment,assignment,16,14,31.4,17,9.08,47,50,hard,medium,6,5,63.3,12,1
Embedded Systems Lab,lab_experiment,27,24,3.3,32,7.15,37,93,medium,low,9,4,50.3,-3,0
Industry Internship Project (Sem 2),project,29,26,20.0,30,9.54,43,53,very_hard,medium,7,0,58.3,5,1
Mid-Semester Exam,exam,34,29,56.6,53,6.64,48,22,very_hard,critical,3,2,72.2,13,1
Digital Electronics Lab #5,lab_experiment,18,16,68.2,11,7.95,46,29,easy,medium,3,3,42.4,-1,0
Mid-Semester Exam (Sem 3),exam,7,7,20.5,16,6.83,28,66,medium,low,9,0,52.6,2,1
Viva Voce (Sem 1),exam,14,9,21.4,10,7.13,50,35,hard,medium,9,2,64.0,4,1
Data Structures Assignment #2,assignment,8,3,51.8,41,4.09,14,97,hard,critical,7,4,93.2,3,1
IoT Based Project,project,28,27,41.2,54,4.85,44,20,hard,high,7,1,64.6,14,1
Network Lab - Packet Analysis #1,lab_experiment,18,18,63.2,56,5.31,34,65,hard,low,0,2,38.2,-2,0
Capstone Project (Sem 8),project,11,9,68.2,94,7.71,10,57,very_hard,low,4,2,38.2,-3,0
DBMS Assignment (Sem 3),assignment,17,12,64.7,31,7.36,40,88,easy,medium,4,5,49.8,6,1
DBMS Assignment (Sem 6),assignment,15,12,61.1,6,5.43,8,44,easy,high,3,2,54.6,7,1
IoT Based Project (Sem 2),project,27,22,12.5,100,6.54,37,22,easy,critical,8,5,53.7,3,1
Research Project #1,project,4,3,20.3,48,4.36,39,49,easy,low,3,4,56.3,11,1
Compiler Lab - Lexical Analysis,lab_experiment,28,24,59.5,87,8.39,48,59,medium,high,10,3,45.4,4,1
Final Year Project (Sem 2),project,35,30,38.8,31,8.43,43,11,medium,medium,4,5,50.1,8,1
Capstone Project,project,2,0,11.2,32,8.19,11,16,very_hard,critical,7,0,94.7,7,1
AI Lab - Search Algorithms,lab_experiment,30,25,54.0,77,5.92,16,37,medium,medium,1,6,39.2,-3,0
Computer Graphics Assignment #3,assignment,10,8,34.2,60,4.85,30,54,medium,high,9,1,55.0,8,1
Capstone Project #1,project,19,14,55.1,14,8.13,48,74,medium,high,6,1,56.0,10,1
Online Quiz (Sem 3),exam,15,12,74.0,56,7.26,6,57,medium,medium,1,1,29.4,0,0
Mid-Semester Exam,exam,26,21,74.3,97,9.73,47,58,very_hard,medium,6,3,51.3,3,1
Mobile App Development,project,14,9,9.7,58,6.5,11,97,medium,high,1,2,38.5,-2,0
Module Exam (Sem 2),exam,16,12,59.2,26,9.32,31,43,medium,high,6,2,53.9,7,1
Industry Internship Project,project,9,6,44.5,99,9.77,5,13,medium,medium,10,4,41.7,-2,0
Group Project - Web App (Sem 6),project,10,5,76.2,99,9.73,43,24,hard,low,0,3,30.5,-1,0
AI Lab - Search Algorithms #1,lab_experiment,4,1,59.7,87,4.87,11,20,medium,low,8,1,60.7,5,1
Mini Project,project,6,2,10.0,89,7.5,30,93,easy,high,5,5,57.2,8,1
Surprise Test (Sem 5),exam,22,19,50.3,7,5.89,13,23,medium,low,8,6,59.9,7,1
Online Quiz (Sem 2),exam,23,19,53.4,1,6.6,36,37,hard,high,5,3,73.4,14,1
DBMS Lab - SQL Queries,lab_experiment,9,5,37.4,46,9.0,33,32,hard,high,1,3,55.1,10,1
Surprise Test #4,exam,33,29,41.1,11,7.44,18,77,very_hard,high,10,4,79.6,10,1
Software Engineering Assignment (Sem 3),assignment,1,1,61.3,82,8.94,36,19,medium,medium,3,6,61.2,11,1
DBMS Lab - SQL Queries (Sem 4),lab_experiment,9,6,73.8,30,4.46,44,77,medium,high,0,2,57.4,12,1
Networking Assignment (Sem 3),assignment,16,11,24.4,66,8.66,37,38,medium,medium,3,5,39.5,-3,0
IOT Lab Experiment (Sem 4),lab_experiment,21,20,12.5,41,8.66,26,23,medium,medium,9,5,49.4,12,1
Compiler Lab - Lexical Analysis (Sem 2),lab_experiment,25,23,66.7,53,9.39,11,100,very_hard,high,6,6,67.5,1,1
Machine Learning Assignment (Sem 4),assignment,21,19,29.3,12,8.95,40,42,medium,low,6,1,43.6,13,1
Computer Graphics Assignment #2,assignment,22,19,42.2,94,6.03,44,15,hard,medium,10,2,46.6,-1,0
Research Project (Sem 1),project,27,23,48.8,22,8.22,34,71,hard,critical,5,5,76.0,13,1
Software Engineering Assignment,assignment,29,28,18.0,79,6.82,32,67,easy,high,1,3,33.4,-2,0
Mid-Semester Exam,exam,21,20,52.1,94,9.11,22,22,hard,medium,3,6,39.4,-3,0
Group Project - Web App #2,project,12,10,72.2,12,9.35,11,93,hard,medium,2,2,45.7,-1,0
OS Lab - Process Scheduling,lab_experiment,27,25,1.6,76,5.85,31,54,hard,critical,1,5,62.9,12,1
Mini Project #3,project,4,0,64.4,36,4.62,36,54,easy,medium,1,1,61.4,8,1
Math Assignment #3,assignment,28,26,79.2,87,7.8,8,75,very_hard,low,1,5,36.4,-3,0
Networking Assignment #3,assignment,21,19,15.3,73,7.56,16,14,hard,low,7,3,40.0,0,0
Industry Internship Project,project,20,18,19.5,68,6.3,41,42,easy,low,8,6,40.5,13,1
Computer Vision Lab #1,lab_experiment,6,4,52.6,19,5.76,29,64,hard,medium,3,2,67.1,7,1
DS Lab - Linked List,lab_experiment,9,8,38.3,13,9.63,38,58,medium,high,0,4,46.2,7,1
Viva Voce,exam,27,23,15.0,79,9.67,40,52,medium,medium,3,2,31.2,-3,0
Unit Test (Sem 6),exam,11,8,67.6,1,5.49,32,87,very_hard,medium,5,1,75.0,6,1
Web Dev Assignment,assignment,11,8,10.8,70,7.14,5,14,hard,high,5,2,54.5,3,1
Group Project - Web App (Sem 5),project,27,23,52.0,85,6.26,32,65,medium,medium,9,2,40.2,0,0
Software Engineering Assignment (Sem 8),assignment,32,27,2.8,55,7.51,10,43,hard,critical,1,0,45.0,-2,0
Weekly Test #1,exam,17,15,34.1,93,5.95,46,53,easy,high,6,0,43.0,-3,0
Capstone Project (Sem 5),project,33,28,55.0,26,5.7,18,57,hard,high,6,4,73.6,9,1
Mid-Semester Exam,exam,22,20,62.7,52,9.14,41,39,medium,medium,2,6,39.7,-1,0
Digital Electronics Lab #4,lab_experiment,31,26,43.4,21,9.4,33,25,medium,low,2,2,34.1,-3,0
Digital Electronics Lab #3,lab_experiment,24,23,60.7,38,7.08,9,90,medium,high,8,5,60.3,5,1
Embedded Systems Lab (Sem 1),lab_experiment,13,12,26.5,44,5.32,10,12,hard,critical,2,3,66.2,9,1
Industry Internship Project (Sem 2),project,21,20,1.1,37,7.86,37,57,easy,critical,7,3,57.3,6,1
Capstone Project #1,project,13,10,12.6,24,8.48,18,42,medium,medium,10,4,50.0,-1,0
Open Source Contribution (Sem 7),project,28,23,20.3,13,7.22,48,29,easy,medium,10,3,53.2,2,1
Final Year Project,project,31,28,24.8,45,6.77,32,32,hard,critical,6,1,68.2,7,1
Open Source Contribution (Sem 1),project,23,19,73.3,77,6.93,36,43,hard,critical,5,4,68.2,5,1
Internal Assessment,exam,20,18,68.0,57,8.5,21,13,very_hard,high,7,3,63.7,8,1
Open Source Contribution,project,9,8,2.8,61,6.53,27,20,medium,medium,3,2,38.5,-3,0
Math Assignment (Sem 4),assignment,25,24,5.7,75,4.35,7,92,hard,high,4,5,61.7,1,1
IoT Based Project (Sem 6),project,17,16,20.1,37,8.33,26,41,medium,critical,5,5,65.2,11,1
IoT Based Project,project,30,29,69.3,16,9.65,32,14,hard,critical,10,6,77.0,1,1
Algorithms Assignment (Sem 1),assignment,23,23,6.5,94,5.47,24,84,very_hard,high,6,0,60.6,2,1
IoT Based Project (Sem 2),project,8,3,71.1,64,5.29,33,45,medium,low,4,3,58.5,8,1
Mini Project (Sem 7),project,20,15,1.0,92,6.77,42,62,medium,high,6,4,50.8,3,1
Math Assignment #2,assignment,14,10,47.3,2,7.16,44,18,medium,low,3,5,53.0,4,1
DBMS Assignment #5,assignment,15,13,68.6,40,5.67,35,97,medium,medium,2,1,43.5,-3,0
Mid-Semester Exam,exam,28,28,43.0,48,4.19,36,49,medium,medium,8,4,57.0,14,1
Algorithms Assignment,assignment,11,8,24.6,38,8.97,5,34,medium,medium,1,0,25.9,-2,0
Digital Electronics Lab #4,lab_experiment,6,2,73.3,87,8.2,31,62,medium,critical,7,3,66.7,5,1
Networking Assignment #1,assignment,6,2,54.3,1,4.85,37,57,easy,critical,6,6,93.5,6,1
Math Assignment (Sem 6),assignment,10,5,10.4,70,7.61,26,89,hard,low,9,4,51.6,5,1
DBMS Assignment #5,assignment,15,11,67.3,14,6.26,27,89,easy,medium,1,4,40.9,4,1
Module Exam (Sem 2),exam,33,28,61.5,93,4.33,17,78,easy,medium,6,1,35.1,-1,0
Computer Vision Lab,lab_experiment,8,3,49.1,47,7.45,20,16,hard,high,1,1,61.6,2,1
Unit Test #4,exam,2,2,24.4,51,4.53,20,20,medium,high,5,1,70.8,14,1
OS Assignment,assignment,6,6,64.9,37,4.06,33,78,easy,high,0,4,53.9,12,1
IoT Based Project (Sem 5),project,26,24,26.3,52,8.45,50,65,medium,high,5,2,50.6,-3,0
Computer Vision Lab,lab_experiment,17,13,68.8,76,5.6,14,17,medium,high,9,5,58.2,13,1
Data Structures Assignment (Sem 2),assignment,26,23,78.6,48,8.14,10,12,easy,high,8,5,48.4,3,1
AI Lab - Search Algorithms #2,lab_experiment,18,17,34.0,64,9.55,14,97,easy,high,5,5,45.6,7,1
Embedded Systems Lab,lab_experiment,4,0,16.3,34,6.98,50,21,hard,low,9,1,77.2,3,1
Weekly Test (Sem 3),exam,23,20,4.9,25,4.95,6,15,very_hard,high,4,4,77.6,6,1
Research Project (Sem 4),project,14,14,12.4,44,4.53,26,33,very_hard,high,5,5,80.8,9,1
DBMS Assignment,assignment,28,25,4.5,70,4.17,16,43,easy,high,4,3,47.6,5,1
Mobile App Development,project,26,22,2.8,10,7.81,42,74,medium,medium,4,1,46.2,1,1
Software Engineering Assignment #3,assignment,26,25,18.4,71,6.95,37,75,medium,critical,5,3,60.5,12,1
DBMS Lab - SQL Queries (Sem 7),lab_experiment,30,30,33.9,16,9.31,13,85,easy,low,1,6,31.1,-2,0
Final Year Project (Sem 8),project,13,8,60.5,10,8.52,44,11,medium,low,5,0,42.4,13,1
Module Exam (Sem 6),exam,11,7,14.3,91,7.42,24,19,hard,high,4,3,59.2,13,1
Math Assignment #2,assignment,8,4,19.9,45,9.3,31,70,medium,low,9,2,46.1,12,1
Network Lab - Packet Analysis,lab_experiment,29,25,21.2,65,8.55,30,90,medium,high,5,3,48.0,12,1
Computer Vision Lab (Sem 6),lab_experiment,35,30,43.2,23,9.24,15,77,very_hard,high,0,6,58.9,13,1
Machine Learning Assignment,assignment,12,11,4.3,65,7.09,32,78,hard,high,6,3,60.2,7,1
Open Source Contribution #1,project,14,10,18.3,34,8.4,41,51,hard,medium,2,0,40.3,-2,0
Internal Assessment #1,exam,30,28,55.0,90,5.98,45,30,very_hard,high,7,2,67.5,9,1
ML Model Project (Sem 2),project,22,20,77.7,49,8.1,15,64,medium,high,10,0,43.7,0,0
ML Model Project #3,project,22,19,29.1,40,4.43,27,92,medium,critical,9,3,70.7,8,1
Group Project - Web App (Sem 1),project,31,30,28.7,64,8.91,8,24,medium,low,0,0,13.0,-1,0
Research Project,project,8,4,23.2,69,8.75,18,49,hard,high,7,3,61.0,7,1
Computer Graphics Assignment #5,assignment,25,20,4.9,10,8.83,37,14,medium,high,3,2,51.7,9,1
OS Assignment #3,assignment,24,23,30.6,67,6.39,36,23,very_hard,medium,4,3,58.2,1,1
Internal Assessment #5,exam,5,1,71.4,62,9.13,30,91,hard,medium,0,5,62.6,6,1
Embedded Systems Lab,lab_experiment,24,19,13.1,67,8.93,27,62,medium,high,10,1,43.3,-1,0
DBMS Assignment #1,assignment,28,23,67.2,27,7.34,6,96,medium,medium,5,4,53.2,3,1
DBMS Assignment #4,assignment,9,8,75.4,47,6.39,46,75,medium,high,0,3,43.2,-3,0
IoT Based Project (Sem 2),project,16,16,37.0,47,6.22,14,83,hard,medium,1,6,47.0,5,1
Compiler Lab - Lexical Analysis #2,lab_experiment,31,29,50.0,22,7.12,48,41,medium,high,10,4,65.4,8,1
Weekly Test #4,exam,14,12,47.0,4,6.89,28,51,medium,high,10,6,69.0,12,1
AI Lab - Search Algorithms (Sem 7),lab_experiment,20,15,39.9,43,9.16,41,32,very_hard,high,9,2,66.5,13,1
Web Dev Assignment #4,assignment,27,27,28.3,46,7.56,34,25,very_hard,high,1,0,49.2,6,1
Weekly Test #4,exam,21,19,20.0,9,8.91,47,43,hard,medium,2,2,49.9,6,1
Open Source Contribution #3,project,4,3,28.1,82,9.8,45,72,medium,medium,5,5,58.1,6,1
Group Project - Web App,project,8,7,43.4,47,6.1,6,96,hard,high,5,3,69.2,12,1
Weekly Test (Sem 2),exam,16,13,4.5,100,9.39,38,43,hard,low,3,3,30.8,-2,0
DS Lab - Linked List,lab_experiment,9,9,37.7,32,6.4,42,66,hard,low,7,5,59.8,10,1
Group Project - Web App (Sem 2),project,16,11,26.2,43,9.97,38,37,medium,medium,6,0,40.2,2,1
Final Year Project,project,0,0,37.3,78,8.07,47,15,hard,medium,0,3,57.1,8,1
Surprise Test (Sem 8),exam,18,13,48.2,67,5.88,48,22,medium,high,1,5,51.4,13,1
Surprise Test #2,exam,17,12,20.7,25,8.74,36,40,medium,high,5,5,60.6,9,1
Final Year Project #4,project,5,4,43.2,27,5.62,10,37,medium,medium,1,6,56.6,4,1
OS Assignment,assignment,22,19,73.0,39,4.99,45,49,very_hard,medium,6,6,76.7,11,1
Compiler Lab - Lexical Analysis #4,lab_experiment,24,24,76.1,34,7.12,6,35,hard,critical,10,0,65.8,11,1
Web Dev Assignment (Sem 6),assignment,15,13,45.3,19,6.34,6,75,easy,high,2,5,49.8,7,1
IOT Lab Experiment (Sem 5),lab_experiment,24,24,12.2,64,9.18,38,59,medium,high,1,6,41.0,3,1
DS Lab - Linked List #2,lab_experiment,25,20,14.1,20,8.83,10,23,hard,high,8,4,64.0,13,1
Compiler Lab - Lexical Analysis #5,lab_experiment,26,24,36.7,33,7.78,22,58,very_hard,high,2,2,57.6,11,1
Viva Voce,exam,16,16,64.0,88,7.19,49,53,easy,medium,7,1,34.3,-3,0
Unit Test (Sem 4),exam,31,26,51.8,12,8.14,18,66,hard,high,8,2,62.4,13,1
Machine Learning Assignment,assignment,11,8,54.0,21,4.17,9,43,hard,medium,3,2,56.7,5,1
OS Assignment #1,assignment,9,5,17.4,49,4.07,5,75,medium,high,4,3,63.7,8,1
Computer Graphics Assignment (Sem 7),assignment,24,21,35.4,69,5.42,34,58,easy,high,0,3,37.6,0,0
Mini Project,project,16,15,4.3,69,7.14,38,60,hard,high,1,4,50.0,7,1
OS Lab - Process Scheduling #2,lab_experiment,29,27,52.7,51,5.54,32,69,medium,high,1,3,49.0,1,1
Internal Assessment #5,exam,27,25,63.9,72,4.2,41,100,hard,high,3,2,56.7,3,1
End-Semester Exam (Sem 8),exam,1,1,44.6,94,9.18,40,83,easy,medium,8,1,52.2,10,1
Capstone Project #1,project,5,5,76.9,31,4.4,20,91,very_hard,high,5,1,82.8,7,1
DBMS Assignment #2,assignment,23,18,74.4,3,7.3,37,68,medium,medium,0,1,40.1,14,1
DS Lab - Linked List (Sem 4),lab_experiment,28,26,16.2,79,7.83,5,62,medium,medium,5,6,39.7,-3,0
ML Model Project #3,project,19,18,61.9,90,6.07,6,30,hard,medium,1,1,29.6,-2,0
DBMS Lab - SQL Queries #5,lab_experiment,21,16,47.0,61,7.4,5,38,medium,high,9,3,51.3,2,1
Capstone Project (Sem 8),project,1,0,3.6,52,7.0,8,83,medium,low,6,0,60.4,6,1
Software Engineering Assignment (Sem 4),assignment,24,20,47.7,26,5.43,29,81,medium,high,7,6,69.7,14,1
Capstone Project,project,3,0,23.1,39,5.95,46,85,hard,medium,10,5,93.8,14,1
DBMS Lab - SQL Queries,lab_experiment,8,7,15.0,74,8.75,33,52,very_hard,critical,4,6,78.5,6,1
Data Structures Assignment (Sem 5),assignment,27,27,47.3,89,9.24,33,37,hard,medium,5,3,43.5,1,1
Viva Voce,exam,18,14,62.6,74,9.35,28,84,hard,medium,7,3,46.0,-3,0
OS Assignment (Sem 8),assignment,18,15,25.2,57,6.17,48,54,medium,medium,8,4,51.4,13,1
Research Project (Sem 7),project,19,18,24.4,43,5.61,48,13,hard,high,9,4,73.2,5,1
Open Source Contribution,project,29,26,30.9,75,8.37,16,93,hard,medium,3,4,40.6,-2,0
Open Source Contribution (Sem 1),project,27,24,70.8,58,6.63,28,69,easy,high,9,4,51.2,14,1
Research Project #4,project,18,14,15.5,95,8.85,33,18,hard,low,7,6,41.3,-2,0
End-Semester Exam,exam,10,5,63.6,52,7.24,46,31,medium,low,3,5,51.2,13,1
OS Lab - Process Scheduling (Sem 4),lab_experiment,19,18,20.9,48,4.14,30,100,very_hard,high,6,4,78.4,5,1
OS Lab - Process Scheduling (Sem 6),lab_experiment,5,4,27.9,68,9.28,25,27,hard,low,8,2,47.9,4,1
Final Year Project #1,project,12,8,71.0,71,6.02,39,71,hard,medium,1,0,34.7,-3,0
Unit Test #3,exam,29,28,42.8,0,5.94,33,62,hard,medium,2,2,60.3,6,1
Web Dev Assignment (Sem 7),assignment,21,16,76.9,69,6.38,48,33,easy,high,2,1,36.0,-3,0
DBMS Lab - SQL Queries,lab_experiment,24,19,72.4,71,6.41,31,36,very_hard,high,10,1,62.9,9,1
Industry Internship Project,project,33,29,40.3,89,4.46,15,49,hard,high,2,4,51.7,-3,0
Industry Internship Project #4,project,6,3,1.7,24,8.56,39,81,medium,medium,0,2,48.1,-3,0
DBMS Assignment #5,assignment,15,10,7.3,2,4.88,15,100,hard,low,7,2,62.1,5,1
Viva Voce #1,exam,19,16,49.9,84,9.19,9,17,very_hard,medium,6,1,46.1,14,1
IoT Based Project #1,project,8,5,54.8,73,6.68,22,31,hard,medium,6,0,52.6,8,1
Viva Voce,exam,4,0,77.4,64,9.71,14,40,hard,medium,8,5,75.6,11,1
Software Engineering Assignment #1,assignment,13,10,78.2,19,5.37,30,72,easy,high,8,2,60.2,9,1
Computer Graphics Assignment,assignment,11,11,58.1,72,6.59,43,71,hard,low,2,2,36.9,-3,0
OS Lab - Process Scheduling (Sem 3),lab_experiment,28,23,28.9,30,5.36,14,82,medium,low,4,4,50.4,11,1
IOT Lab Experiment (Sem 6),lab_experiment,9,5,72.8,43,7.21,45,57,very_hard,high,1,3,69.9,14,1
Computer Vision Lab #4,lab_experiment,20,19,77.9,100,6.8,34,48,hard,low,4,1,34.4,-1,0
Group Project - Web App,project,13,12,28.3,10,7.1,39,40,hard,low,10,4,61.9,13,1
Capstone Project (Sem 7),project,28,25,38.9,96,5.55,17,91,medium,high,5,6,54.5,5,1
Open Source Contribution (Sem 3),project,30,27,29.6,14,6.03,30,49,medium,medium,10,5,60.2,1,1
Computer Vision Lab,lab_experiment,12,8,52.1,82,5.78,23,70,hard,medium,0,5,42.9,1,1
Computer Graphics Assignment (Sem 1),assignment,5,2,56.2,61,5.37,31,26,medium,low,6,5,65.9,13,1
Network Lab - Packet Analysis (Sem 5),lab_experiment,4,4,18.4,100,7.6,8,86,hard,high,4,6,54.8,11,1
OS Assignment #3,assignment,7,7,75.6,14,8.51,16,33,medium,critical,4,3,69.8,14,1
Online Quiz,exam,20,20,42.2,16,9.51,19,37,very_hard,high,4,3,68.7,13,1
Unit Test (Sem 4),exam,26,24,49.7,87,6.49,49,71,hard,high,1,2,43.5,-2,0
DBMS Assignment,assignment,25,23,37.7,99,5.42,25,11,easy,medium,9,4,40.7,-3,0
Data Structures Assignment #4,assignment,13,13,69.3,82,5.87,14,67,medium,medium,5,2,44.0,5,1
Algorithms Assignment,assignment,16,12,39.9,18,8.34,8,65,medium,medium,4,4,47.2,4,1
AI Lab - Search Algorithms (Sem 7),lab_experiment,2,0,26.2,27,8.44,47,85,very_hard,high,5,1,93.3,9,1
Open Source Contribution #2,project,7,6,66.4,65,4.59,19,41,easy,medium,4,2,47.9,4,1
OS Lab - Process Scheduling #2,lab_experiment,9,9,67.8,19,5.76,35,42,easy,high,5,1,58.7,12,1
Research Project,project,11,11,26.6,9,6.4,13,41,hard,medium,0,3,47.5,-3,0
Practical Exam,exam,29,25,76.5,34,7.8,49,16,medium,low,10,6,48.1,-1,0
Online Quiz,exam,22,18,13.3,47,9.14,13,51,medium,high,0,3,34.9,-3,0
Networking Assignment #3,assignment,27,22,18.6,88,5.86,21,18,hard,critical,1,2,53.5,12,1
IoT Based Project,project,31,28,35.1,29,5.04,37,90,hard,critical,6,1,76.9,1,1
Mini Project,project,26,21,69.9,84,6.19,50,65,medium,low,0,3,24.2,0,0
Math Assignment,assignment,3,1,49.0,84,6.31,27,95,hard,high,7,0,74.9,5,1
DS Lab - Linked List (Sem 1),lab_experiment,6,1,61.5,4,4.66,10,46,hard,medium,1,6,85.2,1,1
Computer Vision Lab (Sem 8),lab_experiment,20,16,45.0,68,7.56,7,45,hard,critical,10,0,54.1,7,1
Digital Electronics Lab #5,lab_experiment,34,30,38.4,68,8.4,10,77,hard,medium,6,4,47.4,-3,0
Mid-Semester Exam #5,exam,16,12,43.4,20,6.28,16,77,easy,medium,2,5,43.6,0,0
OS Lab - Process Scheduling (Sem 2),lab_experiment,23,21,36.3,80,5.16,18,55,medium,low,8,1,37.8,-3,0
OS Lab - Process Scheduling (Sem 8),lab_experiment,28,24,47.1,72,6.23,46,42,medium,medium,8,1,42.2,0,0
Mini Project #3,project,12,8,3.8,55,6.27,37,63,medium,low,8,2,41.7,0,0
OS Assignment #4,assignment,13,13,28.7,77,8.77,30,36,very_hard,medium,1,4,43.6,1,1
Group Project - Web App,project,23,23,11.6,67,9.01,27,64,medium,high,3,6,45.3,8,1
Capstone Project (Sem 1),project,6,6,30.9,88,7.34,11,85,hard,high,1,2,47.5,5,1
Research Project,project,13,8,5.5,47,9.73,23,53,medium,high,5,2,48.9,10,1
Machine Learning Assignment (Sem 4),assignment,30,27,32.7,58,5.42,37,71,easy,medium,6,1,44.1,-3,0
AI Lab - Search Algorithms (Sem 4),lab_experiment,1,1,3.4,10,5.75,25,30,hard,high,3,0,88.5,8,1
End-Semester Exam #4,exam,11,8,60.6,19,7.07,36,98,easy,low,9,6,49.8,7,1
Network Lab - Packet Analysis #3,lab_experiment,26,24,50.9,7,4.03,13,41,easy,medium,4,0,46.9,6,1
Capstone Project,project,11,11,53.1,66,7.38,7,43,easy,medium,10,1,34.5,-3,0
End-Semester Exam #4,exam,6,1,43.8,14,9.1,18,84,easy,medium,4,6,71.0,5,1
Industry Internship Project,project,13,13,26.8,60,6.35,25,80,hard,critical,4,2,63.5,5,1
OS Lab - Process Scheduling #2,lab_experiment,26,22,12.8,68,7.27,30,34,hard,medium,7,1,48.4,8,1
Algorithms Assignment,assignment,30,30,67.2,14,9.48,7,99,easy,high,10,4,52.9,13,1
Algorithms Assignment (Sem 4),assignment,21,18,1.5,10,4.15,34,21,very_hard,high,1,6,76.4,2,1
Compiler Lab - Lexical Analysis #4,lab_experiment,26,23,33.3,70,8.01,18,47,easy,low,4,0,19.8,-1,0
Networking Assignment,assignment,34,30,51.0,39,4.06,26,20,hard,medium,5,5,66.8,2,1
Industry Internship Project #1,project,14,14,40.7,53,4.01,22,16,hard,critical,7,0,68.6,5,1
Open Source Contribution,project,6,6,21.8,45,8.58,29,44,medium,low,2,3,38.9,-1,0
Industry Internship Project #3,project,25,23,3.2,27,9.15,33,43,medium,high,9,4,57.9,8,1
Computer Graphics Assignment (Sem 4),assignment,8,3,19.1,95,9.82,44,46,easy,high,6,2,51.4,2,1
Software Engineering Assignment,assignment,16,13,28.7,8,8.22,40,15,medium,critical,6,1,64.4,2,1
OS Assignment (Sem 7),assignment,12,10,33.2,12,4.99,19,60,easy,critical,0,0,49.5,5,1
ML Model Project #5,project,21,19,70.3,48,8.65,45,84,hard,high,8,2,57.9,9,1
Web Dev Assignment #1,assignment,25,25,3.0,6,9.53,34,69,easy,low,7,6,47.2,14,1
IOT Lab Experiment (Sem 5),lab_experiment,7,6,65.5,4,6.66,11,24,very_hard,low,1,4,64.3,12,1
Final Year Project (Sem 5),project,1,0,73.8,34,5.72,10,55,medium,high,7,2,85.2,4,1
DS Lab - Linked List (Sem 5),lab_experiment,23,18,33.2,89,9.55,28,30,medium,critical,7,6,55.0,11,1
Networking Assignment,assignment,29,29,70.2,96,4.33,44,98,hard,high,6,5,64.2,7,1
Internal Assessment (Sem 2),exam,22,19,52.2,58,5.41,34,37,very_hard,critical,6,5,86.8,3,1
Module Exam,exam,30,25,65.1,44,9.07,29,52,very_hard,medium,9,1,56.1,14,1
Mobile App Development (Sem 8),project,4,2,56.4,30,5.64,17,25,very_hard,medium,9,3,86.7,8,1
Software Engineering Assignment #1,assignment,22,17,9.0,29,8.95,34,87,easy,critical,1,3,46.6,3,1
Mid-Semester Exam #4,exam,26,24,32.1,51,5.25,42,78,hard,medium,1,2,48.0,11,1
Practical Exam,exam,24,19,19.7,84,4.79,49,22,hard,critical,6,5,75.1,10,1
Compiler Lab - Lexical Analysis (Sem 3),lab_experiment,31,26,5.3,3,7.73,16,59,very_hard,low,10,0,56.0,13,1
Data Structures Assignment #1,assignment,5,2,6.6,74,6.76,40,43,hard,critical,9,5,86.2,9,1
DBMS Assignment,assignment,6,1,59.4,65,4.84,17,77,very_hard,high,6,6,100.0,10,1
Machine Learning Assignment,assignment,11,6,74.6,9,4.37,47,43,medium,medium,7,5,75.9,4,1
IoT Based Project,project,20,19,11.0,9,8.63,38,80,easy,low,6,1,39.0,-3,0
ML Model Project #1,project,7,2,50.7,91,5.34,6,29,easy,medium,1,5,45.4,0,0
Embedded Systems Lab #5,lab_experiment,34,29,49.1,8,6.48,34,65,medium,high,2,1,51.8,13,1
Computer Graphics Assignment #2,assignment,8,4,12.8,81,8.83,34,23,easy,critical,3,3,50.2,10,1
Surprise Test,exam,30,29,25.7,78,6.49,21,43,medium,medium,3,6,40.5,12,1
Open Source Contribution,project,4,2,62.9,28,5.32,32,42,easy,high,0,2,58.6,9,1
Capstone Project #1,project,24,22,47.9,84,8.69,8,91,very_hard,high,2,6,52.0,8,1
Industry Internship Project #1,project,18,18,55.4,2,8.28,22,59,very_hard,medium,1,3,55.8,3,1
Mobile App Development,project,8,6,41.2,9,7.21,5,32,hard,medium,9,4,71.7,10,1
Capstone Project (Sem 8),project,10,6,66.6,62,9.12,25,54,easy,critical,2,2,48.1,12,1
ML Model Project,project,20,15,18.1,50,9.78,34,11,medium,medium,2,2,33.4,0,0
Mobile App Development,project,15,11,24.0,20,5.23,6,11,medium,medium,3,0,45.6,12,1
Computer Vision Lab (Sem 5),lab_experiment,18,17,41.4,28,9.77,15,24,easy,medium,8,4,43.9,-2,0
DBMS Assignment (Sem 4),assignment,15,13,61.2,37,7.27,14,33,easy,low,1,4,30.0,0,0
Machine Learning Assignment (Sem 3),assignment,17,15,66.5,8,6.62,50,30,medium,high,3,5,64.4,7,1
End-Semester Exam #2,exam,10,10,55.1,2,4.11,28,20,easy,low,4,5,54.4,9,1
Unit Test,exam,11,6,4.8,26,6.51,33,27,easy,medium,2,5,52.1,11,1
OS Lab - Process Scheduling (Sem 5),lab_experiment,9,4,22.7,58,5.99,18,83,easy,medium,9,1,50.2,14,1
Computer Graphics Assignment (Sem 7),assignment,13,12,10.8,100,6.56,29,81,medium,high,0,1,26.9,-2,0
Algorithms Assignment #3,assignment,2,2,31.8,55,6.35,42,69,easy,high,4,2,61.2,13,1
Module Exam #1,exam,28,23,8.5,52,5.8,42,62,hard,low,0,4,43.8,3,1
End-Semester Exam,exam,10,10,52.7,52,7.69,50,63,easy,high,3,0,35.6,-1,0
Compiler Lab - Lexical Analysis (Sem 3),lab_experiment,12,7,13.8,84,8.76,40,16,medium,high,3,3,47.2,0,0
Internal Assessment (Sem 5),exam,6,1,68.2,39,6.98,30,32,very_hard,high,10,1,94.2,10,1
Mid-Semester Exam,exam,31,29,62.3,41,5.92,48,65,hard,medium,8,4,66.6,9,1
Embedded Systems Lab,lab_experiment,16,14,43.0,2,9.82,6,42,very_hard,medium,8,6,70.2,9,1
Computer Graphics Assignment (Sem 2),assignment,13,13,64.1,39,8.96,13,32,hard,critical,5,5,70.5,6,1
Practical Exam,exam,15,10,63.7,72,6.44,25,66,medium,high,1,0,33.1,-2,0
Industry Internship Project,project,24,22,60.9,59,6.47,14,66,very_hard,medium,10,0,54.6,2,1
Final Year Project (Sem 6),project,21,18,73.0,4,8.79,11,54,hard,critical,2,0,58.3,13,1
DS Lab - Linked List,lab_experiment,4,0,16.5,58,6.6,9,26,hard,high,8,4,86.3,10,1
OS Lab - Process Scheduling #4,lab_experiment,28,28,59.5,95,5.48,41,87,hard,medium,9,1,49.1,8,1
Math Assignment,assignment,10,6,54.5,95,7.25,38,96,medium,high,8,2,53.8,12,1
Open Source Contribution,project,21,18,32.3,31,4.31,41,11,hard,medium,7,4,67.9,5,1
Viva Voce (Sem 8),exam,33,28,53.1,39,5.66,7,67,medium,critical,2,5,63.9,7,1
Embedded Systems Lab (Sem 5),lab_experiment,9,7,61.7,45,9.96,11,98,medium,critical,4,1,59.1,6,1
Computer Vision Lab (Sem 6),lab_experiment,25,20,69.1,94,4.33,43,100,hard,critical,5,4,70.5,14,1
Weekly Test (Sem 4),exam,17,15,33.9,70,4.43,35,77,medium,high,4,5,58.5,1,1
Group Project - Web App (Sem 8),project,21,21,64.7,59,6.79,29,22,very_hard,high,3,2,61.1,11,1
Data Structures Assignment #4,assignment,19,18,12.7,25,8.29,37,51,medium,medium,3,3,43.7,10,1
Unit Test (Sem 6),exam,24,24,58.5,28,4.52,13,97,hard,medium,2,3,54.7,4,1
Practical Exam (Sem 5),exam,15,14,21.7,88,4.32,13,26,medium,medium,1,2,30.7,0,0
Mid-Semester Exam (Sem 4),exam,13,11,30.1,88,6.71,7,29,easy,medium,7,2,32.1,-3,0
Embedded Systems Lab #3,lab_experiment,20,18,64.1,50,4.67,15,23,hard,medium,10,4,61.5,2,1
IOT Lab Experiment #1,lab_experiment,3,0,59.1,13,9.44,15,29,very_hard,medium,3,5,87.9,12,1
Math Assignment #4,assignment,17,13,55.9,31,8.03,21,57,medium,high,5,4,55.9,6,1
DBMS Assignment (Sem 4),assignment,13,10,1.5,63,6.92,39,87,hard,medium,3,1,44.3,-2,0
Mobile App Development #2,project,24,21,3.8,66,5.07,20,61,hard,high,2,3,54.8,10,1
DBMS Assignment,assignment,21,18,30.6,43,8.06,30,23,medium,high,6,5,56.4,8,1
OS Assignment,assignment,1,1,17.4,26,5.52,44,14,medium,high,2,0,77.2,7,1
DBMS Lab - SQL Queries (Sem 4),lab_experiment,12,7,65.6,75,8.41,9,86,easy,critical,10,4,56.9,3,1
Data Structures Assignment,assignment,15,15,13.6,53,4.25,8,81,easy,low,3,5,39.2,0,0
ML Model Project,project,12,10,50.0,41,6.95,39,78,very_hard,high,8,1,69.7,1,1
Group Project - Web App (Sem 3),project,25,21,66.6,95,8.46,10,31,medium,high,0,2,23.0,-1,0
Mobile App Development,project,25,23,39.8,1,9.07,31,98,hard,high,4,3,64.9,3,1
Practical Exam #2,exam,9,6,44.5,88,5.5,36,80,very_hard,medium,7,0,64.0,13,1
Online Quiz #3,exam,14,14,79.5,11,4.85,44,75,medium,medium,2,4,56.2,5,1
Embedded Systems Lab (Sem 1),lab_experiment,8,4,63.9,18,9.36,48,19,hard,high,4,0,65.2,8,1
Data Structures Assignment #3,assignment,7,2,41.8,54,4.2,29,60,medium,low,3,0,51.1,12,1
Mobile App Development (Sem 8),project,28,26,51.2,18,6.8,38,34,very_hard,critical,4,1,79.2,9,1
Internal Assessment,exam,29,26,63.6,10,7.46,10,88,hard,medium,0,4,49.0,8,1
OS Assignment (Sem 1),assignment,21,16,55.1,62,9.23,11,56,easy,medium,10,0,28.7,-3,0
ML Model Project,project,10,7,78.0,74,6.24,33,86,medium,high,10,2,57.5,7,1
Data Structures Assignment,assignment,5,1,74.1,6,8.06,8,23,medium,high,0,5,71.6,3,1
Math Assignment #1,assignment,23,21,45.7,20,8.12,45,39,hard,high,0,0,44.5,-3,0
Computer Vision Lab (Sem 6),lab_experiment,29,25,38.4,82,6.76,49,93,hard,critical,10,1,62.5,14,1
IoT Based Project (Sem 8),project,11,9,66.7,21,6.08,29,94,hard,high,4,5,69.7,11,1
OS Lab - Process Scheduling #3,lab_experiment,9,9,28.6,92,5.27,23,15,very_hard,high,5,0,60.9,4,1
IOT Lab Experiment #5,lab_experiment,28,25,63.9,50,8.45,48,87,medium,medium,10,3,45.8,-3,0
Practical Exam #4,exam,13,9,52.9,46,7.13,44,60,medium,low,4,4,45.2,10,1
Machine Learning Assignment #1,assignment,19,16,14.5,94,4.27,27,66,medium,medium,9,4,46.9,0,0
Network Lab - Packet Analysis,lab_experiment,11,10,77.9,94,7.55,11,24,easy,critical,8,2,41.3,13,1
Machine Learning Assignment (Sem 7),assignment,17,13,49.2,85,9.97,25,86,medium,low,3,2,23.5,0,0
Machine Learning Assignment (Sem 1),assignment,19,14,55.9,83,5.65,39,11,very_hard,low,2,1,45.3,11,1
ML Model Project (Sem 6),project,33,30,53.4,17,4.05,26,47,medium,low,9,4,57.2,14,1
Open Source Contribution,project,29,27,38.2,87,5.53,39,45,medium,medium,4,1,40.5,-2,0
Mini Project (Sem 5),project,16,15,7.4,55,4.47,16,73,medium,low,4,2,41.6,-2,0
Embedded Systems Lab (Sem 7),lab_experiment,33,29,42.0,79,6.73,39,77,medium,medium,4,2,39.1,-1,0
Weekly Test,exam,8,8,10.1,78,9.56,13,84,very_hard,critical,6,0,60.7,12,1
Surprise Test (Sem 3),exam,16,14,53.4,8,9.93,42,36,medium,critical,8,4,70.6,1,1
DBMS Assignment #3,assignment,19,15,20.1,92,8.73,27,62,easy,critical,5,3,45.3,9,1
Research Project,project,33,30,3.2,53,6.01,21,76,easy,medium,3,0,30.5,0,0
DBMS Assignment (Sem 8),assignment,31,29,20.1,6,5.28,33,96,easy,critical,10,5,77.1,13,1
Mini Project (Sem 7),project,21,20,23.5,58,9.23,27,63,easy,low,1,1,16.1,-3,0
Digital Electronics Lab (Sem 8),lab_experiment,28,27,45.1,62,7.24,8,60,medium,medium,4,2,39.4,-1,0
Mobile App Development #2,project,15,10,66.8,10,7.14,6,31,hard,high,8,1,64.6,6,1
DBMS Lab - SQL Queries #2,lab_experiment,18,18,73.0,40,9.01,44,44,medium,critical,9,4,64.4,13,1
Unit Test (Sem 3),exam,30,26,79.2,57,9.3,26,29,easy,low,3,6,30.2,-2,0
Mini Project (Sem 4),project,5,5,17.4,55,9.67,38,65,very_hard,low,7,6,65.8,12,1
Open Source Contribution #4,project,34,30,56.5,99,6.03,35,28,medium,high,0,5,35.7,-2,0
OS Lab - Process Scheduling #5,lab_experiment,18,17,66.7,56,9.82,5,62,easy,medium,3,2,27.3,-1,0
Weekly Test #2,exam,6,5,76.4,16,9.15,33,73,hard,high,0,2,56.1,6,1
Compiler Lab - Lexical Analysis (Sem 6),lab_experiment,21,18,18.2,16,8.66,19,91,hard,low,8,2,49.7,0,0
Algorithms Assignment,assignment,29,24,77.7,42,6.05,23,62,medium,high,10,1,52.9,10,1
Capstone Project,project,6,3,38.7,71,7.22,9,56,hard,medium,4,3,61.7,14,1
Group Project - Web App #5,project,16,12,1.8,35,7.09,21,95,medium,high,3,1,48.1,12,1
Computer Vision Lab #1,lab_experiment,21,17,27.1,68,6.79,49,66,easy,high,6,1,45.3,4,1
Practical Exam,exam,15,13,3.5,52,4.14,40,86,medium,low,2,5,44.6,-3,0
DS Lab - Linked List (Sem 1),lab_experiment,4,3,58.0,64,6.99,29,28,medium,medium,6,4,63.1,10,1
Math Assignment,assignment,22,17,2.3,14,6.2,18,36,medium,high,3,2,54.0,7,1
Final Year Project #2,project,9,5,61.6,9,9.99,29,56,hard,high,5,3,74.1,12,1
Practical Exam (Sem 6),exam,14,10,46.0,47,4.15,26,51,very_hard,medium,10,3,69.2,3,1
Web Dev Assignment (Sem 5),assignment,13,11,71.9,71,5.35,27,30,hard,low,10,2,49.5,-2,0
Web Dev Assignment,assignment,17,12,25.8,8,7.66,50,33,easy,high,5,3,56.4,5,1
Practical Exam,exam,6,1,11.7,80,6.31,44,43,medium,low,8,1,60.4,5,1
Networking Assignment,assignment,23,23,63.1,94,9.95,23,11,hard,low,3,6,34.5,0,0
AI Lab - Search Algorithms,lab_experiment,10,5,8.0,70,9.41,28,94,easy,medium,5,4,44.8,-3,0
Algorithms Assignment,assignment,9,4,19.7,19,5.95,31,11,easy,critical,1,6,70.3,2,1
AI Lab - Search Algorithms (Sem 5),lab_experiment,24,22,38.4,25,5.29,48,89,medium,low,7,3,55.8,9,1
Mini Project,project,10,9,10.2,14,4.9,15,89,easy,high,3,4,57.7,2,1
OS Lab - Process Scheduling (Sem 5),lab_experiment,29,27,45.3,20,7.71,43,16,hard,high,1,4,55.3,7,1
ML Model Project,project,7,3,9.5,73,9.21,7,75,easy,high,3,2,46.1,7,1
DBMS Lab - SQL Queries,lab_experiment,27,24,70.6,80,6.39,8,48,very_hard,high,1,3,50.8,2,1
Networking Assignment (Sem 2),assignment,7,3,63.7,61,5.74,25,13,easy,high,2,0,53.3,13,1
AI Lab - Search Algorithms #3,lab_experiment,3,0,7.1,66,6.85,30,54,easy,high,7,2,70.8,13,1
Compiler Lab - Lexical Analysis,lab_experiment,5,2,60.7,26,4.71,6,35,hard,critical,8,5,97.4,2,1
Data Structures Assignment,assignment,31,30,61.0,73,7.67,18,17,medium,critical,0,0,32.2,-1,0
Online Quiz #5,exam,25,21,20.4,91,4.82,20,37,hard,low,7,0,40.8,-1,0
Data Structures Assignment,assignment,13,8,4.8,53,5.19,16,37,medium,high,6,2,57.0,9,1
ML Model Project (Sem 4),project,33,28,14.5,59,6.01,5,83,medium,low,5,4,41.7,14,1
Compiler Lab - Lexical Analysis (Sem 6),lab_experiment,10,8,26.0,14,5.27,12,83,very_hard,high,3,2,73.4,9,1
DS Lab - Linked List (Sem 8),lab_experiment,18,17,44.3,62,5.17,41,91,easy,critical,8,0,56.7,1,1
Internal Assessment #4,exam,15,11,25.6,53,9.39,22,76,medium,medium,4,0,33.6,0,0
IOT Lab Experiment,lab_experiment,13,12,9.3,42,6.07,15,83,medium,medium,1,2,35.1,-1,0
Mid-Semester Exam,exam,25,23,21.0,10,6.22,16,79,easy,medium,3,5,48.6,7,1
OS Assignment,assignment,5,3,31.6,3,9.16,29,19,easy,high,6,5,74.3,12,1
Math Assignment (Sem 6),assignment,22,20,30.9,44,9.46,16,60,medium,medium,8,6,47.8,5,1
IOT Lab Experiment #4,lab_experiment,25,25,16.7,86,5.64,48,50,medium,medium,9,2,46.6,0,0
Final Year Project,project,27,27,8.3,52,7.86,13,29,medium,low,3,4,32.9,0,0
ML Model Project (Sem 2),project,32,27,77.3,56,8.46,18,59,hard,medium,5,5,52.6,-3,0
Weekly Test #1,exam,5,0,48.8,10,6.44,28,14,medium,low,6,6,80.8,12,1
Mid-Semester Exam (Sem 5),exam,22,20,45.4,24,9.23,35,69,easy,high,2,6,46.7,8,1
Surprise Test #3,exam,26,25,47.9,45,5.53,44,59,medium,medium,2,6,51.4,2,1
IoT Based Project #4,project,11,10,40.5,1,4.67,50,18,hard,medium,4,2,67.8,8,1
Practical Exam,exam,15,10,10.3,52,8.27,40,39,hard,medium,8,4,53.6,8,1
Data Structures Assignment #1,assignment,3,0,44.9,13,4.75,50,89,medium,high,7,3,95.4,2,1
OS Lab - Process Scheduling (Sem 5),lab_experiment,9,9,56.2,36,5.04,50,91,hard,high,5,5,76.8,6,1
Digital Electronics Lab #2,lab_experiment,10,5,43.3,60,8.28,30,94,medium,critical,1,5,57.0,4,1
DBMS Assignment #4,assignment,13,8,37.1,91,6.83,10,53,medium,low,1,6,25.8,0,0
Machine Learning Assignment,assignment,34,29,74.9,62,8.37,12,24,very_hard,low,4,3,46.8,5,1
Online Quiz (Sem 2),exam,31,27,20.0,97,7.46,28,48,easy,high,7,1,37.4,-1,0
DS Lab - Linked List #4,lab_experiment,22,17,67.3,93,6.97,5,17,medium,high,1,5,36.9,-2,0
Internal Assessment,exam,5,5,60.3,93,8.63,6,80,very_hard,high,6,3,63.0,10,1
Computer Graphics Assignment #4,assignment,23,23,12.7,55,6.16,18,80,very_hard,high,10,2,66.8,8,1
Software Engineering Assignment (Sem 7),assignment,17,16,78.0,98,8.3,5,34,hard,high,0,6,34.9,-3,0
Final Year Project (Sem 8),project,24,24,42.7,65,8.51,31,100,hard,high,9,1,51.1,3,1
Web Dev Assignment #1,assignment,18,16,47.9,86,8.17,32,72,hard,medium,6,5,48.0,3,1
IoT Based Project #1,project,23,21,65.2,50,5.9,13,64,medium,medium,4,0,43.3,-2,0
Web Dev Assignment #5,assignment,19,15,28.7,5,5.16,26,26,hard,low,6,1,60.6,7,1
OS Lab - Process Scheduling (Sem 3),lab_experiment,17,12,76.2,32,6.07,28,66,medium,low,0,3,32.4,-1,0
Software Engineering Assignment,assignment,17,13,28.1,82,4.89,34,61,hard,medium,2,2,44.0,-2,0
Industry Internship Project,project,25,23,67.4,26,6.4,31,86,very_hard,low,7,3,63.9,4,1
AI Lab - Search Algorithms (Sem 3),lab_experiment,32,30,56.1,20,8.64,38,39,medium,critical,3,3,59.8,11,1
Network Lab - Packet Analysis,lab_experiment,2,1,65.0,91,6.83,49,16,easy,high,4,1,62.7,11,1
AI Lab - Search Algorithms (Sem 4),lab_experiment,14,14,22.1,24,5.4,17,97,easy,high,8,1,55.9,9,1
Practical Exam,exam,16,11,39.5,70,7.76,5,44,medium,medium,9,4,39.5,13,1
End-Semester Exam (Sem 7),exam,24,21,43.7,83,7.77,23,57,hard,medium,4,5,44.7,-2,0
Math Assignment #4,assignment,24,19,13.4,37,4.18,18,28,hard,medium,10,4,64.4,7,1
Surprise Test (Sem 5),exam,31,30,42.6,71,5.28,41,14,medium,medium,9,3,50.9,11,1
DS Lab - Linked List,lab_experiment,8,7,8.5,65,6.24,42,96,medium,medium,5,6,59.2,2,1
DBMS Assignment #3,assignment,16,13,70.3,94,7.9,30,91,hard,low,10,3,37.2,-2,0
Weekly Test,exam,29,27,66.5,73,8.07,32,41,easy,high,9,0,35.6,-3,0
Digital Electronics Lab #3,lab_experiment,7,4,31.1,19,4.62,27,82,hard,medium,10,3,74.9,5,1
Computer Vision Lab (Sem 4),lab_experiment,21,19,49.6,76,5.73,17,81,hard,medium,4,3,51.5,6,1
IoT Based Project #2,project,5,1,39.8,4,4.32,10,12,hard,high,7,1,96.2,7,1
Group Project - Web App (Sem 6),project,17,12,63.8,26,8.32,16,31,very_hard,medium,8,3,62.4,5,1
Computer Vision Lab (Sem 7),lab_experiment,12,12,64.0,74,4.74,43,11,medium,medium,6,5,54.5,12,1
Web Dev Assignment #2,assignment,11,9,74.0,57,8.64,40,83,hard,low,7,4,47.6,-1,0
Viva Voce #1,exam,25,25,63.2,78,8.03,43,35,medium,critical,4,6,55.7,12,1
Module Exam #1,exam,14,11,65.4,91,5.63,32,83,hard,medium,7,6,57.0,4,1
Digital Electronics Lab (Sem 1),lab_experiment,29,24,26.7,64,9.66,6,94,medium,medium,1,4,28.8,-2,0
Open Source Contribution #3,project,6,2,42.8,96,7.24,20,66,medium,high,5,0,54.8,10,1
Open Source Contribution (Sem 4),project,4,1,13.5,41,4.35,20,15,medium,high,9,6,90.8,11,1
ML Model Project #4,project,30,29,24.6,29,6.15,38,61,hard,low,1,1,40.0,-3,0
Online Quiz (Sem 4),exam,14,14,1.4,69,4.27,26,49,medium,medium,6,0,43.8,-1,0
Networking Assignment #4,assignment,16,14,37.3,94,9.48,12,94,hard,low,1,1,19.4,-2,0
Math Assignment (Sem 4),assignment,23,18,33.0,40,9.87,40,62,hard,high,1,5,53.0,10,1
Data Structures Assignment #3,assignment,20,16,18.5,27,6.24,39,63,hard,high,0,0,47.5,-2,0
Practical Exam,exam,20,18,63.0,61,5.16,38,11,easy,critical,0,0,41.6,-2,0
Practical Exam (Sem 2),exam,4,2,45.2,49,8.49,46,21,hard,high,9,0,68.8,4,1
IoT Based Project #1,project,7,3,8.5,94,8.86,19,83,medium,medium,8,3,49.1,13,1
Mini Project (Sem 1),project,5,0,25.6,18,7.58,18,100,easy,high,8,5,80.2,13,1
Mid-Semester Exam (Sem 2),exam,13,13,13.1,75,5.32,13,19,hard,medium,5,1,50.3,3,1
Computer Graphics Assignment (Sem 1),assignment,2,1,38.8,86,4.44,35,73,medium,high,6,1,75.3,12,1
ML Model Project #5,project,12,12,6.4,23,9.43,13,14,hard,critical,6,4,71.7,14,1
End-Semester Exam #4,exam,21,21,14.3,15,7.33,8,92,easy,low,1,5,35.8,-2,0
Computer Vision Lab,lab_experiment,2,1,26.6,74,9.25,37,73,hard,critical,0,3,71.9,13,1
DS Lab - Linked List (Sem 5),lab_experiment,14,10,35.0,84,8.13,49,87,very_hard,high,0,4,48.1,0,0
Computer Graphics Assignment #4,assignment,11,11,28.2,11,4.39,8,37,hard,low,1,3,49.6,13,1
End-Semester Exam #5,exam,13,8,63.9,52,9.04,39,99,easy,high,1,2,32.5,-3,0
AI Lab - Search Algorithms #4,lab_experiment,12,8,70.1,3,8.92,5,85,hard,high,5,6,68.9,9,1
Software Engineering Assignment #2,assignment,13,10,35.1,71,5.32,44,91,medium,high,9,5,62.2,1,1
ML Model Project,project,10,9,53.5,84,4.1,44,55,medium,critical,10,3,63.6,7,1
Compiler Lab - Lexical Analysis #2,lab_experiment,15,12,48.8,76,8.84,17,15,easy,critical,4,3,44.5,3,1
Mini Project (Sem 5),project,25,22,71.3,40,7.49,5,27,very_hard,critical,6,1,74.5,10,1
Mobile App Development #1,project,13,12,61.7,69,6.39,5,34,medium,medium,4,6,43.7,7,1
Capstone Project #1,project,14,11,13.4,63,8.48,48,47,easy,low,5,6,37.2,0,0
DS Lab - Linked List #1,lab_experiment,6,4,15.2,25,6.04,26,59,hard,low,5,5,67.6,14,1
Surprise Test #4,exam,5,5,29.6,7,6.04,14,11,hard,critical,3,2,78.0,4,1
Networking Assignment #1,assignment,32,29,2.3,78,9.76,44,39,medium,low,2,1,21.8,-3,0
Computer Graphics Assignment (Sem 3),assignment,10,8,71.2,28,8.35,22,99,hard,low,0,6,38.6,0,0
AI Lab - Search Algorithms #2,lab_experiment,22,18,12.9,38,4.27,14,22,very_hard,medium,8,1,65.8,4,1
Networking Assignment (Sem 2),assignment,8,3,2.2,5,8.82,41,59,easy,medium,6,2,62.1,8,1
Group Project - Web App (Sem 6),project,18,15,77.8,99,9.66,27,26,medium,high,4,4,39.9,-2,0
IOT Lab Experiment #2,lab_experiment,14,9,15.7,81,5.93,25,24,easy,medium,8,5,46.3,-2,0
Math Assignment #1,assignment,12,10,19.2,94,7.16,37,70,easy,critical,7,3,50.9,8,1
Mobile App Development (Sem 1),project,8,4,44.1,63,5.8,50,99,hard,medium,10,1,64.4,1,1
IoT Based Project (Sem 2),project,27,26,57.6,49,7.33,43,34,easy,high,2,3,43.5,-2,0
Data Structures Assignment (Sem 5),assignment,28,28,21.3,33,5.32,45,25,easy,medium,4,2,48.9,6,1
Computer Vision Lab #5,lab_experiment,16,11,37.4,34,9.59,18,18,hard,high,7,0,54.0,13,1
Math Assignment,assignment,30,28,63.1,57,4.99,32,88,medium,low,0,5,36.8,-2,0
Internal Assessment (Sem 5),exam,22,19,29.8,91,7.26,27,80,hard,high,8,4,56.5,9,1
Web Dev Assignment,assignment,35,30,79.7,16,4.69,41,85,easy,high,3,3,57.9,7,1
Digital Electronics Lab #2,lab_experiment,18,18,76.3,26,5.29,15,31,easy,critical,5,2,65.3,9,1
Web Dev Assignment #1,assignment,11,6,10.3,39,8.39,38,37,hard,high,4,3,66.0,8,1
ML Model Project,project,10,7,31.4,97,6.12,5,10,hard,medium,2,1,39.1,-2,0
DBMS Assignment,assignment,19,18,68.8,64,6.49,39,31,medium,high,7,1,50.1,0,0
Internal Assessment,exam,27,27,72.6,92,8.68,46,85,very_hard,medium,2,5,47.2,13,1
Software Engineering Assignment,assignment,30,28,43.9,29,4.57,17,42,hard,medium,5,4,65.9,13,1
Surprise Test,exam,34,30,53.0,55,6.11,14,43,easy,low,6,5,40.4,4,1
Open Source Contribution (Sem 8),project,2,0,45.2,92,9.63,29,42,hard,medium,1,5,59.5,7,1
Surprise Test (Sem 6),exam,30,26,64.7,90,6.23,21,31,easy,medium,9,6,39.1,-2,0
Networking Assignment (Sem 4),assignment,14,12,46.5,22,6.93,34,64,medium,medium,5,4,57.0,4,1
Module Exam,exam,28,26,8.1,32,9.99,9,84,medium,high,8,0,46.5,9,1
Unit Test,exam,7,6,49.0,1,8.08,36,61,easy,critical,0,0,51.4,2,1
Networking Assignment #5,assignment,13,9,77.4,39,5.7,17,62,very_hard,medium,2,6,64.9,2,1
Surprise Test,exam,5,0,42.4,50,4.58,29,42,hard,high,0,2,75.9,14,1
Math Assignment (Sem 4),assignment,21,21,31.1,78,9.63,29,69,hard,medium,2,0,30.3,0,0
Data Structures Assignment #2,assignment,8,5,25.1,86,5.04,28,75,hard,high,7,1,64.6,5,1
Surprise Test (Sem 2),exam,32,27,29.8,87,6.66,17,30,hard,medium,0,0,26.3,-3,0
Viva Voce #5,exam,24,21,17.2,23,8.38,31,10,hard,high,8,2,61.5,7,1
Mini Project (Sem 6),project,22,19,16.8,44,7.01,35,85,medium,medium,3,6,48.7,7,1
Viva Voce,exam,13,12,12.9,50,9.04,47,64,very_hard,high,5,4,69.7,7,1
Practical Exam (Sem 8),exam,26,23,31.4,33,8.92,45,43,very_hard,high,5,2,68.9,14,1
AI Lab - Search Algorithms #4,lab_experiment,20,20,57.6,16,5.52,28,40,medium,low,10,0,49.6,9,1
Module Exam #5,exam,29,28,51.7,33,6.0,6,40,medium,high,4,4,56.0,14,1
Web Dev Assignment #5,assignment,11,7,18.1,93,7.2,30,84,easy,high,1,1,34.4,0,0
ML Model Project (Sem 1),project,31,29,65.1,3,6.85,34,36,easy,high,4,0,51.8,6,1
Software Engineering Assignment (Sem 3),assignment,8,8,25.8,5,8.81,14,62,medium,medium,8,3,51.4,11,1
Group Project - Web App #2,project,16,14,52.2,34,8.15,30,65,hard,medium,2,3,45.2,4,1
ML Model Project (Sem 6),project,4,4,57.0,97,7.45,9,16,very_hard,low,10,3,55.5,7,1
Web Dev Assignment (Sem 2),assignment,31,27,26.9,50,5.79,38,43,hard,medium,9,5,65.8,8,1
Digital Electronics Lab,lab_experiment,13,13,21.8,27,9.34,33,93,medium,high,7,4,57.9,10,1
Compiler Lab - Lexical Analysis (Sem 6),lab_experiment,29,24,55.2,52,4.19,34,13,hard,critical,7,2,74.0,7,1
Final Year Project (Sem 2),project,32,27,43.8,15,9.65,43,33,medium,high,1,6,51.3,4,1
DBMS Assignment #2,assignment,10,8,48.3,75,7.13,24,96,easy,high,3,1,35.4,0,0
Open Source Contribution #4,project,34,29,40.9,1,6.94,9,15,hard,high,10,2,68.7,2,1
Software Engineering Assignment #3,assignment,4,1,42.7,97,7.23,46,48,medium,high,8,1,69.2,13,1
Networking Assignment #3,assignment,9,6,74.4,42,7.96,49,96,easy,medium,4,4,49.5,3,1
Research Project (Sem 1),project,1,0,10.3,57,7.32,37,41,hard,high,4,1,80.3,12,1
Software Engineering Assignment (Sem 6),assignment,23,19,66.5,33,9.96,7,80,hard,high,5,5,63.1,10,1
OS Lab - Process Scheduling (Sem 3),lab_experiment,4,1,50.5,47,6.61,50,53,easy,high,0,0,57.6,12,1
Unit Test,exam,23,19,53.0,51,6.29,19,12,very_hard,high,2,1,56.7,6,1
IoT Based Project,project,3,0,48.2,75,4.7,27,45,hard,high,2,5,82.7,8,1
Network Lab - Packet Analysis,lab_experiment,32,27,49.1,27,4.56,25,10,easy,low,1,5,40.1,-2,0
Software Engineering Assignment,assignment,13,9,70.1,100,8.16,41,40,very_hard,low,5,2,43.1,-1,0
Group Project - Web App #5,project,27,24,48.4,26,7.52,38,29,medium,high,10,5,60.6,6,1
Digital Electronics Lab,lab_experiment,18,17,39.4,86,5.13,37,27,medium,medium,2,4,40.5,-1,0
Machine Learning Assignment #3,assignment,16,11,37.9,53,8.64,38,94,hard,medium,5,4,53.2,1,1
OS Lab - Process Scheduling (Sem 2),lab_experiment,18,13,58.4,79,5.97,24,43,hard,medium,1,5,46.6,13,1
Mid-Semester Exam (Sem 5),exam,23,23,70.9,41,8.42,37,83,easy,medium,6,5,45.5,-1,0
Networking Assignment #3,assignment,32,29,48.1,46,6.08,27,86,hard,high,3,2,55.5,14,1
Module Exam,exam,21,16,11.6,19,6.68,26,48,medium,high,10,3,61.8,8,1
Practical Exam #5,exam,14,9,10.3,27,7.09,14,46,hard,high,3,3,60.0,10,1
Industry Internship Project #1,project,6,1,23.5,42,9.36,43,46,medium,medium,6,3,71.9,5,1
Software Engineering Assignment,assignment,25,21,27.9,53,7.95,36,25,easy,medium,3,2,31.0,-3,0
IOT Lab Experiment #4,lab_experiment,24,19,63.5,48,5.81,14,29,medium,high,6,2,57.8,4,1
Algorithms Assignment (Sem 2),assignment,21,20,22.8,63,9.44,45,16,easy,medium,5,2,35.9,-2,0
Practical Exam #3,exam,32,29,64.3,15,6.54,40,94,medium,medium,10,3,57.0,12,1
Mobile App Development (Sem 1),project,30,26,29.1,0,5.81,42,21,easy,medium,0,2,43.2,-2,0
Web Dev Assignment #1,assignment,24,21,45.2,98,4.95,45,84,medium,medium,6,4,47.9,0,0
Computer Graphics Assignment (Sem 2),assignment,24,21,3.8,73,9.73,38,74,medium,high,0,0,26.2,-3,0
Practical Exam (Sem 4),exam,2,2,9.5,26,5.04,15,61,medium,low,3,5,65.3,11,1
DS Lab - Linked List,lab_experiment,19,15,4.4,0,7.99,20,79,hard,medium,2,5,55.0,2,1
Digital Electronics Lab #3,lab_experiment,16,16,60.5,52,8.64,32,61,medium,critical,2,5,53.8,1,1
AI Lab - Search Algorithms,lab_experiment,10,9,59.7,51,6.61,35,45,easy,high,4,2,46.3,14,1
Algorithms Assignment (Sem 4),assignment,25,24,61.2,76,8.92,31,40,medium,high,5,4,47.9,-3,0
Capstone Project (Sem 5),project,19,18,25.6,67,6.68,10,49,very_hard,medium,9,1,54.6,13,1
Internal Assessment #1,exam,28,25,32.9,83,4.87,44,45,easy,low,6,6,42.8,-3,0
ML Model Project #5,project,18,13,79.7,66,4.38,12,94,very_hard,low,2,4,52.0,13,1
DS Lab - Linked List #2,lab_experiment,20,17,11.9,6,5.36,18,39,medium,high,4,0,59.6,7,1
Networking Assignment #5,assignment,31,29,56.8,66,9.78,36,74,medium,critical,5,2,54.4,10,1
IoT Based Project (Sem 7),project,31,26,73.4,47,8.95,34,74,medium,high,0,2,35.0,-1,0
DBMS Assignment (Sem 8),assignment,15,13,51.5,77,5.58,31,38,easy,low,6,0,32.7,-1,0
IoT Based Project #2,project,5,5,5.9,19,4.53,48,75,medium,medium,1,6,62.0,6,1
OS Lab - Process Scheduling,lab_experiment,24,20,8.3,67,6.09,47,12,hard,medium,10,0,48.3,4,1
Compiler Lab - Lexical Analysis,lab_experiment,17,17,50.4,24,9.47,16,100,hard,critical,7,3,69.8,7,1
Network Lab - Packet Analysis #4,lab_experiment,5,4,17.2,12,4.01,7,74,hard,low,7,0,63.3,1,1
Unit Test (Sem 2),exam,10,8,37.3,83,8.67,23,84,hard,medium,9,4,45.7,-3,0
Unit Test (Sem 1),exam,7,5,49.7,54,4.57,12,47,medium,critical,8,6,78.4,4,1
Algorithms Assignment #1,assignment,28,23,57.8,15,5.32,32,19,easy,high,2,0,48.2,0,0
ML Model Project #3,project,5,3,79.9,30,9.8,14,15,medium,low,2,3,47.4,5,1
DBMS Lab - SQL Queries #2,lab_experiment,15,13,32.5,5,5.05,17,61,easy,medium,5,2,54.7,9,1
Software Engineering Assignment #2,assignment,12,10,27.7,53,6.74,13,16,hard,medium,7,5,57.7,1,1
IOT Lab Experiment,lab_experiment,2,0,72.4,87,9.54,40,72,easy,high,5,3,64.6,2,1
DBMS Assignment #1,assignment,19,14,48.3,23,9.83,28,34,hard,medium,3,0,44.2,11,1
Viva Voce (Sem 5),exam,23,18,26.3,10,9.23,31,52,medium,low,7,4,49.1,5,1
Network Lab - Packet Analysis,lab_experiment,6,4,15.0,87,5.59,38,52,hard,high,1,4,59.4,1,1
OS Lab - Process Scheduling (Sem 2),lab_experiment,28,28,26.5,39,7.27,7,50,easy,high,3,2,42.9,0,0
Internal Assessment,exam,25,24,1.5,61,8.25,28,99,medium,medium,0,0,20.6,-1,0
Software Engineering Assignment #3,assignment,32,29,3.6,82,4.88,34,11,hard,high,7,0,56.0,2,1
Compiler Lab - Lexical Analysis (Sem 3),lab_experiment,33,28,66.9,28,9.18,45,82,hard,low,10,6,55.9,14,1
Online Quiz #5,exam,16,12,36.1,4,6.13,11,73,very_hard,medium,9,1,67.3,1,1
Data Structures Assignment (Sem 6),assignment,5,2,48.9,70,5.14,50,93,easy,high,6,2,67.0,11,1
Final Year Project (Sem 5),project,9,9,31.5,90,8.3,45,47,very_hard,critical,2,5,62.5,6,1
Compiler Lab - Lexical Analysis (Sem 1),lab_experiment,18,15,69.3,0,7.46,30,33,very_hard,medium,10,2,72.0,7,1
Network Lab - Packet Analysis (Sem 2),lab_experiment,22,21,33.4,97,4.77,45,94,medium,high,1,0,35.1,0,0
OS Assignment #1,assignment,26,26,47.4,8,7.54,41,10,hard,low,7,0,49.5,1,1
Network Lab - Packet Analysis (Sem 7),lab_experiment,9,5,2.9,85,8.0,38,69,medium,medium,7,6,49.8,1,1
Algorithms Assignment,assignment,25,22,41.0,12,4.63,26,64,hard,high,9,3,75.2,5,1
Final Year Project,project,22,20,77.0,46,6.34,41,97,easy,high,2,1,39.9,-3,0
End-Semester Exam #2,exam,12,7,66.9,94,7.98,23,77,hard,high,5,0,50.5,1,1
IoT Based Project #1,project,25,23,70.5,92,7.15,45,70,easy,medium,8,1,33.1,-3,0
Capstone Project #3,project,18,15,49.0,47,9.18,44,89,hard,critical,10,4,70.0,5,1
Digital Electronics Lab #2,lab_experiment,23,19,47.6,96,4.75,27,28,hard,high,9,1,54.5,1,1
ML Model Project,project,15,12,9.8,11,7.41,42,83,easy,medium,10,0,47.0,-2,0
Networking Assignment (Sem 8),assignment,6,6,26.4,50,7.18,37,71,medium,medium,5,1,53.7,7,1
OS Lab - Process Scheduling (Sem 5),lab_experiment,33,30,21.0,64,4.74,16,81,easy,high,10,4,53.8,4,1
Practical Exam,exam,19,18,64.3,17,7.47,10,66,hard,medium,5,0,54.6,13,1
Computer Vision Lab #3,lab_experiment,31,26,52.2,40,5.95,35,98,hard,high,9,0,64.5,8,1
Internal Assessment (Sem 3),exam,10,9,24.8,40,5.24,20,74,very_hard,low,5,3,65.0,6,1
Computer Graphics Assignment,assignment,5,1,22.5,4,8.4,17,58,hard,critical,7,5,100.0,6,1
Research Project,project,10,6,8.9,68,6.27,34,10,hard,medium,5,0,54.8,7,1
Internal Assessment #5,exam,25,25,5.8,91,4.4,24,28,very_hard,high,9,3,67.2,5,1
Compiler Lab - Lexical Analysis,lab_experiment,29,29,9.4,67,8.8,37,79,very_hard,high,9,4,65.3,11,1
Networking Assignment #2,assignment,16,14,17.6,39,8.78,45,19,easy,medium,7,0,36.7,-2,0
Weekly Test,exam,20,20,69.8,52,5.72,48,30,medium,medium,5,2,53.4,5,1
Research Project,project,27,26,28.0,32,8.76,44,100,hard,low,3,4,47.0,5,1
Web Dev Assignment,assignment,23,21,19.1,49,6.3,8,89,very_hard,high,4,3,66.0,11,1
Data Structures Assignment,assignment,33,29,42.5,9,4.31,41,55,easy,low,2,0,38.3,-1,0
DBMS Assignment,assignment,14,9,9.4,43,6.4,29,75,easy,high,6,2,50.3,-3,0
Viva Voce,exam,22,21,35.3,46,8.38,5,27,medium,critical,9,6,61.3,2,1
Online Quiz #3,exam,24,20,8.8,47,8.36,40,31,hard,high,2,5,54.6,13,1
Surprise Test,exam,30,26,69.2,82,8.11,46,46,easy,high,9,2,39.2,-3,0
End-Semester Exam,exam,10,6,77.0,88,8.22,41,84,easy,low,2,3,26.5,-1,0
OS Lab - Process Scheduling (Sem 3),lab_experiment,0,0,36.6,5,4.91,44,74,hard,high,6,4,100.0,9,1
Mobile App Development (Sem 5),project,7,2,43.9,59,5.12,43,25,medium,medium,10,2,66.5,10,1
Software Engineering Assignment (Sem 5),assignment,24,20,10.8,40,5.15,14,24,hard,low,1,0,38.4,-2,0
Machine Learning Assignment,assignment,5,3,32.8,68,8.61,20,47,easy,medium,0,5,38.4,-2,0
AI Lab - Search Algorithms #4,lab_experiment,15,15,50.7,99,4.95,13,50,medium,high,4,1,42.5,-2,0
Capstone Project #1,project,12,12,25.6,17,7.71,17,93,very_hard,critical,10,4,81.3,13,1
Mobile App Development #4,project,5,1,56.4,63,6.92,13,19,easy,high,2,6,66.7,5,1
Data Structures Assignment (Sem 4),assignment,3,1,68.5,2,8.13,43,73,very_hard,low,7,6,93.9,3,1
Viva Voce #2,exam,9,9,35.5,85,9.93,42,95,medium,low,6,6,37.2,-2,0
Unit Test (Sem 2),exam,9,5,46.5,48,7.89,47,90,easy,high,8,5,60.1,7,1
Web Dev Assignment,assignment,21,20,28.8,58,8.64,19,20,medium,high,9,1,44.3,2,1
Software Engineering Assignment (Sem 3),assignment,7,2,16.1,31,5.87,34,17,medium,high,10,0,74.2,8,1
IoT Based Project (Sem 5),project,14,9,46.7,78,8.75,30,35,hard,medium,8,3,45.4,0,0
DBMS Lab - SQL Queries #2,lab_experiment,33,29,29.3,78,8.69,21,80,medium,medium,2,1,24.5,-1,0
Practical Exam,exam,22,22,59.7,78,4.4,23,22,hard,medium,5,0,48.7,12,1
Data Structures Assignment #5,assignment,11,9,9.5,29,9.86,32,39,medium,medium,9,0,42.4,14,1
Mid-Semester Exam #3,exam,10,7,70.7,18,4.84,21,27,medium,high,8,6,78.5,13,1
Final Year Project,project,24,20,9.9,66,4.48,9,77,hard,high,9,6,66.7,4,1
Viva Voce,exam,30,30,6.6,20,6.65,25,84,medium,high,7,6,65.5,4,1
OS Assignment,assignment,3,3,79.7,64,6.42,20,16,hard,high,5,6,78.2,10,1
Mid-Semester Exam (Sem 4),exam,7,3,64.3,31,8.23,24,80,very_hard,high,10,0,78.2,1,1
DBMS Lab - SQL Queries #5,lab_experiment,7,2,21.0,69,4.52,7,27,medium,critical,1,3,65.9,11,1
Open Source Contribution,project,24,24,23.2,77,7.44,5,36,hard,critical,4,1,56.1,11,1
Weekly Test (Sem 4),exam,8,6,25.1,13,4.26,28,18,very_hard,high,4,6,92.2,7,1
OS Assignment,assignment,6,6,19.5,46,6.0,34,83,medium,low,7,6,57.2,3,1
DS Lab - Linked List #5,lab_experiment,29,24,37.7,84,4.51,29,19,hard,high,9,6,65.1,9,1
Open Source Contribution #4,project,20,15,35.6,47,9.19,18,74,medium,high,2,6,45.4,4,1
Machine Learning Assignment (Sem 4),assignment,19,14,51.2,20,4.25,37,70,medium,medium,1,4,50.7,5,1
Practical Exam (Sem 7),exam,25,25,52.0,58,8.97,19,45,easy,high,10,0,37.3,0,0
ML Model Project (Sem 4),project,20,20,28.5,62,8.83,37,52,hard,critical,1,6,56.3,9,1
Internal Assessment,exam,13,11,66.4,76,5.15,20,84,easy,low,9,2,35.8,-1,0
Software Engineering Assignment #2,assignment,31,28,1.7,6,8.43,45,19,hard,low,8,5,60.3,5,1
OS Lab - Process Scheduling (Sem 6),lab_experiment,22,20,57.8,96,5.31,25,44,medium,high,0,3,36.3,0,0
Capstone Project (Sem 3),project,27,22,11.7,13,8.57,7,14,medium,low,10,0,38.1,-1,0
Computer Graphics Assignment,assignment,4,3,24.3,13,8.13,28,95,medium,high,4,0,64.2,1,1
Module Exam #4,exam,6,2,34.1,34,4.89,32,26,hard,medium,7,0,73.4,12,1
Surprise Test #5,exam,2,2,64.6,15,7.01,34,11,medium,low,7,6,70.4,1,1
Viva Voce #2,exam,8,7,25.3,48,7.96,38,82,very_hard,critical,10,2,81.2,10,1
Networking Assignment,assignment,16,16,64.4,56,7.75,37,85,hard,medium,9,1,46.5,-1,0
Final Year Project,project,34,29,16.1,11,7.07,23,41,easy,low,4,2,41.1,12,1
IoT Based Project,project,16,14,48.0,60,4.34,20,44,medium,high,4,1,51.0,12,1
Compiler Lab - Lexical Analysis #4,lab_experiment,5,0,27.1,48,4.83,10,93,hard,medium,1,6,76.4,6,1
End-Semester Exam (Sem 2),exam,26,26,51.6,3,6.28,36,23,medium,medium,9,1,55.0,1,1
Math Assignment,assignment,23,21,21.9,82,9.19,33,93,very_hard,medium,5,6,56.9,4,1
Unit Test,exam,6,3,9.6,87,5.88,44,83,hard,medium,2,3,61.0,13,1
Machine Learning Assignment #3,assignment,9,6,61.3,40,7.21,14,61,medium,high,9,2,62.4,1,1
Algorithms Assignment,assignment,6,5,11.6,44,7.33,42,39,hard,medium,3,5,64.4,12,1
Unit Test #5,exam,3,0,26.0,63,8.3,37,21,hard,critical,10,6,93.1,8,1
Compiler Lab - Lexical Analysis,lab_experiment,12,11,23.2,89,6.84,36,71,medium,high,4,4,47.8,7,1
Surprise Test #2,exam,15,13,64.7,6,6.61,29,82,medium,medium,2,3,48.7,5,1
Research Project #4,project,26,25,40.3,75,5.37,40,55,very_hard,critical,10,6,84.0,7,1
Computer Graphics Assignment,assignment,2,0,2.9,20,9.16,21,55,hard,high,0,0,67.1,13,1
Final Year Project,project,31,26,59.7,59,4.19,41,28,medium,low,10,6,52.3,2,1
ML Model Project (Sem 2),project,12,12,18.2,47,4.35,19,97,very_hard,high,4,1,68.5,11,1
Viva Voce (Sem 8),exam,20,18,13.3,31,6.56,36,85,very_hard,high,4,2,70.4,13,1
Surprise Test #3,exam,27,23,70.2,22,6.69,17,23,medium,critical,10,5,72.3,14,1
IOT Lab Experiment,lab_experiment,28,27,74.6,35,9.41,15,37,hard,medium,10,1,48.5,8,1
Mini Project #4,project,22,22,61.5,35,9.87,22,59,medium,medium,1,1,30.2,0,0
Digital Electronics Lab,lab_experiment,11,11,75.1,90,9.22,13,78,hard,low,7,6,40.3,-1,0
Surprise Test (Sem 3),exam,23,22,35.9,53,6.94,22,33,medium,medium,4,1,40.6,-2,0
Group Project - Web App (Sem 8),project,31,30,49.0,98,8.48,16,20,hard,medium,0,0,19.0,-2,0
Final Year Project,project,4,2,16.3,80,7.76,49,76,medium,critical,10,6,73.9,7,1
Internal Assessment #4,exam,30,28,38.6,14,9.82,27,33,easy,high,3,0,40.9,0,0
OS Lab - Process Scheduling,lab_experiment,19,15,17.6,29,6.8,19,23,very_hard,high,3,2,66.1,2,1
Module Exam,exam,26,21,36.9,47,7.64,49,13,medium,medium,0,0,25.5,-3,0
Research Project (Sem 1),project,25,20,38.7,20,9.66,12,76,hard,high,4,2,57.2,3,1
Computer Vision Lab,lab_experiment,5,4,17.6,41,8.86,44,76,hard,critical,1,3,65.2,6,1
Industry Internship Project,project,6,6,65.7,70,7.15,8,65,very_hard,critical,4,0,71.8,8,1
Mid-Semester Exam,exam,31,30,74.7,6,6.66,45,79,medium,high,8,5,70.3,13,1
IoT Based Project,project,20,18,46.4,12,5.82,7,47,hard,critical,2,1,68.3,7,1
Industry Internship Project,project,15,14,40.6,43,4.63,12,46,hard,low,4,6,56.6,4,1
Practical Exam #1,exam,4,4,39.5,49,5.56,17,47,hard,medium,9,2,65.9,2,1
Mobile App Development,project,18,14,71.7,71,8.03,49,63,hard,high,5,4,57.7,6,1
ML Model Project,project,4,1,52.0,55,6.75,14,64,medium,low,7,4,68.4,4,1
Open Source Contribution,project,17,14,5.1,20,5.67,18,24,medium,medium,10,5,62.8,10,1
AI Lab - Search Algorithms (Sem 8),lab_experiment,2,0,35.8,37,4.24,45,85,medium,medium,8,6,87.1,8,1
Online Quiz #5,exam,33,28,72.3,17,8.54,19,95,very_hard,high,7,1,67.5,6,1
Mini Project #2,project,31,28,79.2,9,4.93,20,10,easy,high,7,5,67.2,9,1
Surprise Test,exam,9,4,25.1,43,8.65,29,12,easy,medium,0,6,37.3,-1,0
Open Source Contribution (Sem 7),project,19,19,56.1,26,4.18,22,19,hard,critical,10,3,80.0,6,1
Network Lab - Packet Analysis #5,lab_experiment,27,23,22.1,86,7.61,33,66,hard,low,7,6,43.1,1,1
Final Year Project #1,project,33,30,8.8,35,8.72,20,66,easy,low,4,5,37.0,-3,0
ML Model Project #3,project,20,17,7.5,93,7.82,29,40,medium,high,6,1,38.3,-3,0
Weekly Test,exam,25,23,21.1,47,9.0,32,64,easy,low,8,5,38.8,0,0
End-Semester Exam #3,exam,18,16,70.7,80,4.38,11,87,medium,medium,6,1,42.1,-1,0
DBMS Lab - SQL Queries,lab_experiment,23,22,46.5,74,9.01,38,30,easy,high,0,0,21.0,0,0
Networking Assignment #2,assignment,24,22,75.9,33,9.54,27,63,medium,high,1,2,40.1,-1,0
Web Dev Assignment,assignment,11,9,34.0,75,9.03,41,20,very_hard,medium,4,2,50.1,8,1
Capstone Project #4,project,29,26,57.8,49,6.41,21,71,very_hard,low,5,1,54.3,1,1
Unit Test #5,exam,12,10,74.2,9,6.95,8,46,hard,medium,7,4,64.0,3,1
Research Project #4,project,25,23,12.2,0,6.59,48,99,hard,high,6,4,76.8,3,1
Group Project - Web App (Sem 7),project,8,8,5.9,61,4.84,31,65,medium,low,2,6,41.9,-3,0
Internal Assessment,exam,22,17,16.0,72,8.92,20,40,hard,critical,1,0,42.6,-1,0
Software Engineering Assignment (Sem 5),assignment,19,17,28.1,63,5.92,13,99,medium,low,6,0,38.7,-1,0
Algorithms Assignment (Sem 7),assignment,16,14,28.4,90,9.72,18,50,easy,medium,9,4,31.8,-2,0
Mini Project #2,project,15,12,73.2,55,9.84,20,94,very_hard,high,8,5,68.0,13,1
Module Exam,exam,19,14,43.2,18,5.96,48,59,very_hard,high,9,4,86.2,12,1
Software Engineering Assignment #2,assignment,33,29,25.2,60,6.53,15,85,easy,high,10,4,49.5,5,1
Embedded Systems Lab,lab_experiment,19,15,37.1,55,6.89,43,16,easy,critical,2,5,54.3,14,1
Mini Project (Sem 1),project,29,25,25.7,92,8.45,13,11,easy,critical,7,1,39.9,-3,0
DBMS Lab - SQL Queries (Sem 2),lab_experiment,6,1,22.6,45,8.39,29,31,hard,high,4,3,80.9,12,1
Network Lab - Packet Analysis #1,lab_experiment,13,10,33.2,80,8.75,43,37,very_hard,medium,8,1,50.3,-1,0
Network Lab - Packet Analysis #4,lab_experiment,12,7,43.5,35,4.09,8,92,medium,medium,9,6,66.8,9,1
End-Semester Exam,exam,6,4,42.8,24,8.52,27,16,medium,medium,9,1,52.9,12,1
Network Lab - Packet Analysis (Sem 1),lab_experiment,24,20,49.0,59,4.15,21,44,easy,critical,3,0,49.3,1,1
Web Dev Assignment (Sem 2),assignment,18,17,19.6,42,8.22,20,26,hard,medium,10,5,55.6,4,1
Mobile App Development #3,project,17,14,6.1,16,6.66,35,38,medium,medium,1,2,42.3,0,0
DBMS Assignment #4,assignment,5,3,71.4,31,7.48,41,26,hard,low,0,6,59.9,3,1
Math Assignment,assignment,30,28,66.6,28,7.82,41,16,medium,medium,8,4,51.5,11,1
Module Exam #2,exam,16,15,18.0,72,4.42,13,87,very_hard,critical,3,3,71.9,2,1
DBMS Assignment (Sem 6),assignment,11,7,56.0,46,5.89,47,21,very_hard,high,1,6,78.5,12,1
Software Engineering Assignment,assignment,31,26,31.9,83,8.33,25,86,easy,low,4,6,27.9,-1,0
Embedded Systems Lab #3,lab_experiment,10,8,20.8,20,8.49,41,63,hard,medium,2,5,53.1,-3,0
Web Dev Assignment #2,assignment,17,12,40.5,40,4.94,37,16,hard,medium,7,4,65.7,6,1
Mini Project,project,19,17,18.2,1,4.26,7,17,hard,medium,2,2,57.5,9,1
Capstone Project #4,project,14,12,44.6,15,6.88,40,94,medium,medium,0,1,38.0,-1,0
Online Quiz,exam,24,22,65.8,45,7.89,47,62,very_hard,medium,1,2,47.7,5,1
Group Project - Web App #3,project,13,10,17.1,96,4.41,37,56,easy,high,7,3,47.5,10,1
IoT Based Project (Sem 6),project,15,13,63.3,1,4.25,45,39,hard,medium,5,1,68.3,3,1
ML Model Project (Sem 5),project,4,4,1.7,20,5.1,13,51,easy,medium,5,3,61.3,10,1
Internal Assessment,exam,18,15,33.6,34,4.42,14,64,medium,low,9,6,54.6,8,1
Machine Learning Assignment #1,assignment,5,4,47.6,18,4.73,44,35,medium,high,4,5,77.8,4,1
Network Lab - Packet Analysis,lab_experiment,7,2,79.2,85,9.67,24,82,medium,low,4,0,37.4,0,0
Industry Internship Project (Sem 4),project,5,1,38.0,27,7.96,47,47,hard,medium,10,4,84.3,1,1
Web Dev Assignment #5,assignment,12,9,35.0,50,6.26,24,98,hard,medium,10,6,59.4,1,1
Internal Assessment (Sem 7),exam,10,5,59.7,93,4.1,25,52,hard,medium,10,3,59.9,3,1
Research Project (Sem 7),project,25,24,17.6,99,4.86,33,30,medium,high,4,5,52.5,14,1
Open Source Contribution #5,project,30,30,58.5,34,6.81,17,96,hard,medium,4,3,54.9,7,1
Mini Project,project,31,29,48.4,95,6.32,39,16,very_hard,critical,6,1,66.9,9,1
Open Source Contribution (Sem 8),project,31,30,22.5,32,7.62,21,12,hard,high,10,5,64.7,10,1
End-Semester Exam (Sem 7),exam,24,22,33.9,11,5.38,24,44,easy,high,8,1,59.2,12,1
DBMS Lab - SQL Queries (Sem 4),lab_experiment,0,0,32.2,94,5.14,35,63,hard,high,10,6,88.7,13,1
IOT Lab Experiment (Sem 4),lab_experiment,23,19,64.8,11,8.66,15,30,very_hard,low,6,1,56.3,2,1
Unit Test (Sem 1),exam,5,4,46.8,46,4.91,9,34,medium,high,10,6,71.7,11,1
DBMS Lab - SQL Queries (Sem 1),lab_experiment,18,17,7.3,62,4.27,20,25,medium,critical,7,1,61.6,1,1
DBMS Assignment (Sem 6),assignment,1,0,8.7,98,6.74,45,50,medium,high,0,0,51.9,12,1
OS Assignment #5,assignment,14,12,67.6,27,8.92,16,47,hard,medium,4,1,47.2,0,0
Math Assignment #1,assignment,26,23,25.1,79,4.69,34,90,easy,high,8,3,50.6,-3,0
IOT Lab Experiment,lab_experiment,29,27,5.2,79,5.42,38,11,very_hard,medium,3,2,56.0,11,1
DBMS Assignment,assignment,17,12,54.8,3,6.25,43,100,medium,medium,1,4,49.7,4,1
Compiler Lab - Lexical Analysis #2,lab_experiment,7,5,12.7,5,9.3,10,38,easy,medium,9,2,52.0,12,1
Unit Test,exam,31,28,40.0,3,4.61,10,61,medium,low,6,3,56.4,13,1
Research Project,project,10,10,27.3,64,6.38,21,31,medium,medium,0,1,26.3,-2,0
Computer Graphics Assignment,assignment,20,15,64.7,43,5.25,6,46,very_hard,low,3,0,51.0,10,1
End-Semester Exam,exam,16,14,63.8,0,7.17,37,50,easy,medium,7,3,54.7,1,1
IOT Lab Experiment #5,lab_experiment,18,14,39.9,93,4.04,46,39,very_hard,high,6,2,67.0,11,1
Mid-Semester Exam #3,exam,15,10,71.8,10,6.99,15,66,easy,high,7,1,53.5,12,1
Digital Electronics Lab,lab_experiment,32,27,44.2,30,4.78,28,23,easy,low,3,2,39.8,1,1
Group Project - Web App,project,32,28,48.1,46,4.18,24,15,medium,low,10,3,49.2,11,1
Weekly Test #1,exam,6,1,32.0,69,6.11,33,82,medium,medium,6,1,66.5,11,1
DBMS Assignment #3,assignment,28,23,48.7,39,7.81,39,97,easy,medium,10,4,44.1,-3,0
OS Assignment #1,assignment,25,22,40.5,88,6.41,33,63,very_hard,high,5,1,59.7,-1,0
Final Year Project,project,19,18,63.4,57,6.53,26,19,very_hard,medium,7,6,66.2,13,1
DBMS Assignment (Sem 4),assignment,2,0,56.6,44,9.74,24,67,medium,low,7,5,68.6,3,1
Internal Assessment (Sem 1),exam,31,29,51.3,82,8.14,39,44,medium,high,3,2,37.5,0,0
IOT Lab Experiment,lab_experiment,25,20,27.8,60,9.35,45,12,easy,critical,0,6,42.5,-2,0
Mobile App Development #2,project,13,9,23.6,17,8.06,20,84,hard,medium,6,6,60.6,11,1
Unit Test (Sem 2),exam,27,23,33.9,58,6.43,14,70,medium,critical,3,6,58.8,4,1
Mid-Semester Exam,exam,27,27,33.5,24,5.48,8,24,medium,critical,1,2,58.0,7,1
AI Lab - Search Algorithms #3,lab_experiment,9,6,14.5,67,7.34,16,37,easy,medium,4,2,42.2,5,1
Practical Exam,exam,10,8,74.8,10,4.46,34,53,medium,high,4,4,68.4,6,1
ML Model Project (Sem 2),project,21,17,57.8,22,9.14,24,58,medium,low,5,0,38.0,-2,0
OS Assignment #4,assignment,24,20,14.7,32,7.96,23,32,hard,critical,7,1,64.9,5,1
Group Project - Web App (Sem 4),project,33,29,49.8,63,6.25,46,82,hard,medium,0,0,34.0,0,0
End-Semester Exam (Sem 6),exam,6,2,18.4,35,6.88,41,32,very_hard,critical,0,2,81.1,8,1
AI Lab - Search Algorithms,lab_experiment,5,0,40.8,17,5.51,24,40,hard,medium,10,6,96.0,7,1
AI Lab - Search Algorithms (Sem 1),lab_experiment,4,2,50.9,1,6.55,42,59,easy,low,9,5,69.0,7,1
IOT Lab Experiment,lab_experiment,25,25,42.0,62,7.59,49,90,easy,medium,6,0,32.5,-1,0
Mini Project,project,4,3,26.2,17,8.36,17,20,medium,low,4,6,60.3,1,1
IOT Lab Experiment (Sem 7),lab_experiment,31,30,51.5,14,9.55,8,80,medium,low,9,4,46.0,5,1
Compiler Lab - Lexical Analysis (Sem 8),lab_experiment,15,12,49.8,81,8.51,33,74,very_hard,low,0,5,37.1,-3,0
End-Semester Exam,exam,11,8,2.1,60,5.34,36,31,medium,high,6,0,53.6,12,1
Surprise Test (Sem 3),exam,24,22,59.4,90,9.2,22,68,very_hard,high,6,1,53.2,13,1
Industry Internship Project (Sem 3),project,7,7,27.9,63,6.87,35,94,hard,high,3,3,62.9,8,1
Final Year Project (Sem 5),project,20,20,4.2,75,5.31,22,96,medium,medium,4,6,49.2,-2,0
Networking Assignment (Sem 7),assignment,1,0,42.9,98,7.31,31,89,hard,medium,0,6,60.5,10,1
Group Project - Web App (Sem 5),project,17,14,2.4,62,5.96,10,31,easy,low,4,1,32.6,0,0
Network Lab - Packet Analysis (Sem 5),lab_experiment,9,9,42.6,100,4.78,22,54,hard,low,5,6,49.2,10,1
Compiler Lab - Lexical Analysis,lab_experiment,11,10,64.3,82,5.47,34,85,medium,high,6,5,59.0,6,1
Weekly Test #2,exam,22,17,64.1,45,8.36,14,52,easy,low,5,6,37.4,-1,0
Capstone Project,project,24,21,64.6,98,5.02,15,71,hard,high,2,4,49.9,5,1
IoT Based Project (Sem 4),project,15,12,21.1,74,9.7,41,88,easy,low,3,5,28.3,-1,0
Mid-Semester Exam,exam,19,17,61.0,43,7.42,10,26,medium,medium,5,3,48.4,-1,0
Digital Electronics Lab (Sem 2),lab_experiment,11,6,75.4,61,6.25,20,52,easy,medium,1,2,34.8,-2,0
Research Project,project,18,16,12.1,50,8.74,18,43,very_hard,low,8,4,54.8,8,1
Group Project - Web App (Sem 3),project,10,5,31.2,44,9.98,17,94,medium,medium,4,0,42.9,-3,0
Mini Project,project,11,6,64.5,29,4.37,28,47,medium,medium,4,1,59.0,7,1
Final Year Project (Sem 1),project,20,19,7.9,60,9.46,39,16,hard,high,1,0,38.9,-2,0
Capstone Project #4,project,28,25,36.9,53,6.05,34,58,medium,medium,5,4,50.8,1,1
AI Lab - Search Algorithms (Sem 2),lab_experiment,15,10,20.8,45,8.63,12,23,very_hard,low,9,1,49.2,-1,0
Internal Assessment (Sem 1),exam,24,19,60.3,24,8.15,17,93,very_hard,low,5,5,61.9,12,1
Algorithms Assignment #5,assignment,23,23,37.7,18,6.26,6,65,easy,high,0,3,40.0,0,0
End-Semester Exam (Sem 2),exam,28,26,25.2,64,6.87,15,23,very_hard,critical,6,2,72.7,9,1
AI Lab - Search Algorithms (Sem 8),lab_experiment,32,28,36.8,6,5.05,23,16,medium,medium,7,1,58.1,6,1
OS Lab - Process Scheduling (Sem 4),lab_experiment,27,25,41.1,26,6.72,12,30,medium,low,4,4,46.0,13,1
Computer Graphics Assignment (Sem 5),assignment,11,11,31.3,92,6.0,42,18,hard,high,4,2,50.8,14,1
ML Model Project #3,project,26,24,12.4,74,4.04,21,19,very_hard,low,2,6,53.3,12,1
Capstone Project #5,project,11,8,71.4,100,4.41,42,70,hard,high,5,6,63.2,1,1
Algorithms Assignment,assignment,27,23,54.6,29,6.54,14,92,very_hard,critical,2,4,74.6,12,1
Data Structures Assignment #3,assignment,20,15,3.6,81,6.97,22,99,very_hard,low,3,0,40.0,0,0
Networking Assignment (Sem 1),assignment,19,15,49.8,87,8.47,29,44,medium,medium,2,3,27.5,-1,0
Unit Test,exam,28,24,60.6,62,8.12,37,53,very_hard,critical,10,0,66.3,7,1
Open Source Contribution #5,project,16,11,38.0,88,5.95,31,96,medium,critical,6,4,63.5,10,1
Mid-Semester Exam #5,exam,34,29,19.9,32,6.44,5,53,hard,medium,1,5,49.1,7,1
OS Assignment (Sem 4),assignment,13,10,78.7,23,4.79,28,19,medium,medium,9,3,59.2,2,1
DBMS Lab - SQL Queries (Sem 7),lab_experiment,19,14,71.5,71,9.04,49,59,hard,high,8,3,55.7,10,1
Group Project - Web App,project,3,1,13.8,80,4.31,50,36,medium,critical,2,1,77.0,13,1
Surprise Test #1,exam,5,4,1.3,15,4.8,23,61,hard,high,0,0,61.3,8,1
Group Project - Web App (Sem 2),project,30,26,69.1,31,6.8,48,93,easy,medium,10,2,47.6,4,1
Final Year Project,project,6,6,33.6,44,6.5,18,92,hard,medium,5,3,64.0,10,1
Unit Test,exam,2,0,70.5,90,4.21,15,70,medium,medium,2,2,58.5,13,1
IOT Lab Experiment,lab_experiment,25,23,11.1,92,5.38,26,62,easy,high,2,0,32.2,-2,0
Software Engineering Assignment (Sem 6),assignment,24,21,77.4,84,4.4,26,35,very_hard,critical,1,5,68.8,2,1
DBMS Assignment #5,assignment,19,15,3.4,26,7.83,32,59,medium,medium,9,2,47.0,0,0
Digital Electronics Lab,lab_experiment,15,13,46.9,35,6.02,17,35,very_hard,medium,0,5,54.7,3,1
Mid-Semester Exam #2,exam,8,6,51.0,25,8.0,11,94,medium,high,5,1,58.1,14,1
IoT Based Project,project,23,18,28.0,100,8.39,8,57,medium,medium,0,3,16.8,-3,0
Embedded Systems Lab #3,lab_experiment,31,27,24.1,69,7.62,37,55,easy,high,8,1,38.9,-2,0
OS Assignment #3,assignment,21,18,35.9,52,5.61,10,41,medium,low,5,3,46.6,7,1
Unit Test,exam,25,22,9.6,72,7.93,47,44,hard,high,0,6,44.3,-2,0
Module Exam,exam,26,21,65.3,94,9.15,34,71,hard,critical,6,0,51.6,12,1
Digital Electronics Lab #5,lab_experiment,22,20,2.3,94,9.74,7,100,very_hard,critical,5,4,64.9,6,1
Capstone Project,project,31,30,45.6,83,9.84,28,85,hard,medium,0,0,23.2,-1,0
DBMS Assignment #4,assignment,12,12,45.4,41,8.03,31,14,hard,medium,0,3,37.9,-2,0
DBMS Assignment (Sem 4),assignment,23,22,44.5,70,4.6,9,30,easy,critical,9,3,57.9,7,1
Mobile App Development,project,30,30,16.7,56,5.34,21,74,medium,critical,5,3,66.9,8,1
Web Dev Assignment #1,assignment,17,12,68.7,62,8.83,17,85,medium,medium,5,2,38.3,0,0
Group Project - Web App,project,14,12,58.3,0,7.54,26,44,very_hard,critical,10,4,85.6,8,1
OS Lab - Process Scheduling (Sem 7),lab_experiment,3,3,68.1,42,5.27,11,27,very_hard,high,6,6,94.7,7,1
Compiler Lab - Lexical Analysis (Sem 8),lab_experiment,28,28,55.2,72,5.97,8,49,easy,low,4,3,34.4,-3,0
Surprise Test,exam,0,0,73.4,85,4.33,7,67,medium,medium,5,2,67.7,7,1
Group Project - Web App #3,project,10,7,60.5,29,8.92,45,14,hard,medium,3,0,52.7,10,1
Surprise Test,exam,17,16,12.3,25,9.75,27,47,easy,high,10,2,48.7,11,1
Compiler Lab - Lexical Analysis,lab_experiment,34,30,52.8,25,8.53,43,48,very_hard,low,4,1,53.3,11,1
End-Semester Exam (Sem 6),exam,18,14,50.4,75,4.22,48,39,hard,low,8,4,54.8,12,1
Mobile App Development #4,project,6,1,31.6,21,9.05,38,83,very_hard,critical,1,1,89.6,13,1
Mid-Semester Exam (Sem 8),exam,10,6,37.4,37,8.01,46,34,easy,low,3,3,40.2,-2,0
Computer Vision Lab (Sem 8),lab_experiment,1,0,31.4,48,5.45,15,10,medium,medium,4,4,76.9,2,1
End-Semester Exam,exam,5,2,41.2,7,6.05,33,61,hard,medium,9,1,75.9,12,1
OS Lab - Process Scheduling,lab_experiment,19,16,26.2,56,5.62,27,74,hard,critical,3,5,72.5,14,1
Networking Assignment #4,assignment,17,14,42.9,14,7.57,46,31,medium,high,10,1,55.8,7,1
Practical Exam,exam,32,29,23.3,53,6.86,21,99,medium,high,4,2,49.5,4,1
IoT Based Project #2,project,25,23,77.8,38,8.07,38,78,easy,critical,2,5,52.2,7,1
OS Assignment,assignment,24,24,65.7,40,8.41,35,41,hard,medium,5,0,47.5,6,1
Mobile App Development #3,project,6,1,30.1,84,6.48,39,11,very_hard,medium,8,5,87.1,4,1
Computer Graphics Assignment #2,assignment,15,10,5.8,97,6.91,37,64,easy,critical,4,5,51.3,12,1
Online Quiz,exam,28,24,46.7,31,5.8,28,27,medium,medium,0,2,40.6,-3,0
Practical Exam #4,exam,10,6,44.0,81,5.22,15,44,very_hard,high,2,3,67.3,2,1
Mini Project,project,27,22,41.4,80,6.27,34,42,medium,high,2,1,37.4,0,0
Networking Assignment (Sem 6),assignment,11,8,45.3,56,8.51,49,33,medium,low,3,0,27.7,-2,0
Computer Vision Lab (Sem 2),lab_experiment,31,30,74.7,89,5.34,37,99,easy,critical,6,1,52.9,6,1
Computer Vision Lab (Sem 2),lab_experiment,13,11,28.0,35,4.39,39,88,easy,medium,8,1,48.9,-3,0
Mid-Semester Exam #1,exam,13,12,3.2,20,7.03,32,70,easy,high,9,0,51.2,5,1
Industry Internship Project #5,project,14,14,34.7,64,7.51,32,93,easy,low,5,0,25.4,0,0
Digital Electronics Lab #4,lab_experiment,14,9,17.6,56,6.32,48,97,medium,critical,8,1,60.6,4,1
Computer Graphics Assignment (Sem 6),assignment,15,14,42.1,83,7.84,30,69,very_hard,high,6,1,55.4,2,1
Group Project - Web App (Sem 1),project,12,9,4.3,60,4.95,30,29,medium,low,3,5,45.0,0,0
Surprise Test (Sem 5),exam,17,15,46.1,80,4.54,20,42,very_hard,high,10,0,63.0,4,1
Data Structures Assignment #1,assignment,10,7,35.1,96,9.83,38,45,medium,medium,1,2,29.6,-3,0
Weekly Test,exam,9,5,28.8,97,9.03,45,10,medium,medium,1,0,26.1,0,0
Final Year Project #1,project,28,28,24.4,75,4.11,11,66,medium,high,3,4,50.1,14,1
Software Engineering Assignment #2,assignment,2,2,33.9,80,6.95,39,46,medium,medium,3,6,56.9,14,1
DBMS Lab - SQL Queries,lab_experiment,28,27,73.0,35,4.92,18,77,hard,medium,4,6,63.8,14,1
Web Dev Assignment (Sem 2),assignment,29,29,55.3,96,5.03,38,57,easy,medium,10,0,34.6,-1,0
Software Engineering Assignment,assignment,12,8,27.8,28,7.94,12,73,hard,medium,9,6,57.6,6,1
Viva Voce (Sem 3),exam,33,29,55.9,37,8.52,42,32,easy,high,2,4,42.8,-3,0
Unit Test,exam,6,3,70.0,70,4.02,15,63,hard,low,0,6,54.5,6,1
Web Dev Assignment #2,assignment,27,23,6.0,76,5.77,8,41,hard,high,2,2,49.6,-3,0
IOT Lab Experiment,lab_experiment,26,25,45.3,64,9.76,23,16,hard,critical,10,6,66.5,4,1
Mobile App Development,project,23,19,47.8,19,9.06,40,55,hard,low,3,0,41.2,0,0
End-Semester Exam (Sem 7),exam,8,7,47.7,5,7.09,6,52,very_hard,high,4,5,86.6,9,1
Mini Project #3,project,7,3,10.9,27,6.8,15,23,easy,low,4,2,52.1,5,1
Industry Internship Project (Sem 2),project,5,2,10.9,32,9.12,5,13,medium,medium,6,4,62.1,11,1
Module Exam (Sem 6),exam,32,29,60.6,61,5.76,22,86,medium,medium,0,3,36.0,-2,0
Embedded Systems Lab #4,lab_experiment,30,27,21.8,18,4.04,11,79,easy,medium,9,1,49.5,9,1
Compiler Lab - Lexical Analysis,lab_experiment,10,9,46.9,99,6.19,30,12,easy,high,5,3,41.2,8,1
Unit Test (Sem 7),exam,13,9,74.9,27,8.0,11,64,easy,medium,1,3,29.7,-1,0
AI Lab - Search Algorithms,lab_experiment,11,10,39.5,34,4.94,37,39,hard,medium,3,4,60.9,13,1
Internal Assessment,exam,28,23,70.7,50,4.25,46,78,very_hard,low,9,6,69.6,9,1
Group Project - Web App,project,4,2,49.9,77,6.93,24,68,very_hard,medium,7,1,69.0,11,1
Capstone Project (Sem 5),project,34,30,4.1,53,6.75,9,87,medium,high,6,6,57.3,6,1
Capstone Project,project,24,24,53.4,98,8.12,6,53,medium,critical,6,4,49.0,-3,0
Machine Learning Assignment,assignment,27,22,40.3,40,6.58,45,45,very_hard,low,2,6,57.5,2,1
Capstone Project (Sem 7),project,18,18,31.6,64,6.78,19,62,medium,high,1,0,34.1,-1,0
Weekly Test #5,exam,29,29,75.3,49,5.97,35,98,easy,high,8,1,52.7,14,1
DBMS Assignment (Sem 6),assignment,7,5,46.6,86,7.49,44,61,easy,medium,1,5,38.2,-1,0
Practical Exam (Sem 8),exam,7,7,56.8,35,5.29,31,36,easy,medium,9,3,60.1,8,1
Web Dev Assignment (Sem 7),assignment,28,26,21.2,90,9.53,11,44,hard,low,0,5,25.1,-1,0
Web Dev Assignment,assignment,5,4,62.2,15,4.31,32,49,very_hard,low,9,3,79.2,3,1
Open Source Contribution (Sem 3),project,21,17,53.3,42,8.49,24,29,medium,medium,4,2,40.0,0,0
Compiler Lab - Lexical Analysis (Sem 8),lab_experiment,9,6,33.2,41,9.95,33,56,medium,high,8,5,65.1,11,1
IOT Lab Experiment (Sem 1),lab_experiment,11,10,77.9,95,8.18,27,92,hard,low,6,5,40.7,13,1
Capstone Project,project,25,22,1.2,81,4.64,23,38,hard,medium,2,2,43.1,0,0
Data Structures Assignment,assignment,28,28,33.3,50,9.08,34,55,easy,high,0,3,31.4,-3,0
IOT Lab Experiment,lab_experiment,17,14,17.8,41,4.06,23,32,very_hard,medium,9,5,74.1,10,1
Algorithms Assignment #2,assignment,34,29,33.2,50,4.81,15,66,easy,high,4,1,47.5,2,1
Group Project - Web App #5,project,18,16,79.7,34,9.31,13,52,medium,high,6,6,56.5,8,1
OS Lab - Process Scheduling (Sem 7),lab_experiment,3,0,55.8,13,5.92,49,54,easy,high,6,0,84.3,4,1
Mid-Semester Exam,exam,3,2,13.2,98,8.03,50,65,medium,medium,5,2,49.4,11,1
Math Assignment #2,assignment,10,5,77.8,14,8.15,31,82,medium,medium,2,4,52.3,12,1
Mini Project #4,project,17,17,19.9,66,4.19,26,67,medium,low,6,6,49.4,13,1
Open Source Contribution #5,project,13,11,66.7,17,6.45,25,25,easy,low,5,5,49.1,6,1
Final Year Project (Sem 3),project,32,30,3.9,51,7.19,22,47,easy,high,5,5,54.0,10,1
Research Project (Sem 7),project,7,4,20.5,55,4.15,29,92,easy,high,1,2,48.9,2,1
Industry Internship Project,project,31,27,16.9,66,5.5,26,37,easy,critical,7,6,64.4,4,1
Viva Voce (Sem 1),exam,6,2,79.5,54,8.13,12,35,very_hard,medium,1,3,59.4,5,1
Mini Project (Sem 3),project,28,25,61.8,31,4.91,14,26,hard,high,7,0,64.2,12,1
Data Structures Assignment (Sem 5),assignment,22,22,14.3,92,6.66,44,81,medium,low,8,4,39.0,11,1
Internal Assessment (Sem 5),exam,26,21,58.5,93,9.29,13,61,medium,medium,9,1,29.7,-3,0
Machine Learning Assignment (Sem 6),assignment,21,17,49.0,1,5.98,46,75,easy,low,0,1,36.4,-2,0
Mid-Semester Exam (Sem 1),exam,31,26,9.9,92,9.36,26,58,very_hard,high,5,5,61.2,9,1
Industry Internship Project (Sem 1),project,5,5,62.5,8,4.58,49,63,hard,medium,2,5,74.3,2,1
AI Lab - Search Algorithms #4,lab_experiment,26,24,12.4,14,4.89,48,54,hard,critical,6,6,89.0,3,1
Web Dev Assignment (Sem 5),assignment,33,28,58.2,76,4.45,16,59,easy,high,0,1,30.4,-2,0
Algorithms Assignment #4,assignment,35,30,29.0,91,9.41,12,63,medium,medium,8,5,38.0,-3,0
OS Lab - Process Scheduling,lab_experiment,10,9,74.2,72,8.05,30,47,hard,medium,5,0,40.6,0,0
Computer Vision Lab,lab_experiment,25,24,67.9,2,6.83,14,44,very_hard,critical,8,3,87.0,7,1
End-Semester Exam,exam,29,28,53.9,72,6.18,28,72,medium,medium,1,4,34.4,-3,0
Module Exam #2,exam,28,28,41.9,47,5.63,22,28,hard,medium,8,2,58.8,10,1
Computer Graphics Assignment #2,assignment,22,19,30.5,78,5.18,28,95,very_hard,medium,2,3,54.2,7,1
Network Lab - Packet Analysis (Sem 7),lab_experiment,7,7,64.7,60,6.04,21,25,medium,high,9,5,65.1,13,1
Practical Exam,exam,29,28,71.6,2,4.53,34,73,easy,critical,6,1,70.0,10,1
Practical Exam (Sem 3),exam,17,12,60.9,36,5.6,19,56,hard,medium,10,2,60.7,12,1
Computer Vision Lab (Sem 1),lab_experiment,7,6,76.0,94,8.2,38,65,hard,high,7,6,62.0,10,1
Software Engineering Assignment (Sem 8),assignment,11,8,39.1,81,4.81,8,22,easy,critical,4,0,46.6,-2,0
Internal Assessment #4,exam,0,0,51.8,57,6.81,35,89,hard,high,3,6,85.1,12,1
Unit Test,exam,19,18,75.4,16,4.8,13,56,very_hard,medium,7,6,78.1,3,1
Capstone Project #3,project,23,21,4.8,13,7.95,38,77,very_hard,low,1,2,48.2,9,1
Online Quiz (Sem 4),exam,13,12,43.0,74,8.96,50,78,medium,high,4,1,41.2,-3,0
Weekly Test #3,exam,25,21,63.5,39,6.68,35,17,very_hard,high,3,5,71.7,10,1
Digital Electronics Lab,lab_experiment,25,20,5.3,40,5.86,10,63,hard,high,7,4,70.0,5,1
Capstone Project (Sem 2),project,28,24,41.8,55,5.29,31,20,very_hard,critical,5,4,85.1,12,1
Practical Exam (Sem 3),exam,2,2,57.3,42,8.49,16,39,very_hard,medium,10,0,68.2,2,1
Weekly Test #2,exam,21,18,11.9,86,5.18,42,58,very_hard,medium,9,4,65.0,8,1
Industry Internship Project (Sem 8),project,25,20,13.1,17,4.12,40,92,easy,high,1,5,55.6,5,1
Digital Electronics Lab (Sem 7),lab_experiment,4,1,15.4,10,5.93,25,85,medium,medium,9,6,90.5,13,1
Computer Graphics Assignment,assignment,25,20,63.0,1,7.98,5,10,hard,high,5,4,67.3,12,1
Research Project (Sem 3),project,8,5,68.8,82,5.76,49,85,very_hard,medium,10,1,68.5,10,1
Module Exam #2,exam,6,3,10.8,59,4.93,26,18,easy,medium,4,1,54.8,13,1
Compiler Lab - Lexical Analysis #2,lab_experiment,16,11,36.4,61,6.99,18,42,very_hard,high,2,3,58.6,13,1
Module Exam,exam,11,6,6.5,38,8.25,42,66,hard,medium,7,3,62.6,2,1
Digital Electronics Lab,lab_experiment,35,30,79.3,76,4.21,21,60,medium,high,6,4,56.9,13,1
ML Model Project (Sem 3),project,5,2,10.5,21,5.74,19,57,medium,medium,3,6,71.7,12,1
Networking Assignment,assignment,16,12,30.4,18,9.3,25,78,medium,high,6,3,56.9,4,1
Mid-Semester Exam (Sem 2),exam,6,1,40.4,66,8.13,46,86,medium,medium,6,2,65.4,12,1
Mini Project,project,12,8,56.1,100,7.64,47,61,hard,medium,9,3,42.7,3,1
IoT Based Project #4,project,11,7,69.5,4,7.5,9,90,hard,medium,6,1,62.1,1,1
Software Engineering Assignment,assignment,22,22,63.6,6,6.15,9,59,medium,medium,7,6,59.7,12,1
Algorithms Assignment,assignment,11,6,52.7,97,9.18,17,98,hard,high,10,5,59.3,4,1
IoT Based Project (Sem 8),project,29,28,61.5,76,5.9,39,60,medium,medium,0,2,32.7,-1,0
Module Exam #5,exam,3,2,55.8,77,6.31,43,22,medium,high,2,6,61.9,8,1
Data Structures Assignment,assignment,29,24,66.2,27,9.88,30,75,hard,medium,4,3,52.6,1,1
DBMS Lab - SQL Queries (Sem 7),lab_experiment,31,27,23.7,46,7.0,10,98,easy,high,1,4,39.8,5,1
Compiler Lab - Lexical Analysis #1,lab_experiment,24,24,38.4,85,9.93,28,53,hard,low,3,5,36.8,-1,0
Unit Test (Sem 6),exam,20,15,3.0,55,5.17,47,29,hard,medium,2,4,54.7,-2,0
Compiler Lab - Lexical Analysis (Sem 8),lab_experiment,22,19,9.2,92,9.36,27,86,hard,medium,2,3,33.3,-1,0
ML Model Project (Sem 5),project,13,11,3.7,87,4.91,38,41,easy,low,1,4,27.4,-1,0
Machine Learning Assignment (Sem 1),assignment,17,15,32.8,39,8.91,27,13,hard,medium,1,5,44.9,-3,0
Module Exam,exam,22,17,44.9,87,8.94,36,86,medium,critical,4,3,49.2,7,1
Computer Graphics Assignment (Sem 8),assignment,30,25,44.3,54,6.26,29,91,medium,high,3,1,45.1,4,1
Weekly Test (Sem 5),exam,21,18,78.0,25,9.72,41,28,easy,critical,6,1,56.1,9,1
Computer Graphics Assignment,assignment,6,5,39.3,26,7.3,45,73,medium,critical,0,2,61.3,3,1
Computer Graphics Assignment #3,assignment,34,29,1.3,60,4.78,31,13,hard,critical,10,4,76.1,7,1
Computer Vision Lab #1,lab_experiment,34,30,39.5,30,9.86,31,58,easy,medium,5,4,45.1,2,1
Web Dev Assignment (Sem 8),assignment,10,7,35.4,26,7.68,46,77,medium,medium,4,4,57.4,12,1
Practical Exam,exam,8,3,49.4,32,9.76,21,86,very_hard,low,6,1,67.7,14,1
Unit Test #3,exam,18,15,39.2,30,6.63,15,20,easy,medium,8,3,46.5,8,1
Online Quiz (Sem 2),exam,28,24,66.8,60,5.99,36,85,very_hard,medium,3,1,57.6,12,1
Computer Vision Lab,lab_experiment,14,10,2.0,36,6.1,12,66,medium,medium,5,2,48.0,-3,0
Surprise Test #1,exam,10,9,23.9,16,9.16,35,23,very_hard,low,3,1,51.3,1,1
IoT Based Project #2,project,29,28,70.3,47,7.68,35,50,very_hard,high,10,4,69.1,1,1
Research Project (Sem 3),project,22,22,48.0,0,7.15,40,72,hard,medium,7,4,69.0,11,1
IOT Lab Experiment #2,lab_experiment,7,7,47.5,60,6.73,42,92,hard,high,6,6,74.2,7,1
Final Year Project (Sem 8),project,21,18,40.8,41,9.58,5,17,hard,medium,5,5,54.3,1,1
Research Project,project,34,30,71.7,93,9.94,6,97,easy,critical,9,1,39.0,12,1
Network Lab - Packet Analysis,lab_experiment,18,14,13.5,37,6.31,6,52,hard,high,5,3,63.2,8,1
OS Assignment #4,assignment,10,6,44.5,98,9.74,33,31,medium,high,8,0,43.7,0,0
Machine Learning Assignment,assignment,17,15,57.2,97,5.2,40,10,medium,high,5,4,54.6,11,1
Research Project (Sem 4),project,32,30,3.6,58,8.44,6,54,easy,low,0,3,15.0,0,0
Research Project (Sem 3),project,5,3,31.7,31,7.32,6,33,medium,critical,5,1,76.4,8,1
DBMS Lab - SQL Queries #3,lab_experiment,3,2,38.4,61,5.45,32,98,easy,low,8,2,55.0,9,1
OS Lab - Process Scheduling (Sem 5),lab_experiment,33,29,17.1,54,8.67,38,25,medium,low,8,3,39.0,0,0
Online Quiz #1,exam,17,15,79.7,44,7.38,33,41,hard,high,5,2,62.5,2,1
Math Assignment (Sem 8),assignment,6,4,78.2,37,4.23,26,98,hard,high,10,4,80.2,12,1
Data Structures Assignment #5,assignment,19,16,12.9,43,6.91,23,56,hard,high,0,4,50.7,1,1
AI Lab - Search Algorithms #1,lab_experiment,4,2,5.7,59,8.41,24,84,medium,medium,0,4,43.6,11,1
Software Engineering Assignment #1,assignment,22,20,50.7,55,4.54,46,46,easy,medium,10,5,53.6,6,1
Data Structures Assignment #1,assignment,19,17,3.7,82,7.32,13,26,hard,low,9,4,44.9,11,1
Software Engineering Assignment (Sem 5),assignment,9,7,35.5,44,8.43,46,74,very_hard,critical,3,6,82.8,11,1
Group Project - Web App #5,project,12,9,12.1,21,5.83,25,75,very_hard,low,0,4,56.3,12,1
DS Lab - Linked List #3,lab_experiment,32,27,53.8,33,5.63,45,88,hard,high,6,5,76.9,4,1
Data Structures Assignment #1,assignment,10,6,72.7,90,7.29,22,99,very_hard,critical,8,6,82.2,13,1
Capstone Project,project,9,9,55.3,48,4.66,33,16,hard,medium,7,1,57.7,2,1
Final Year Project #5,project,17,13,73.0,13,5.34,6,39,very_hard,medium,6,4,76.0,2,1
Digital Electronics Lab,lab_experiment,6,3,20.9,33,9.56,29,29,medium,medium,2,6,57.3,6,1
Embedded Systems Lab #1,lab_experiment,16,12,40.5,50,5.03,15,84,medium,medium,10,4,54.5,5,1
ML Model Project (Sem 1),project,6,1,45.6,64,7.7,33,25,medium,medium,3,0,54.5,13,1
Weekly Test,exam,30,28,14.6,10,5.59,21,67,easy,medium,0,6,45.1,-1,0
End-Semester Exam #3,exam,10,8,77.5,87,7.96,45,28,hard,high,9,2,50.1,12,1
Viva Voce,exam,34,29,65.6,71,4.27,43,74,medium,medium,0,4,38.1,-2,0
IOT Lab Experiment #2,lab_experiment,24,23,25.7,22,8.9,47,63,easy,high,4,5,54.3,11,1
Algorithms Assignment #4,assignment,1,0,35.4,15,5.14,17,46,easy,medium,6,0,73.7,9,1
Network Lab - Packet Analysis,lab_experiment,10,6,21.2,15,9.18,28,54,easy,low,10,2,46.8,5,1
Compiler Lab - Lexical Analysis #2,lab_experiment,2,0,32.8,69,7.02,8,75,very_hard,high,8,1,86.0,12,1
Web Dev Assignment,assignment,7,4,15.9,39,4.2,47,33,hard,medium,8,0,66.9,12,1
Network Lab - Packet Analysis,lab_experiment,15,14,20.3,52,4.75,33,64,medium,medium,9,2,51.9,9,1
Computer Graphics Assignment (Sem 7),assignment,19,14,56.8,96,5.77,48,29,very_hard,medium,9,4,63.6,4,1
Networking Assignment #4,assignment,23,20,13.4,93,8.5,30,62,medium,high,9,0,36.4,-1,0
Embedded Systems Lab (Sem 8),lab_experiment,17,16,61.3,4,5.15,30,25,very_hard,high,3,6,83.2,2,1
Capstone Project #5,project,9,7,4.3,26,7.33,39,38,easy,low,5,6,56.7,11,1
Machine Learning Assignment #1,assignment,14,12,43.7,1,4.95,32,27,medium,critical,9,1,75.0,9,1
Internal Assessment #1,exam,13,8,71.6,72,6.9,11,56,medium,medium,1,6,34.7,-1,0
Data Structures Assignment,assignment,19,16,67.8,30,8.29,27,17,medium,low,2,3,33.7,-2,0
AI Lab - Search Algorithms,lab_experiment,31,29,9.3,100,7.3,49,28,very_hard,critical,10,0,64.9,13,1
Compiler Lab - Lexical Analysis,lab_experiment,2,2,42.8,4,4.46,35,88,very_hard,medium,10,0,87.7,7,1
Computer Vision Lab,lab_experiment,22,18,38.7,45,5.1,32,77,medium,critical,0,4,57.2,4,1
Open Source Contribution (Sem 7),project,34,29,74.7,14,5.75,33,38,medium,low,8,5,60.5,8,1
Algorithms Assignment,assignment,19,19,48.6,19,4.16,8,53,hard,high,6,1,68.0,7,1
Web Dev Assignment (Sem 3),assignment,31,29,39.9,65,8.95,46,67,hard,high,8,4,58.6,3,1
Networking Assignment,assignment,17,17,71.3,22,4.92,18,32,easy,medium,10,1,49.4,13,1
Viva Voce #1,exam,23,18,68.4,31,7.3,23,72,hard,medium,3,5,57.1,2,1
ML Model Project #3,project,17,17,5.5,80,8.99,41,32,hard,medium,6,1,42.1,0,0
Industry Internship Project #5,project,28,26,29.4,81,7.9,46,12,medium,critical,8,1,50.4,9,1
IoT Based Project (Sem 1),project,20,15,37.7,4,7.7,8,34,easy,high,1,5,45.0,2,1
Compiler Lab - Lexical Analysis #5,lab_experiment,7,6,19.7,96,6.25,31,84,medium,low,0,0,21.9,-1,0
Final Year Project,project,11,10,1.6,55,5.0,16,59,easy,high,1,3,41.6,12,1
Unit Test,exam,7,7,31.0,37,4.31,40,29,easy,low,7,0,49.6,12,1
Mini Project #5,project,19,14,20.8,42,8.57,43,95,hard,medium,8,0,47.9,10,1
Data Structures Assignment #3,assignment,26,25,51.4,20,8.82,19,56,hard,low,6,1,46.9,6,1
AI Lab - Search Algorithms (Sem 4),lab_experiment,30,30,12.9,23,8.84,38,58,medium,low,6,3,45.2,-1,0
Final Year Project (Sem 5),project,6,5,29.9,57,6.64,23,20,hard,high,5,3,68.9,2,1
IoT Based Project,project,25,22,69.2,79,9.58,36,98,hard,high,2,3,43.8,-3,0
Module Exam #4,exam,31,26,44.8,31,4.59,11,50,very_hard,low,1,2,51.9,3,1
End-Semester Exam (Sem 5),exam,29,25,25.6,46,9.32,31,66,medium,critical,3,3,53.9,2,1
ML Model Project (Sem 1),project,16,13,48.2,39,9.43,25,93,easy,medium,0,1,21.7,-1,0
OS Assignment #1,assignment,28,28,37.5,49,4.63,46,14,easy,high,7,1,53.8,9,1
DBMS Lab - SQL Queries #5,lab_experiment,5,5,75.1,40,6.82,29,55,very_hard,medium,0,0,52.9,2,1
Math Assignment #3,assignment,23,23,57.1,56,7.32,14,47,easy,medium,4,1,34.2,-1,0
AI Lab - Search Algorithms #1,lab_experiment,31,28,26.1,37,7.95,32,28,medium,high,2,1,40.8,-2,0
Software Engineering Assignment (Sem 3),assignment,2,2,34.4,65,5.57,8,38,medium,critical,9,6,82.8,6,1
Math Assignment,assignment,13,8,34.4,40,4.88,36,46,medium,medium,3,0,44.6,7,1
Surprise Test #3,exam,3,1,52.0,36,4.62,49,37,medium,critical,10,0,92.7,4,1
Online Quiz (Sem 2),exam,3,0,43.9,87,4.27,35,78,medium,high,5,3,79.1,12,1
Final Year Project,project,8,8,55.9,41,7.8,22,91,medium,medium,7,1,41.0,-2,0
Internal Assessment,exam,17,13,38.7,12,7.99,37,56,easy,critical,3,0,50.3,0,0
Mid-Semester Exam (Sem 1),exam,9,6,2.5,95,4.69,25,89,medium,high,7,2,57.5,11,1
Computer Graphics Assignment (Sem 3),assignment,2,0,58.2,84,9.63,7,86,medium,critical,2,4,67.9,2,1
Weekly Test #2,exam,16,16,32.3,26,8.45,43,87,hard,low,1,3,40.1,-3,0
Computer Graphics Assignment,assignment,30,25,58.0,81,8.98,29,32,hard,medium,9,0,38.7,-3,0
Open Source Contribution,project,9,4,65.9,58,9.62,26,87,easy,high,2,1,39.0,4,1
DBMS Assignment #3,assignment,16,15,28.4,88,8.25,18,76,very_hard,critical,6,0,59.2,7,1
IOT Lab Experiment,lab_experiment,8,6,63.5,63,7.92,36,34,easy,medium,7,1,41.0,0,0
Unit Test (Sem 5),exam,4,4,49.1,23,4.21,43,40,very_hard,medium,5,5,87.7,9,1
Mini Project,project,10,10,78.2,84,5.98,41,27,hard,high,5,1,58.3,14,1
Computer Graphics Assignment (Sem 6),assignment,32,27,55.0,62,6.97,50,87,medium,medium,2,3,39.6,-2,0
Industry Internship Project,project,11,7,58.0,12,6.53,48,19,easy,low,3,2,48.4,-3,0
OS Assignment,assignment,3,3,38.6,24,6.24,48,15,easy,medium,9,2,64.0,9,1
End-Semester Exam,exam,31,26,11.0,29,9.14,7,81,medium,medium,5,5,49.9,14,1
Final Year Project,project,18,18,20.6,1,9.9,27,81,very_hard,critical,3,3,77.5,10,1
DBMS Lab - SQL Queries #2,lab_experiment,31,26,44.8,17,6.25,8,76,easy,critical,9,1,59.4,8,1
Math Assignment,assignment,32,29,67.6,38,5.62,43,79,hard,high,3,4,67.7,1,1
IOT Lab Experiment (Sem 8),lab_experiment,26,25,44.0,12,5.34,18,67,easy,medium,4,3,52.4,3,1
Practical Exam,exam,17,14,70.7,1,4.09,19,55,medium,critical,8,1,73.7,14,1
AI Lab - Search Algorithms (Sem 2),lab_experiment,7,3,3.2,71,8.87,41,93,hard,medium,5,0,56.9,13,1
Digital Electronics Lab #3,lab_experiment,22,18,61.3,43,7.09,27,38,medium,critical,6,6,69.1,5,1
Math Assignment (Sem 4),assignment,4,1,62.0,48,6.47,48,73,easy,critical,6,1,82.2,13,1
DBMS Lab - SQL Queries (Sem 2),lab_experiment,18,13,8.4,13,9.94,42,52,medium,medium,9,1,48.6,0,0
DBMS Lab - SQL Queries (Sem 5),lab_experiment,2,1,39.5,79,4.46,34,11,hard,medium,9,5,84.6,11,1
OS Lab - Process Scheduling (Sem 2),lab_experiment,19,18,70.5,1,5.72,28,76,easy,medium,1,3,46.6,-2,0
Weekly Test #3,exam,17,13,22.3,61,5.46,28,51,easy,medium,5,6,50.6,3,1
Math Assignment #2,assignment,24,19,10.5,3,8.89,15,14,hard,medium,10,4,60.9,1,1
Compiler Lab - Lexical Analysis (Sem 1),lab_experiment,7,3,48.8,53,7.24,21,45,medium,medium,7,5,66.5,12,1
Web Dev Assignment,assignment,3,1,21.6,81,6.17,10,57,very_hard,high,6,3,87.8,13,1
Mid-Semester Exam,exam,8,3,32.1,63,8.79,43,86,hard,low,0,0,38.7,-2,0
End-Semester Exam #3,exam,28,23,43.6,49,7.78,6,83,easy,medium,4,3,33.8,-1,0
Module Exam,exam,0,0,71.3,4,4.13,50,62,medium,medium,9,3,90.2,7,1
AI Lab - Search Algorithms #5,lab_experiment,7,5,33.1,36,9.96,40,84,hard,critical,6,3,77.8,3,1
Weekly Test,exam,31,30,42.9,89,6.82,26,20,easy,medium,2,5,30.8,-3,0
IoT Based Project,project,22,17,10.3,72,5.98,6,49,medium,medium,0,3,32.2,-3,0
ML Model Project (Sem 7),project,11,8,76.0,61,9.14,47,59,very_hard,high,1,5,57.5,1,1
Network Lab - Packet Analysis (Sem 2),lab_experiment,17,14,38.3,20,6.17,29,22,medium,medium,4,2,49.9,7,1
ML Model Project #3,project,23,21,7.6,85,7.25,16,75,very_hard,low,1,6,42.6,-2,0
Research Project #3,project,34,29,48.1,90,4.94,42,68,hard,medium,9,0,48.2,12,1
Viva Voce,exam,28,28,46.4,39,6.31,39,42,very_hard,medium,9,1,63.1,11,1
Module Exam (Sem 8),exam,5,0,76.6,96,5.46,30,95,hard,high,6,6,87.8,5,1
Group Project - Web App #4,project,9,7,68.7,44,4.67,11,78,medium,medium,8,4,63.3,8,1
Weekly Test #4,exam,18,13,76.1,96,4.34,44,20,hard,high,5,1,56.2,7,1
Unit Test,exam,17,14,69.3,63,9.07,5,77,hard,medium,7,2,43.9,10,1
Data Structures Assignment (Sem 7),assignment,26,25,63.9,93,7.55,47,63,medium,high,4,6,45.1,0,0
Capstone Project,project,14,11,67.8,59,9.67,8,27,very_hard,critical,0,5,59.0,2,1
Practical Exam (Sem 5),exam,9,9,51.6,100,7.73,44,78,medium,high,2,2,31.4,0,0
IOT Lab Experiment (Sem 5),lab_experiment,19,17,29.2,93,6.02,47,93,medium,critical,10,3,57.1,4,1
Compiler Lab - Lexical Analysis,lab_experiment,24,22,3.1,72,9.39,18,11,hard,low,7,1,36.4,-2,0
Mobile App Development (Sem 6),project,20,16,40.3,91,7.33,22,30,hard,high,6,6,58.0,7,1
Networking Assignment (Sem 7),assignment,17,17,63.2,23,8.67,32,97,very_hard,medium,2,5,59.6,13,1
Internal Assessment,exam,33,30,48.6,50,8.81,32,55,medium,medium,7,5,48.2,9,1
Unit Test,exam,15,13,45.6,8,7.52,29,34,very_hard,medium,5,0,61.3,14,1
Research Project #3,project,1,1,31.7,9,6.09,44,70,medium,medium,8,1,79.6,4,1
Web Dev Assignment (Sem 1),assignment,3,2,18.0,95,5.85,42,12,easy,critical,7,2,69.2,4,1
Embedded Systems Lab #5,lab_experiment,21,19,8.7,0,4.54,29,96,hard,medium,9,4,72.9,2,1
DBMS Assignment #5,assignment,30,28,4.1,8,9.95,39,29,hard,critical,1,2,61.3,7,1
Surprise Test,exam,21,20,3.2,24,8.96,41,17,very_hard,high,6,3,72.3,11,1
Industry Internship Project,project,20,18,66.3,71,8.05,35,55,very_hard,high,4,1,55.3,9,1
Online Quiz (Sem 8),exam,16,15,25.2,70,7.78,25,16,hard,low,2,6,36.5,0,0
Research Project (Sem 8),project,6,6,32.7,45,4.28,26,55,easy,medium,9,4,59.6,3,1
Viva Voce (Sem 4),exam,15,14,32.2,71,8.31,50,72,hard,medium,8,5,52.8,9,1
Surprise Test (Sem 3),exam,33,30,36.0,64,6.93,21,73,hard,medium,9,0,46.3,1,1
Mid-Semester Exam (Sem 7),exam,28,27,48.1,79,9.74,29,50,easy,high,1,5,32.1,-1,0
Group Project - Web App,project,2,0,2.6,9,8.23,5,68,hard,high,2,4,81.7,13,1
Internal Assessment,exam,30,29,34.4,56,7.17,11,47,hard,medium,5,2,50.9,1,1
Computer Graphics Assignment,assignment,28,28,53.3,3,9.29,25,75,medium,medium,3,0,40.9,14,1
IOT Lab Experiment (Sem 1),lab_experiment,27,22,6.2,85,8.16,22,82,easy,critical,7,2,44.2,7,1
Web Dev Assignment,assignment,30,30,56.7,89,9.99,33,37,medium,medium,9,3,36.5,-3,0
Data Structures Assignment (Sem 5),assignment,8,5,13.4,70,7.7,15,30,very_hard,high,4,0,59.5,1,1
Mini Project #2,project,13,8,47.9,51,4.32,46,50,very_hard,critical,4,1,78.4,6,1
Algorithms Assignment,assignment,30,26,57.2,3,9.96,7,48,medium,low,5,5,50.1,4,1
OS Assignment (Sem 6),assignment,35,30,33.1,19,6.89,43,34,hard,high,4,6,71.5,13,1
Capstone Project #5,project,3,1,21.3,64,9.06,26,58,easy,medium,0,6,49.8,-1,0
Network Lab - Packet Analysis #3,lab_experiment,24,24,31.6,33,7.98,49,74,medium,low,7,2,42.3,-1,0
Machine Learning Assignment #2,assignment,3,3,24.7,71,8.96,11,58,easy,critical,0,0,41.9,0,0
Practical Exam (Sem 1),exam,8,5,39.9,70,6.29,25,15,medium,high,1,2,45.5,-1,0
Computer Vision Lab (Sem 3),lab_experiment,15,12,63.5,2,7.18,8,99,medium,low,5,6,55.4,2,1
IOT Lab Experiment,lab_experiment,17,13,20.9,79,9.68,33,15,medium,medium,6,5,42.5,-3,0
Unit Test #1,exam,25,21,7.2,83,4.06,32,78,easy,medium,6,2,40.6,0,0
DS Lab - Linked List #5,lab_experiment,18,13,9.3,6,5.88,12,68,hard,medium,0,6,57.0,8,1
Final Year Project #1,project,24,24,57.1,68,9.28,5,67,very_hard,high,2,4,52.9,-1,0
Practical Exam,exam,21,16,34.8,61,6.89,7,65,medium,low,1,4,29.5,-2,0
Digital Electronics Lab (Sem 5),lab_experiment,27,27,21.5,1,9.7,42,29,easy,low,2,5,40.0,-1,0
Open Source Contribution #2,project,33,30,73.0,35,8.71,8,77,hard,low,10,6,50.8,1,1
Surprise Test #5,exam,25,22,50.6,98,6.35,39,79,easy,low,2,2,19.3,0,0
OS Lab - Process Scheduling #5,lab_experiment,8,3,2.2,71,7.24,14,55,medium,high,1,6,57.2,7,1
OS Lab - Process Scheduling #4,lab_experiment,2,1,72.2,43,7.71,44,23,medium,medium,6,6,75.8,2,1
Mobile App Development #2,project,20,17,74.0,95,5.16,8,26,hard,medium,6,4,51.8,8,1
Network Lab - Packet Analysis,lab_experiment,12,10,29.4,70,9.97,6,59,hard,low,7,4,41.6,0,0
Digital Electronics Lab (Sem 2),lab_experiment,30,29,51.2,36,9.35,8,16,hard,medium,5,4,53.6,5,1
Internal Assessment,exam,24,24,22.9,7,5.35,25,93,hard,low,8,4,66.1,12,1
Final Year Project (Sem 5),project,32,27,20.4,47,7.74,5,46,medium,critical,0,5,46.1,14,1
Module Exam #2,exam,15,15,11.0,83,7.18,6,30,hard,medium,5,0,41.0,4,1
Data Structures Assignment,assignment,32,28,44.1,41,9.49,26,48,medium,critical,8,6,64.4,1,1
Unit Test,exam,13,12,41.3,64,5.95,5,66,easy,medium,2,0,28.7,-1,0
Digital Electronics Lab #3,lab_experiment,28,26,72.0,14,5.13,15,42,medium,low,7,4,56.7,9,1
IoT Based Project,project,10,6,59.9,15,9.26,45,44,easy,low,1,6,42.5,-1,0
DBMS Assignment #1,assignment,13,8,74.1,35,8.41,28,18,medium,high,3,1,43.8,13,1
IOT Lab Experiment #4,lab_experiment,21,17,71.6,74,5.59,19,75,medium,high,0,4,42.1,-2,0
Unit Test #2,exam,3,1,33.6,52,8.87,33,20,easy,high,1,1,54.9,8,1
Computer Vision Lab,lab_experiment,22,20,43.3,8,7.4,32,59,hard,critical,6,2,77.6,4,1
IoT Based Project (Sem 2),project,14,9,77.5,88,9.81,22,57,very_hard,high,1,2,43.6,-3,0
End-Semester Exam (Sem 7),exam,12,7,74.4,13,7.2,44,80,hard,critical,3,1,77.8,11,1
DBMS Assignment #2,assignment,5,4,20.0,28,8.15,38,90,hard,low,9,3,59.2,1,1
Compiler Lab - Lexical Analysis #1,lab_experiment,2,0,1.5,99,5.86,39,65,very_hard,medium,4,3,82.1,1,1
Research Project (Sem 1),project,8,5,25.8,93,7.04,31,64,medium,medium,5,1,44.5,8,1
Digital Electronics Lab,lab_experiment,6,6,45.6,3,4.56,42,79,easy,medium,0,5,56.6,11,1
IoT Based Project,project,3,3,45.5,84,7.75,46,62,hard,medium,8,5,64.8,3,1
Software Engineering Assignment,assignment,3,0,62.2,51,9.12,37,97,very_hard,low,2,3,70.5,10,1
Algorithms Assignment,assignment,22,17,22.0,41,7.02,6,64,medium,low,7,4,45.4,-2,0
AI Lab - Search Algorithms (Sem 8),lab_experiment,14,14,18.1,5,7.35,38,37,medium,high,9,4,67.8,14,1
Viva Voce (Sem 8),exam,18,18,75.6,34,9.38,39,41,easy,medium,5,4,45.1,7,1
Research Project,project,4,3,6.5,64,8.13,32,100,medium,high,4,0,54.4,6,1
ML Model Project (Sem 1),project,20,15,44.9,89,5.27,38,32,very_hard,high,5,5,73.0,14,1
IOT Lab Experiment #1,lab_experiment,27,23,42.7,2,5.72,10,52,hard,medium,8,5,72.6,2,1
IOT Lab Experiment #2,lab_experiment,27,26,77.9,15,9.04,47,53,medium,low,7,4,49.7,10,1
Viva Voce,exam,19,15,13.6,28,8.33,7,55,hard,high,6,3,60.1,3,1
Machine Learning Assignment #3,assignment,18,16,57.5,51,5.52,5,24,medium,medium,6,3,51.3,3,1
Computer Graphics Assignment (Sem 8),assignment,23,21,67.6,43,7.79,25,53,hard,medium,4,2,46.9,0,0
Capstone Project (Sem 3),project,19,19,79.5,20,4.81,50,63,medium,medium,6,5,66.0,1,1
Math Assignment,assignment,17,16,35.6,29,7.34,47,78,medium,critical,9,1,65.9,13,1
Digital Electronics Lab,lab_experiment,6,4,52.1,32,6.54,37,63,easy,medium,6,0,50.3,1,1
Compiler Lab - Lexical Analysis #4,lab_experiment,13,8,44.8,71,9.48,17,72,hard,low,4,6,41.5,-2,0
Research Project (Sem 4),project,11,11,52.2,4,4.31,9,29,hard,medium,4,6,69.1,7,1
Computer Graphics Assignment #4,assignment,19,19,45.8,10,4.04,43,23,medium,medium,10,4,65.3,14,1
Viva Voce (Sem 5),exam,7,7,5.3,60,9.31,22,61,easy,high,7,5,55.2,5,1
OS Lab - Process Scheduling (Sem 3),lab_experiment,6,4,53.6,70,7.42,34,97,very_hard,low,7,6,67.4,4,1
DBMS Lab - SQL Queries #4,lab_experiment,29,26,46.0,13,4.28,33,17,hard,high,6,6,79.7,2,1
Web Dev Assignment (Sem 4),assignment,31,29,1.1,18,6.15,6,62,medium,low,7,3,48.0,13,1
Internal Assessment (Sem 5),exam,15,13,12.1,55,8.04,27,17,hard,critical,4,3,61.7,8,1
End-Semester Exam,exam,9,5,30.5,73,9.26,17,80,medium,medium,5,4,48.1,11,1
IoT Based Project,project,13,8,6.5,44,9.29,15,77,hard,high,2,6,52.7,4,1
OS Assignment (Sem 5),assignment,7,7,72.9,31,7.76,13,87,very_hard,medium,4,2,64.1,11,1
Internal Assessment (Sem 3),exam,24,22,28.3,58,7.15,36,98,hard,medium,0,2,38.0,0,0
Research Project (Sem 7),project,12,8,39.0,100,9.21,37,37,hard,medium,9,6,45.7,1,1
Capstone Project,project,23,19,35.9,37,5.75,16,88,medium,high,3,0,50.2,0,0
Unit Test (Sem 3),exam,7,4,29.1,44,9.76,35,16,very_hard,critical,2,2,72.7,9,1
Data Structures Assignment #3,assignment,22,18,45.9,46,8.6,38,43,medium,high,5,3,52.6,6,1
DBMS Assignment,assignment,31,29,22.7,91,9.21,49,13,medium,low,10,1,28.7,-3,0
Computer Vision Lab,lab_experiment,13,10,43.7,100,7.93,22,51,hard,high,3,5,45.2,12,1
DBMS Assignment,assignment,20,20,63.7,23,6.36,45,29,easy,high,1,2,43.9,-1,0
Weekly Test #5,exam,23,20,5.1,7,6.22,6,66,easy,medium,10,5,54.2,1,1
Research Project,project,17,14,15.2,32,8.28,17,26,medium,medium,0,6,35.3,0,0
Algorithms Assignment #4,assignment,20,16,79.9,95,9.09,20,66,hard,medium,7,5,45.0,-1,0
DS Lab - Linked List,lab_experiment,16,12,64.6,66,5.8,22,44,easy,high,9,4,54.0,11,1
Digital Electronics Lab (Sem 8),lab_experiment,32,28,13.1,21,6.4,14,87,easy,medium,5,0,42.2,6,1
Unit Test #4,exam,31,27,66.7,63,9.75,28,92,medium,medium,3,0,29.2,0,0
DBMS Lab - SQL Queries #2,lab_experiment,13,10,70.5,78,8.99,11,69,medium,high,2,0,28.5,-3,0
Data Structures Assignment (Sem 8),assignment,15,13,53.4,98,7.38,38,95,very_hard,critical,7,0,64.2,13,1
Math Assignment #1,assignment,11,7,71.9,6,9.25,31,34,easy,high,5,1,58.9,8,1
Industry Internship Project (Sem 3),project,20,17,51.1,87,5.01,36,46,hard,high,2,1,48.2,7,1
IoT Based Project,project,25,23,13.9,33,8.56,18,78,medium,critical,0,3,46.2,-1,0
Industry Internship Project #2,project,32,27,24.7,83,7.65,12,85,hard,medium,4,2,37.6,0,0
AI Lab - Search Algorithms,lab_experiment,34,30,75.9,91,8.97,36,67,very_hard,low,5,3,46.4,14,1
Embedded Systems Lab,lab_experiment,23,20,5.6,86,4.66,39,29,medium,high,1,6,46.7,1,1
DBMS Lab - SQL Queries #5,lab_experiment,4,4,38.7,74,4.63,22,57,medium,critical,1,4,61.4,7,1
Capstone Project,project,25,23,5.3,34,5.41,5,20,easy,low,10,2,42.7,-1,0
Mobile App Development #3,project,18,13,67.8,50,6.18,34,34,hard,high,7,3,63.4,5,1
Data Structures Assignment #3,assignment,18,16,49.5,96,8.81,14,40,medium,high,4,6,41.2,0,0
DBMS Lab - SQL Queries (Sem 8),lab_experiment,3,0,67.2,48,9.7,26,38,hard,critical,3,6,89.0,14,1
Math Assignment,assignment,21,17,1.0,62,8.26,9,91,very_hard,medium,9,1,50.5,1,1
Mini Project #3,project,3,3,35.1,15,6.38,8,38,medium,critical,0,2,66.8,10,1
Algorithms Assignment #1,assignment,25,21,51.5,87,6.82,43,65,hard,low,9,2,42.9,7,1
Final Year Project (Sem 7),project,5,1,37.4,78,6.52,9,29,easy,critical,8,1,72.3,1,1
Open Source Contribution (Sem 5),project,18,15,68.1,69,7.05,37,29,medium,medium,5,4,47.9,7,1
Open Source Contribution #4,project,12,8,15.8,89,5.41,7,82,hard,low,5,2,43.9,0,0
Surprise Test,exam,26,25,68.3,27,6.31,14,94,easy,high,6,3,54.0,13,1
Algorithms Assignment (Sem 3),assignment,7,5,60.4,51,5.85,43,92,hard,high,1,5,69.1,4,1
Mini Project,project,20,18,53.9,21,7.98,18,94,easy,critical,6,5,62.6,4,1
Open Source Contribution,project,33,28,66.5,8,6.19,37,19,hard,medium,9,6,69.1,1,1
Algorithms Assignment #4,assignment,18,13,25.1,76,5.57,27,97,hard,low,1,4,40.5,13,1
Computer Vision Lab #3,lab_experiment,21,17,71.0,90,7.76,9,89,very_hard,low,8,4,45.9,1,1
Computer Graphics Assignment (Sem 7),assignment,6,1,34.4,66,4.44,23,49,very_hard,medium,10,3,90.1,14,1
Mini Project #1,project,22,21,67.0,35,4.98,5,62,very_hard,medium,8,0,63.5,6,1
Module Exam (Sem 5),exam,2,0,50.2,61,6.91,48,85,very_hard,medium,7,1,84.6,5,1
Data Structures Assignment,assignment,4,2,6.1,100,7.12,31,21,medium,high,9,3,61.1,3,1
AI Lab - Search Algorithms (Sem 5),lab_experiment,32,29,34.1,82,9.76,44,44,hard,high,8,1,49.0,3,1
End-Semester Exam,exam,1,0,69.0,51,5.39,21,89,hard,critical,7,6,100.0,8,1
Final Year Project (Sem 6),project,14,9,14.1,64,5.03,44,94,hard,high,4,1,59.6,12,1
Viva Voce,exam,11,7,51.1,15,4.72,46,53,medium,high,1,5,69.6,6,1
Networking Assignment #5,assignment,26,25,13.4,26,6.82,5,74,hard,high,3,0,53.3,8,1
Unit Test (Sem 3),exam,23,22,12.6,30,5.51,14,22,hard,high,7,6,74.4,10,1
IoT Based Project (Sem 3),project,3,0,16.6,28,6.24,5,63,hard,critical,5,6,100.0,6,1
Algorithms Assignment (Sem 3),assignment,30,28,4.3,86,7.25,38,58,easy,high,8,3,44.6,-2,0
IOT Lab Experiment,lab_experiment,25,20,29.5,64,9.71,18,58,easy,low,5,4,32.0,-2,0
Embedded Systems Lab (Sem 4),lab_experiment,21,21,77.8,58,6.24,6,18,easy,low,2,5,30.0,0,0
Networking Assignment #3,assignment,32,29,38.7,43,8.54,49,79,medium,high,3,5,52.3,8,1
Networking Assignment,assignment,16,16,69.1,88,9.83,26,41,medium,medium,9,4,38.0,-3,0
Network Lab - Packet Analysis #2,lab_experiment,19,14,60.1,24,8.56,36,59,medium,medium,1,1,33.8,-1,0
Research Project,project,22,17,17.2,35,8.63,21,96,medium,critical,9,4,63.1,11,1
Mini Project #2,project,6,2,54.5,48,4.27,32,82,hard,high,9,4,85.6,5,1
End-Semester Exam (Sem 7),exam,31,27,16.8,92,4.91,14,19,medium,critical,8,5,63.0,7,1
Algorithms Assignment (Sem 8),assignment,16,11,40.1,13,8.5,20,63,hard,high,5,3,64.4,10,1
Online Quiz (Sem 6),exam,6,1,46.9,78,5.8,13,37,medium,medium,8,4,73.7,10,1
Machine Learning Assignment,assignment,16,16,8.2,0,6.76,23,86,hard,critical,3,5,78.3,7,1
Networking Assignment (Sem 1),assignment,22,20,78.5,84,7.03,21,44,medium,high,2,6,43.3,-3,0
Network Lab - Packet Analysis #4,lab_experiment,30,27,17.8,71,8.69,19,19,hard,low,8,0,34.7,-1,0
Digital Electronics Lab,lab_experiment,28,24,78.7,72,9.81,26,58,medium,high,2,0,31.2,-3,0
OS Assignment #5,assignment,15,14,48.3,91,9.72,19,23,easy,critical,5,4,46.7,12,1
ML Model Project,project,2,1,55.2,13,4.8,36,77,easy,high,0,2,72.0,3,1
Network Lab - Packet Analysis (Sem 6),lab_experiment,21,17,8.3,10,7.2,44,31,easy,medium,4,0,44.4,0,0
Unit Test #4,exam,6,2,71.2,13,4.06,27,38,easy,low,1,3,54.1,10,1
Compiler Lab - Lexical Analysis #1,lab_experiment,32,27,14.4,24,7.26,6,19,medium,medium,0,1,32.8,1,1
Computer Graphics Assignment,assignment,29,27,31.7,49,4.49,50,40,hard,low,7,3,58.2,3,1
Research Project #1,project,6,1,57.3,70,4.04,18,98,hard,critical,3,1,85.8,4,1
Mid-Semester Exam (Sem 7),exam,8,5,11.4,8,4.21,41,44,medium,low,3,0,54.5,6,1
Math Assignment,assignment,22,21,3.3,50,6.66,8,85,hard,high,2,2,49.8,1,1
ML Model Project #1,project,23,18,54.7,53,6.02,20,82,easy,high,3,5,47.4,9,1
Weekly Test,exam,19,19,47.5,64,4.12,5,13,hard,medium,6,1,51.7,11,1
Capstone Project,project,24,22,35.0,30,7.89,22,60,medium,critical,0,1,43.2,10,1
Practical Exam #3,exam,32,27,23.7,20,4.35,37,23,hard,critical,0,1,63.7,4,1
OS Lab - Process Scheduling #1,lab_experiment,7,3,42.3,77,4.04,6,86,easy,medium,5,0,50.2,8,1
End-Semester Exam #5,exam,29,26,38.4,45,8.81,22,61,easy,medium,2,5,34.2,-2,0
Internal Assessment #5,exam,17,13,70.5,81,7.35,45,73,hard,low,2,0,31.3,-1,0
Mini Project #1,project,30,25,27.8,36,6.93,23,21,medium,high,7,0,52.1,11,1
ML Model Project,project,29,27,29.7,47,6.13,40,16,easy,high,0,3,37.6,12,1
Viva Voce #4,exam,15,13,11.7,57,8.13,42,42,medium,high,0,6,39.8,-3,0
AI Lab - Search Algorithms (Sem 1),lab_experiment,16,16,21.9,55,7.99,33,15,easy,low,0,3,18.3,-1,0
Web Dev Assignment,assignment,6,5,29.7,42,5.94,17,94,hard,low,1,3,52.3,7,1
Network Lab - Packet Analysis (Sem 1),lab_experiment,13,11,74.2,62,6.22,48,14,easy,medium,7,4,45.4,1,1
Module Exam (Sem 3),exam,6,3,15.8,26,5.27,44,61,hard,critical,0,6,86.2,13,1
Computer Vision Lab #4,lab_experiment,30,30,11.8,7,8.69,29,46,medium,high,7,3,59.5,5,1
Open Source Contribution,project,10,10,44.9,45,4.35,48,19,hard,critical,4,1,71.8,13,1
Compiler Lab - Lexical Analysis (Sem 1),lab_experiment,19,18,41.7,15,4.05,38,54,hard,high,1,2,61.8,4,1
Compiler Lab - Lexical Analysis,lab_experiment,8,7,75.2,86,9.21,39,62,medium,high,8,6,56.7,2,1
Math Assignment (Sem 4),assignment,24,24,68.2,43,5.17,32,72,medium,low,10,4,52.6,4,1
Networking Assignment,assignment,8,3,35.0,60,6.78,30,85,easy,high,1,4,54.0,14,1
Data Structures Assignment #3,assignment,28,28,46.7,4,7.61,36,47,very_hard,high,5,5,79.8,5,1
Software Engineering Assignment #5,assignment,11,7,36.9,55,6.82,40,92,medium,low,10,2,50.0,12,1
Online Quiz (Sem 7),exam,14,10,73.3,79,4.98,29,33,hard,medium,7,1,51.1,3,1
Internal Assessment,exam,26,21,49.6,73,8.0,7,51,medium,high,10,6,48.1,2,1
End-Semester Exam,exam,3,0,32.4,83,9.14,14,83,hard,medium,8,0,61.8,11,1
Final Year Project (Sem 2),project,6,3,63.6,20,8.08,16,40,medium,medium,4,5,64.6,11,1
IOT Lab Experiment,lab_experiment,6,6,42.5,33,5.16,9,34,medium,high,1,6,62.3,7,1
Embedded Systems Lab,lab_experiment,25,23,37.4,21,4.15,18,42,medium,medium,3,5,56.6,6,1
End-Semester Exam #3,exam,28,25,69.8,57,9.42,17,18,hard,high,8,4,57.3,6,1
Embedded Systems Lab #4,lab_experiment,25,20,2.5,69,9.21,38,87,medium,medium,0,0,20.0,-1,0
Weekly Test #5,exam,14,11,1.8,67,9.81,48,43,very_hard,medium,9,0,51.4,13,1
AI Lab - Search Algorithms (Sem 7),lab_experiment,9,5,42.6,21,6.59,34,36,medium,medium,8,3,63.2,4,1
Group Project - Web App (Sem 5),project,11,6,8.4,10,5.14,13,29,hard,medium,0,2,58.3,6,1
Networking Assignment #1,assignment,18,18,52.7,51,5.72,31,42,hard,high,3,4,63.9,12,1
Open Source Contribution,project,34,29,38.5,16,9.33,15,91,medium,high,8,0,50.3,9,1
Math Assignment (Sem 4),assignment,19,18,29.8,64,7.21,7,32,easy,medium,1,3,26.9,-3,0
DS Lab - Linked List,lab_experiment,34,29,38.4,66,6.73,5,29,medium,medium,0,3,28.3,-2,0
ML Model Project,project,15,10,3.4,75,4.53,35,78,easy,medium,10,1,40.5,0,0
Computer Vision Lab (Sem 6),lab_experiment,19,18,75.4,7,8.66,14,33,hard,high,8,0,59.0,5,1
Industry Internship Project (Sem 4),project,11,10,66.4,53,7.54,14,41,very_hard,high,0,3,48.8,3,1
Module Exam (Sem 2),exam,4,2,35.1,86,8.99,15,39,very_hard,high,6,3,72.3,9,1
OS Assignment #5,assignment,15,15,79.6,35,8.22,9,29,hard,critical,4,2,61.9,8,1
DBMS Assignment #1,assignment,6,4,44.3,39,7.02,30,33,medium,medium,10,4,61.2,7,1
Web Dev Assignment #2,assignment,17,14,3.0,53,9.85,17,88,very_hard,high,10,0,58.1,12,1
Embedded Systems Lab #5,lab_experiment,14,11,24.1,89,6.48,40,42,hard,critical,6,3,64.2,12,1
DS Lab - Linked List #4,lab_experiment,24,24,72.6,64,5.63,19,53,medium,medium,7,4,52.1,6,1
Computer Vision Lab (Sem 6),lab_experiment,10,7,6.8,87,9.57,37,99,easy,medium,8,4,42.3,-2,0
Computer Vision Lab #4,lab_experiment,6,4,22.1,0,5.09,29,73,hard,low,7,6,77.9,9,1
Computer Vision Lab #3,lab_experiment,24,24,58.1,29,6.63,31,36,hard,high,0,1,48.3,14,1
Algorithms Assignment #2,assignment,7,2,13.4,78,9.35,40,11,medium,medium,5,6,58.4,2,1
Machine Learning Assignment (Sem 2),assignment,30,26,37.5,0,9.2,37,36,hard,medium,1,1,45.7,-2,0
Mid-Semester Exam #2,exam,20,18,15.3,5,4.4,30,57,medium,medium,7,2,61.0,9,1
Group Project - Web App,project,26,21,40.1,95,8.53,26,60,easy,critical,5,3,44.6,4,1
End-Semester Exam,exam,24,24,60.0,48,8.97,31,96,very_hard,high,3,0,54.5,8,1
Mobile App Development #1,project,14,9,30.6,76,6.78,42,21,medium,medium,3,6,43.0,0,0
IoT Based Project #4,project,11,8,63.0,49,7.34,22,33,medium,medium,3,6,46.4,-2,0
Surprise Test (Sem 7),exam,15,12,58.3,69,8.23,48,24,medium,high,8,4,51.0,1,1
End-Semester Exam,exam,14,13,75.1,67,6.67,26,23,easy,high,1,4,37.2,-2,0
Industry Internship Project,project,25,20,71.6,26,9.28,43,92,hard,medium,1,5,49.1,-2,0
Networking Assignment #3,assignment,29,26,48.9,76,4.18,7,70,easy,medium,8,3,41.5,-2,0
OS Lab - Process Scheduling #4,lab_experiment,14,11,69.2,25,6.65,9,92,hard,low,0,2,36.9,2,1
Embedded Systems Lab #4,lab_experiment,33,30,79.7,77,6.17,42,94,hard,medium,2,5,46.8,3,1
Surprise Test,exam,14,14,47.6,60,5.88,33,84,very_hard,high,0,6,63.3,10,1
Practical Exam,exam,22,17,50.3,88,5.67,24,36,hard,high,2,3,50.8,14,1
Mobile App Development,project,12,7,31.7,62,5.62,39,76,medium,medium,9,3,60.5,10,1
Machine Learning Assignment,assignment,18,18,79.0,38,4.73,49,40,medium,low,9,2,51.3,10,1
Algorithms Assignment #3,assignment,9,8,37.2,57,4.83,24,44,medium,low,8,3,47.0,2,1
Computer Graphics Assignment #3,assignment,31,26,13.9,60,5.66,8,68,medium,low,9,1,40.8,-3,0
Online Quiz #1,exam,18,17,78.5,3,5.37,31,76,very_hard,high,1,5,77.5,1,1
Module Exam #4,exam,5,0,38.1,3,4.64,41,93,hard,medium,9,5,100.0,3,1
Online Quiz (Sem 8),exam,26,24,62.1,50,8.89,10,71,hard,low,6,1,40.0,0,0
Capstone Project,project,13,12,63.8,97,7.37,18,78,easy,low,3,1,18.4,0,0
AI Lab - Search Algorithms #5,lab_experiment,4,0,21.0,50,6.2,22,82,medium,low,5,1,64.2,7,1
Viva Voce (Sem 5),exam,22,20,23.7,16,4.65,34,58,easy,critical,10,0,65.2,14,1
DBMS Assignment #5,assignment,33,29,13.9,1,9.5,48,85,easy,low,3,6,43.6,0,0
Mid-Semester Exam #3,exam,19,16,49.9,76,4.24,10,86,easy,medium,1,6,33.8,-1,0
AI Lab - Search Algorithms,lab_experiment,31,29,51.3,41,7.08,22,98,hard,medium,8,3,57.0,14,1
DBMS Assignment (Sem 8),assignment,34,30,59.7,25,8.83,19,40,hard,medium,9,2,52.9,3,1
OS Assignment #5,assignment,27,25,36.4,48,4.5,50,95,very_hard,critical,5,0,80.4,12,1
ML Model Project,project,6,2,25.2,81,7.9,36,41,hard,high,5,6,71.4,3,1
AI Lab - Search Algorithms (Sem 6),lab_experiment,30,28,23.2,95,4.38,47,17,medium,high,4,5,54.7,7,1
Research Project #4,project,21,21,7.0,77,9.66,37,89,easy,critical,9,0,43.3,-1,0
Compiler Lab - Lexical Analysis (Sem 6),lab_experiment,9,8,28.1,91,9.78,32,26,hard,medium,6,6,47.0,12,1
Web Dev Assignment,assignment,29,25,23.4,91,6.73,26,19,medium,high,0,3,32.4,-1,0
Machine Learning Assignment #3,assignment,26,22,70.9,17,8.02,8,54,hard,medium,4,3,52.4,12,1
End-Semester Exam #2,exam,19,19,53.3,82,6.58,11,89,very_hard,high,9,3,62.7,4,1
Research Project,project,7,7,25.9,34,6.27,19,86,hard,medium,2,4,59.1,1,1
Viva Voce (Sem 1),exam,10,5,60.6,13,7.45,8,70,hard,medium,5,5,73.2,4,1
Data Structures Assignment (Sem 5),assignment,28,23,17.5,23,8.48,15,59,easy,critical,10,2,55.9,13,1
Practical Exam (Sem 3),exam,13,9,40.3,49,8.78,33,79,hard,high,3,4,54.5,4,1
Internal Assessment (Sem 1),exam,23,21,7.3,69,7.03,27,66,medium,medium,2,6,39.9,-3,0
Weekly Test (Sem 4),exam,18,14,16.7,87,9.12,40,87,hard,high,10,5,55.6,10,1
Online Quiz #1,exam,13,10,13.4,40,8.07,29,91,medium,critical,2,3,51.9,2,1
IoT Based Project #5,project,5,1,44.6,4,7.99,7,72,medium,critical,2,0,75.9,5,1
Industry Internship Project #1,project,10,6,2.6,51,8.96,39,42,medium,medium,9,1,48.7,1,1
AI Lab - Search Algorithms,lab_experiment,24,21,19.6,12,7.44,10,79,hard,high,0,0,47.6,2,1
OS Lab - Process Scheduling #2,lab_experiment,30,29,49.2,83,4.43,30,89,hard,medium,2,3,45.4,-3,0
Mobile App Development #4,project,2,2,39.6,73,5.32,16,66,medium,medium,0,4,50.0,-2,0
Networking Assignment,assignment,26,23,7.3,67,5.33,10,52,easy,high,0,0,29.6,0,0
End-Semester Exam (Sem 7),exam,24,22,17.7,4,7.3,6,47,easy,critical,3,0,53.8,7,1
Research Project #2,project,17,12,20.9,35,6.85,7,58,easy,medium,6,3,44.7,-2,0
Capstone Project,project,8,8,43.9,5,4.36,15,87,easy,high,7,4,65.5,13,1
OS Assignment,assignment,25,23,61.6,34,6.79,48,64,hard,medium,5,3,61.0,13,1
Weekly Test,exam,30,25,18.8,80,6.77,25,91,hard,high,4,6,57.5,8,1
Data Structures Assignment (Sem 4),assignment,29,26,42.8,69,8.3,30,50,easy,high,8,0,36.2,5,1
Internal Assessment,exam,2,0,49.3,69,5.04,34,14,easy,low,7,2,63.6,6,1
Weekly Test (Sem 4),exam,28,24,35.3,37,8.74,10,64,medium,low,1,0,21.6,0,0
DS Lab - Linked List #1,lab_experiment,17,16,8.1,22,9.89,19,97,medium,low,0,6,32.5,-1,0
Machine Learning Assignment (Sem 7),assignment,2,2,14.1,47,7.01,24,48,hard,medium,6,2,69.0,11,1
Capstone Project,project,7,4,9.5,51,7.1,5,82,medium,low,10,6,53.3,8,1
Mobile App Development,project,4,2,13.0,53,6.9,46,67,easy,low,0,3,40.0,9,1
Open Source Contribution #4,project,25,23,9.0,60,9.32,27,87,hard,medium,9,2,46.7,-2,0
ML Model Project,project,13,10,36.1,48,7.23,41,91,hard,high,3,5,62.5,14,1
End-Semester Exam,exam,12,7,13.7,85,7.9,47,71,hard,low,4,5,49.7,12,1
Computer Graphics Assignment (Sem 1),assignment,19,14,65.0,44,7.86,11,89,hard,medium,10,5,54.3,12,1
Network Lab - Packet Analysis (Sem 1),lab_experiment,12,9,73.0,19,6.02,42,63,easy,low,10,5,50.4,10,1
Internal Assessment,exam,13,12,74.0,87,8.9,48,12,medium,medium,8,0,32.4,-1,0
Mobile App Development,project,33,29,43.3,44,9.65,45,76,medium,critical,4,6,62.7,10,1
Embedded Systems Lab #2,lab_experiment,16,16,55.7,66,6.99,44,90,very_hard,critical,3,2,69.2,8,1
AI Lab - Search Algorithms (Sem 2),lab_experiment,16,13,31.6,12,8.8,36,47,medium,high,4,3,56.2,5,1
Computer Vision Lab #2,lab_experiment,17,16,58.6,66,6.9,43,91,easy,high,1,3,37.1,-2,0
Machine Learning Assignment #3,assignment,17,16,30.8,56,6.86,18,38,easy,critical,5,4,58.6,2,1
Digital Electronics Lab #4,lab_experiment,9,7,1.6,13,7.74,21,43,very_hard,medium,5,5,77.5,3,1
AI Lab - Search Algorithms (Sem 7),lab_experiment,27,25,75.3,14,6.47,16,18,medium,low,1,1,33.8,-1,0
Digital Electronics Lab #3,lab_experiment,23,20,3.3,80,9.0,5,90,easy,high,7,2,35.5,-1,0
Web Dev Assignment #4,assignment,20,17,41.9,14,5.36,47,41,easy,medium,0,3,42.9,9,1
DS Lab - Linked List (Sem 5),lab_experiment,10,5,73.5,100,4.77,21,56,easy,high,8,4,55.1,2,1
Final Year Project,project,9,9,39.5,89,8.98,24,62,easy,medium,1,5,22.6,-3,0
OS Assignment,assignment,23,18,53.2,10,7.78,41,74,hard,medium,5,4,62.1,5,1
Module Exam,exam,17,14,6.8,56,9.88,49,23,very_hard,medium,8,2,57.7,4,1
Computer Graphics Assignment #1,assignment,11,8,46.0,32,4.08,38,10,hard,low,8,4,62.4,12,1
Network Lab - Packet Analysis #5,lab_experiment,8,8,48.8,97,6.33,40,47,easy,high,3,3,36.6,0,0
Practical Exam (Sem 7),exam,14,10,36.8,16,7.15,15,40,hard,medium,6,1,57.3,7,1
Data Structures Assignment #5,assignment,22,18,3.0,15,9.18,40,75,easy,high,0,0,33.0,-1,0
IOT Lab Experiment (Sem 3),lab_experiment,16,12,59.2,80,4.96,46,90,easy,critical,3,0,47.6,8,1
Data Structures Assignment #5,assignment,23,18,14.4,21,5.23,50,85,medium,critical,6,1,72.8,2,1
Viva Voce (Sem 6),exam,6,2,79.4,7,6.67,48,26,medium,low,10,1,65.4,14,1
Unit Test,exam,14,10,61.7,30,5.84,15,100,very_hard,medium,9,6,75.5,11,1
ML Model Project #5,project,19,19,5.2,18,8.63,19,40,medium,high,8,2,54.3,8,1
Digital Electronics Lab #2,lab_experiment,21,20,52.2,77,4.58,32,20,hard,low,5,4,52.8,8,1
Internal Assessment (Sem 3),exam,13,13,22.5,74,7.61,8,96,very_hard,critical,4,0,58.0,7,1
Industry Internship Project (Sem 3),project,2,1,37.7,99,9.5,44,97,hard,low,5,6,66.6,5,1
OS Assignment #5,assignment,21,20,41.6,43,8.7,24,78,hard,medium,4,0,42.8,14,1
Computer Graphics Assignment,assignment,21,17,77.6,44,8.41,6,73,hard,critical,0,4,51.8,11,1
Math Assignment,assignment,21,18,23.5,26,9.79,47,95,very_hard,medium,10,1,61.5,11,1
Compiler Lab - Lexical Analysis (Sem 6),lab_experiment,17,13,2.9,88,7.28,32,86,hard,low,5,5,47.6,11,1
DBMS Assignment,assignment,13,8,15.8,79,7.87,48,46,hard,high,0,1,35.0,-1,0
Computer Graphics Assignment (Sem 7),assignment,15,14,25.4,34,8.69,8,89,very_hard,high,7,5,71.0,8,1
AI Lab - Search Algorithms #5,lab_experiment,12,9,31.5,6,9.66,39,37,medium,low,8,4,50.7,1,1
Data Structures Assignment,assignment,13,8,37.4,80,8.62,10,74,easy,medium,2,0,16.0,-2,0
DS Lab - Linked List (Sem 6),lab_experiment,17,15,37.1,27,9.9,32,81,hard,high,8,6,66.8,8,1
IoT Based Project (Sem 6),project,13,11,12.0,65,6.48,25,59,very_hard,medium,6,6,64.5,7,1
Module Exam (Sem 3),exam,14,12,70.1,65,6.84,19,15,easy,low,5,2,32.9,0,0
Practical Exam #2,exam,18,14,41.3,17,7.51,45,90,very_hard,medium,7,0,61.1,5,1
Algorithms Assignment #3,assignment,26,21,31.5,97,5.17,7,64,hard,medium,1,6,41.3,2,1
Computer Graphics Assignment,assignment,22,17,35.8,46,7.93,27,51,hard,low,9,4,48.5,2,1
DS Lab - Linked List,lab_experiment,24,19,49.5,59,8.31,10,76,easy,low,6,3,30.2,0,0
Internal Assessment #4,exam,21,17,77.8,75,7.12,43,29,medium,critical,3,5,58.3,7,1
Weekly Test (Sem 4),exam,12,9,31.8,66,7.2,18,74,medium,medium,1,5,36.6,0,0
Mobile App Development (Sem 6),project,21,21,43.6,24,4.49,44,63,hard,low,1,5,54.6,8,1
Data Structures Assignment (Sem 4),assignment,3,2,79.4,2,6.22,49,72,medium,low,10,6,74.5,9,1
Practical Exam (Sem 6),exam,27,24,34.5,41,6.25,11,91,easy,medium,3,0,31.9,0,0
IOT Lab Experiment (Sem 2),lab_experiment,27,22,20.1,74,9.51,11,31,hard,high,4,2,46.3,10,1
DS Lab - Linked List (Sem 6),lab_experiment,16,16,77.2,23,5.73,25,73,easy,low,6,1,44.9,0,0
Internal Assessment #3,exam,20,19,41.6,52,5.21,36,99,easy,medium,7,2,47.2,11,1
DBMS Assignment,assignment,33,30,1.2,80,9.12,29,39,hard,medium,3,2,36.9,0,0
DBMS Assignment,assignment,25,23,32.4,9,8.26,45,32,hard,medium,7,0,54.7,13,1
Compiler Lab - Lexical Analysis #2,lab_experiment,28,23,70.2,34,8.07,19,54,very_hard,low,2,5,51.1,-2,0
Open Source Contribution #3,project,28,23,63.7,39,7.22,15,59,easy,critical,2,6,54.7,12,1
Compiler Lab - Lexical Analysis,lab_experiment,29,28,21.3,40,9.57,28,40,easy,medium,1,0,22.8,-2,0
Data Structures Assignment (Sem 6),assignment,20,16,11.7,46,9.07,15,35,medium,medium,0,6,32.3,-1,0
Open Source Contribution #2,project,13,11,32.7,65,6.22,40,18,medium,low,4,1,35.0,0,0
Module Exam,exam,29,27,57.6,62,8.27,18,35,very_hard,low,9,5,54.4,3,1
Mobile App Development,project,11,9,37.0,47,4.16,34,50,easy,medium,6,2,48.0,13,1
Module Exam (Sem 1),exam,14,12,43.3,50,9.21,36,27,easy,low,2,0,19.6,-1,0
OS Lab - Process Scheduling,lab_experiment,22,22,46.4,4,8.96,41,70,hard,low,3,3,50.3,13,1
Compiler Lab - Lexical Analysis (Sem 2),lab_experiment,25,25,67.8,91,4.88,8,29,medium,low,2,1,25.6,-2,0
Mini Project (Sem 1),project,25,24,51.2,42,5.79,14,43,hard,low,4,1,49.0,1,1
DS Lab - Linked List,lab_experiment,0,0,16.1,57,7.16,43,31,medium,high,4,5,81.9,4,1
Mid-Semester Exam (Sem 8),exam,8,3,74.6,42,5.38,15,87,medium,medium,10,3,69.1,7,1
Computer Vision Lab #3,lab_experiment,26,23,64.2,36,4.34,39,86,very_hard,medium,5,1,68.7,7,1
Algorithms Assignment,assignment,23,20,4.1,6,6.35,20,58,easy,medium,3,0,39.8,-1,0
Capstone Project,project,20,15,74.7,99,5.19,16,85,easy,medium,9,5,41.8,9,1
Capstone Project (Sem 4),project,28,23,15.4,38,5.17,37,29,easy,medium,9,1,48.1,3,1
Network Lab - Packet Analysis,lab_experiment,21,16,63.1,25,7.0,25,32,hard,medium,9,0,54.5,7,1
IOT Lab Experiment,lab_experiment,33,28,55.3,35,5.8,15,49,medium,low,9,1,46.5,-1,0
Online Quiz (Sem 1),exam,26,21,45.8,73,8.24,49,92,medium,medium,2,5,36.3,-2,0
IOT Lab Experiment #3,lab_experiment,30,29,68.9,70,8.91,19,36,hard,medium,10,4,47.9,6,1
Computer Graphics Assignment,assignment,24,24,46.8,95,5.61,40,71,medium,medium,8,5,50.0,-2,0
Weekly Test,exam,28,23,54.8,1,4.03,5,81,medium,critical,8,3,76.3,10,1
Module Exam (Sem 7),exam,16,14,37.8,80,8.52,15,89,easy,medium,5,5,35.5,0,0
Mid-Semester Exam (Sem 7),exam,9,4,67.2,58,9.07,47,10,hard,medium,2,5,54.1,11,1
Viva Voce (Sem 2),exam,21,21,71.5,47,6.13,31,32,hard,critical,2,3,62.7,11,1
Capstone Project (Sem 1),project,33,29,66.4,6,8.43,41,61,medium,low,3,3,42.9,-1,0
AI Lab - Search Algorithms (Sem 4),lab_experiment,4,4,35.0,34,9.1,19,27,very_hard,high,4,1,69.1,5,1
Networking Assignment #4,assignment,9,4,22.1,15,4.26,9,52,hard,critical,8,1,84.9,11,1
Computer Graphics Assignment (Sem 4),assignment,30,30,60.0,23,4.98,28,30,hard,high,4,4,72.2,8,1
Weekly Test,exam,16,13,52.4,85,6.29,23,30,medium,high,3,0,36.3,0,0
Web Dev Assignment (Sem 2),assignment,6,1,6.5,4,4.65,23,47,medium,low,6,4,84.5,11,1
Unit Test (Sem 2),exam,19,16,25.3,75,7.92,6,45,medium,low,0,5,20.6,-3,0
Research Project (Sem 2),project,28,26,73.5,22,10.0,23,82,hard,low,6,2,48.9,-3,0
End-Semester Exam,exam,14,14,54.0,35,8.11,18,19,easy,medium,0,1,21.8,-3,0
Module Exam (Sem 8),exam,10,10,31.6,1,8.62,33,55,hard,medium,4,4,60.1,4,1
End-Semester Exam,exam,20,18,10.5,92,4.79,34,70,easy,low,5,6,40.0,-2,0
Mini Project,project,3,3,72.7,55,5.04,35,22,medium,high,9,1,71.5,5,1
Data Structures Assignment (Sem 2),assignment,30,27,77.1,1,7.79,49,73,easy,medium,3,0,38.7,-3,0
Group Project - Web App,project,4,4,35.7,41,8.4,39,92,very_hard,medium,2,2,58.7,1,1
Final Year Project (Sem 7),project,19,18,26.1,29,8.88,31,14,easy,low,9,5,42.3,-2,0
Computer Graphics Assignment,assignment,4,0,49.3,64,4.69,44,67,very_hard,low,9,1,83.6,11,1
Digital Electronics Lab #5,lab_experiment,23,23,27.5,75,9.18,21,89,easy,medium,10,1,29.1,-1,0
Mid-Semester Exam #2,exam,13,8,14.7,31,7.2,50,65,hard,critical,6,2,74.8,9,1
OS Assignment,assignment,31,30,45.7,93,4.81,34,28,hard,low,6,3,47.8,0,0
Industry Internship Project (Sem 4),project,15,12,37.2,8,4.07,5,75,hard,low,0,4,48.9,10,1
Compiler Lab - Lexical Analysis,lab_experiment,23,23,79.5,58,7.46,8,81,easy,medium,6,3,40.2,-3,0
Research Project #1,project,27,26,47.6,41,8.4,48,27,medium,high,6,0,48.6,0,0
Mini Project (Sem 1),project,8,8,54.2,79,4.16,41,33,hard,high,7,3,63.3,8,1
Embedded Systems Lab,lab_experiment,29,28,18.3,74,7.57,27,15,medium,high,10,3,45.9,0,0
Math Assignment (Sem 1),assignment,20,20,52.2,43,8.99,8,96,hard,medium,0,3,35.2,-2,0
Mid-Semester Exam #5,exam,32,30,71.4,37,5.87,9,84,hard,medium,1,6,53.5,3,1
Internal Assessment #4,exam,3,1,2.0,23,7.58,42,88,very_hard,medium,1,4,80.6,2,1
Algorithms Assignment #5,assignment,19,15,21.8,1,5.42,10,67,medium,high,1,0,50.8,13,1
Mobile App Development #4,project,5,0,79.7,5,5.67,36,53,hard,low,1,2,76.6,14,1
IoT Based Project (Sem 3),project,10,10,57.6,31,8.94,30,14,very_hard,critical,0,1,58.8,7,1
ML Model Project #5,project,29,27,70.7,60,9.71,18,51,very_hard,critical,3,2,62.8,11,1
ML Model Project #2,project,4,0,9.3,7,6.75,7,13,medium,medium,0,0,59.3,1,1
Network Lab - Packet Analysis,lab_experiment,8,8,65.2,51,4.06,48,88,easy,medium,7,5,54.6,9,1
End-Semester Exam,exam,18,18,40.4,50,5.56,22,86,easy,medium,9,2,46.2,12,1
Mini Project,project,23,22,78.8,88,9.04,33,26,medium,low,4,6,32.7,-3,0
Embedded Systems Lab (Sem 3),lab_experiment,22,20,68.3,52,6.13,26,84,easy,low,8,4,40.2,-1,0
Open Source Contribution #5,project,31,27,46.5,27,9.1,47,84,medium,medium,3,4,46.3,-3,0
DBMS Assignment (Sem 5),assignment,17,14,7.7,81,5.82,21,38,hard,high,10,5,64.9,13,1
Group Project - Web App (Sem 1),project,27,27,41.5,56,6.04,34,87,medium,medium,3,0,36.2,-2,0
Unit Test,exam,7,5,74.7,21,7.85,39,53,easy,medium,6,5,57.7,11,1
Math Assignment,assignment,27,24,39.9,94,4.03,38,87,medium,low,6,3,41.0,-1,0
Open Source Contribution,project,25,23,68.0,46,7.31,41,37,hard,medium,10,0,51.9,11,1
Viva Voce (Sem 1),exam,11,7,44.5,24,7.16,17,42,medium,critical,6,4,77.9,13,1
Machine Learning Assignment #1,assignment,23,19,31.9,5,4.82,50,61,hard,critical,2,5,82.0,9,1
DBMS Lab - SQL Queries,lab_experiment,15,15,37.8,76,8.79,11,89,easy,medium,8,5,35.9,0,0
Final Year Project,project,21,16,61.4,28,9.47,20,45,hard,low,9,4,51.4,3,1
Practical Exam (Sem 2),exam,7,6,62.5,71,7.13,24,93,medium,critical,4,1,60.2,6,1
Web Dev Assignment (Sem 4),assignment,28,27,4.6,25,7.57,48,17,hard,high,7,4,66.8,7,1
Capstone Project,project,3,1,16.0,95,5.91,45,90,very_hard,medium,0,5,75.5,4,1
Capstone Project #2,project,4,2,15.3,32,6.83,10,55,hard,low,6,5,71.6,4,1
Computer Vision Lab #3,lab_experiment,22,22,51.7,65,9.29,49,30,very_hard,medium,3,3,51.9,-1,0
End-Semester Exam (Sem 3),exam,19,14,29.6,63,6.84,8,59,easy,critical,6,0,48.2,2,1
ML Model Project #1,project,5,0,5.8,93,7.53,25,62,hard,high,10,2,71.9,10,1
Research Project (Sem 4),project,29,25,38.4,61,6.29,21,10,easy,medium,7,6,44.9,-3,0
Practical Exam #1,exam,13,8,70.4,99,4.77,46,30,medium,medium,10,6,49.8,7,1
Unit Test (Sem 4),exam,15,12,29.6,22,6.73,21,53,hard,medium,3,6,58.7,5,1
Computer Vision Lab (Sem 6),lab_experiment,13,11,19.7,84,5.79,15,33,hard,critical,4,3,64.7,1,1
Viva Voce #3,exam,15,11,70.2,89,5.21,47,100,very_hard,low,8,5,61.9,11,1
Mobile App Development #5,project,3,1,68.8,65,7.24,14,76,medium,critical,5,6,88.4,12,1
AI Lab - Search Algorithms,lab_experiment,8,4,50.0,84,6.8,50,40,medium,medium,2,6,47.2,5,1
DBMS Assignment (Sem 5),assignment,24,24,24.8,54,7.09,29,99,hard,high,8,5,66.1,10,1
Machine Learning Assignment,assignment,30,28,75.1,22,6.93,24,66,hard,low,5,3,56.0,9,1
Group Project - Web App #4,project,31,28,10.7,51,4.94,36,37,medium,medium,1,1,38.4,0,0
DBMS Lab - SQL Queries (Sem 1),lab_experiment,21,20,72.6,72,8.15,12,60,medium,critical,1,3,40.8,-2,0
Online Quiz #5,exam,31,28,14.6,94,4.46,13,33,medium,high,10,5,54.5,3,1
AI Lab - Search Algorithms (Sem 7),lab_experiment,32,28,34.5,5,9.92,34,23,medium,medium,10,2,51.4,9,1
Weekly Test #5,exam,18,14,30.3,22,5.15,25,29,hard,low,0,6,50.1,10,1
AI Lab - Search Algorithms #1,lab_experiment,9,7,27.9,16,9.97,35,22,very_hard,medium,5,4,76.3,3,1
DBMS Lab - SQL Queries (Sem 2),lab_experiment,10,10,36.1,100,7.62,5,67,hard,medium,7,5,42.5,0,0
DBMS Lab - SQL Queries #2,lab_experiment,30,28,25.7,70,5.18,30,47,easy,medium,0,6,34.0,-2,0
Internal Assessment (Sem 3),exam,2,2,8.9,43,9.69,49,61,medium,high,9,0,63.3,5,1
Surprise Test,exam,7,7,56.5,61,4.01,32,78,hard,low,8,1,58.0,3,1
OS Assignment #3,assignment,11,9,31.7,24,8.71,35,88,medium,high,3,3,50.7,9,1
Group Project - Web App (Sem 5),project,14,9,25.4,74,7.05,12,13,hard,critical,3,6,62.4,3,1
Capstone Project (Sem 3),project,3,0,65.8,100,4.14,13,84,medium,high,2,6,69.3,2,1
Computer Graphics Assignment #2,assignment,9,8,51.7,80,6.05,32,87,hard,medium,2,0,35.2,-2,0
Research Project,project,29,29,18.0,19,8.34,44,74,easy,high,9,6,57.6,1,1
Math Assignment (Sem 6),assignment,13,11,39.7,54,4.47,40,17,hard,critical,8,0,70.2,4,1
Algorithms Assignment #1,assignment,26,21,22.3,53,7.12,10,99,hard,low,4,1,41.4,-2,0
Final Year Project #3,project,7,6,9.1,13,4.72,27,44,hard,high,10,5,87.1,10,1
Computer Vision Lab (Sem 8),lab_experiment,23,23,48.1,79,8.8,8,87,very_hard,medium,4,0,42.0,8,1
IoT Based Project,project,31,29,78.3,38,7.25,18,60,easy,high,0,0,31.2,0,0
OS Assignment (Sem 6),assignment,11,6,33.9,79,6.31,18,87,medium,high,3,5,55.0,5,1
Group Project - Web App,project,31,27,33.7,14,6.23,26,35,hard,critical,0,2,60.8,4,1
Compiler Lab - Lexical Analysis #4,lab_experiment,25,21,44.2,71,7.88,49,79,easy,high,9,3,43.7,-3,0
Online Quiz #3,exam,11,11,55.0,72,8.39,15,46,easy,medium,10,3,33.1,-1,0
OS Assignment #5,assignment,10,6,8.8,0,5.41,46,84,easy,medium,6,3,68.6,8,1
Computer Graphics Assignment,assignment,18,16,54.4,48,7.18,50,15,medium,critical,9,2,64.4,3,1
Data Structures Assignment #5,assignment,28,24,66.4,41,6.9,17,87,hard,critical,0,1,52.5,8,1
Networking Assignment,assignment,24,24,13.1,47,9.8,40,62,hard,high,8,2,57.6,4,1
Web Dev Assignment (Sem 8),assignment,3,2,21.3,2,8.34,27,98,hard,critical,0,2,73.3,1,1
Machine Learning Assignment (Sem 4),assignment,32,27,31.5,63,9.27,5,14,very_hard,medium,5,2,51.9,12,1
DBMS Assignment (Sem 5),assignment,29,29,1.7,92,7.5,48,51,easy,medium,3,5,30.4,0,0
Compiler Lab - Lexical Analysis,lab_experiment,10,8,9.0,19,7.98,50,98,hard,critical,8,3,74.2,1,1
Data Structures Assignment (Sem 4),assignment,4,4,27.3,75,5.53,36,65,easy,low,4,4,46.6,4,1
AI Lab - Search Algorithms (Sem 7),lab_experiment,11,10,74.6,52,8.88,13,25,medium,high,9,2,46.9,9,1
Data Structures Assignment,assignment,10,5,17.4,89,4.14,31,68,hard,medium,5,5,65.3,7,1
Group Project - Web App (Sem 4),project,28,23,64.1,24,6.33,24,22,medium,medium,6,1,49.6,-2,0
Web Dev Assignment #3,assignment,10,6,54.2,93,7.43,46,11,medium,high,0,4,44.0,13,1
Unit Test #5,exam,18,17,32.4,42,9.72,36,32,easy,high,7,1,44.2,8,1
End-Semester Exam (Sem 6),exam,4,2,59.6,73,7.05,10,57,medium,low,4,4,51.4,6,1
Unit Test #5,exam,12,7,26.1,17,4.58,17,26,hard,low,8,3,69.3,11,1
Computer Vision Lab (Sem 1),lab_experiment,5,5,71.4,79,4.46,34,32,medium,high,10,5,67.6,4,1
Unit Test (Sem 5),exam,13,10,41.7,14,9.93,20,23,medium,critical,6,1,61.2,12,1
Internal Assessment,exam,29,28,23.2,8,5.32,5,24,easy,low,6,2,47.9,-1,0
DBMS Lab - SQL Queries #3,lab_experiment,23,20,40.7,86,4.17,28,52,hard,high,2,3,51.6,8,1
DBMS Assignment (Sem 1),assignment,13,9,37.8,79,9.61,35,88,hard,critical,7,5,64.7,3,1
Online Quiz (Sem 7),exam,26,24,7.2,27,6.09,33,98,medium,medium,9,3,53.9,8,1
IOT Lab Experiment,lab_experiment,21,18,41.0,5,6.66,11,88,very_hard,medium,0,5,60.1,13,1
Unit Test,exam,3,2,70.9,100,8.99,5,46,easy,critical,5,4,58.5,12,1
DS Lab - Linked List (Sem 4),lab_experiment,4,2,19.4,14,6.44,9,65,very_hard,high,9,5,95.1,8,1
Viva Voce,exam,15,15,9.8,67,8.84,42,52,very_hard,high,1,2,49.8,8,1
Research Project,project,15,15,26.4,47,9.61,38,61,easy,medium,2,1,27.4,0,0
AI Lab - Search Algorithms (Sem 5),lab_experiment,17,12,46.9,26,6.68,22,69,hard,medium,0,4,47.0,11,1
Math Assignment,assignment,31,28,42.8,80,5.84,8,17,easy,medium,4,6,41.8,-1,0
AI Lab - Search Algorithms #3,lab_experiment,20,19,33.1,54,9.74,23,49,medium,medium,7,0,36.5,-3,0
Software Engineering Assignment (Sem 3),assignment,20,15,35.8,28,5.78,33,69,medium,medium,8,5,62.7,5,1
Unit Test (Sem 4),exam,12,7,51.1,13,7.84,38,23,medium,medium,4,0,51.2,-2,0
Viva Voce (Sem 6),exam,18,14,37.1,3,8.34,43,17,medium,medium,0,6,43.7,-1,0
Practical Exam,exam,5,2,16.5,99,9.57,11,29,medium,critical,9,1,58.3,2,1
Computer Vision Lab #5,lab_experiment,19,14,11.0,6,6.2,26,92,very_hard,low,1,3,55.4,8,1
Module Exam #3,exam,9,4,32.9,19,8.56,22,37,medium,low,2,6,47.4,3,1
DBMS Assignment #2,assignment,2,2,34.1,73,6.43,34,30,medium,low,0,6,43.8,-3,0
Module Exam,exam,22,19,36.7,29,6.63,28,14,easy,medium,2,0,33.0,-1,0
Industry Internship Project,project,16,11,1.1,93,6.08,30,82,medium,high,10,5,51.4,-1,0
Viva Voce,exam,14,12,46.8,33,4.43,6,14,hard,high,0,4,56.0,10,1
Capstone Project #4,project,4,1,12.4,23,4.58,28,25,hard,high,5,0,92.2,10,1
Capstone Project (Sem 3),project,13,13,27.6,55,6.12,10,44,hard,medium,2,1,40.0,1,1
Final Year Project,project,30,25,4.6,58,6.74,15,28,hard,medium,9,6,56.9,6,1
Embedded Systems Lab,lab_experiment,22,17,32.4,10,6.92,30,98,hard,high,8,3,71.0,4,1
OS Assignment,assignment,6,1,28.7,87,9.61,14,36,medium,medium,2,1,47.0,-2,0
Capstone Project #3,project,13,9,64.3,50,7.92,45,33,medium,high,9,3,52.5,9,1
Online Quiz,exam,34,29,14.4,13,6.38,28,51,hard,low,9,1,54.2,4,1
Final Year Project #2,project,24,21,7.1,49,7.68,7,49,medium,medium,0,1,22.9,0,0
Viva Voce (Sem 2),exam,23,23,60.8,33,5.19,34,14,easy,high,7,0,53.8,6,1
Networking Assignment,assignment,10,7,65.6,96,5.65,47,44,hard,critical,6,0,70.5,5,1
End-Semester Exam #1,exam,13,10,58.8,22,9.17,48,61,medium,low,1,0,28.4,0,0
End-Semester Exam (Sem 6),exam,23,22,54.8,22,8.78,42,19,medium,medium,2,6,45.8,-2,0
Computer Vision Lab,lab_experiment,19,17,6.6,56,5.98,35,59,easy,medium,10,3,48.3,3,1
AI Lab - Search Algorithms #3,lab_experiment,13,13,40.5,71,5.3,47,46,easy,medium,3,3,40.5,-2,0
Mini Project #3,project,17,13,33.1,82,7.11,39,12,medium,medium,5,1,39.5,-3,0
Data Structures Assignment #2,assignment,11,11,49.7,88,6.45,6,45,medium,low,2,4,27.0,-3,0
DS Lab - Linked List #4,lab_experiment,9,4,9.8,60,5.73,16,73,hard,medium,2,5,60.6,3,1
Open Source Contribution (Sem 5),project,12,10,13.5,53,8.45,13,88,medium,high,3,3,42.7,-2,0
AI Lab - Search Algorithms,lab_experiment,29,25,7.8,78,8.97,44,74,easy,critical,6,0,43.8,11,1
Computer Graphics Assignment (Sem 1),assignment,21,17,58.2,33,4.12,18,39,medium,low,2,2,40.2,13,1
Practical Exam #2,exam,15,11,21.5,49,6.93,13,98,hard,high,2,1,48.5,3,1
Math Assignment,assignment,10,10,62.4,50,7.71,42,34,hard,low,7,2,45.2,6,1
OS Assignment (Sem 6),assignment,24,24,34.3,69,6.39,23,85,hard,critical,3,1,56.5,10,1
Mobile App Development #1,project,11,10,51.7,51,6.37,24,71,easy,high,8,0,44.2,4,1
OS Lab - Process Scheduling,lab_experiment,27,23,10.4,90,4.52,21,61,medium,medium,0,6,34.1,0,0
Embedded Systems Lab,lab_experiment,15,12,70.7,53,7.89,28,55,hard,critical,9,0,59.2,10,1
Mobile App Development #5,project,6,1,15.5,25,6.27,24,83,hard,high,5,5,96.4,2,1
Internal Assessment (Sem 1),exam,9,8,71.1,32,9.84,23,87,easy,medium,6,1,37.9,-3,0
Capstone Project (Sem 5),project,30,28,12.7,18,4.59,16,97,medium,critical,1,6,66.0,12,1
Group Project - Web App (Sem 2),project,28,23,46.5,29,5.54,18,23,medium,low,10,1,48.0,10,1
Module Exam,exam,21,16,17.3,21,6.84,6,48,medium,high,5,0,53.4,4,1
Online Quiz,exam,7,2,35.7,9,7.63,45,18,very_hard,medium,3,6,81.7,6,1
Weekly Test #1,exam,28,27,20.2,81,7.8,15,51,medium,medium,6,4,38.3,-2,0
OS Lab - Process Scheduling (Sem 3),lab_experiment,35,30,47.8,92,5.53,40,98,easy,critical,4,2,51.6,8,1
Machine Learning Assignment (Sem 2),assignment,26,21,41.6,10,6.56,16,57,very_hard,high,3,0,65.6,5,1
Internal Assessment,exam,7,6,73.7,55,4.67,19,63,medium,medium,6,0,53.9,7,1
Software Engineering Assignment #1,assignment,8,7,36.8,2,6.9,47,98,hard,medium,1,1,59.3,8,1
Weekly Test (Sem 7),exam,26,24,77.1,9,5.04,34,77,hard,high,0,5,65.6,11,1
Industry Internship Project (Sem 3),project,16,13,78.9,6,5.64,40,65,easy,low,9,6,57.8,2,1
Capstone Project #5,project,28,23,74.9,49,8.14,36,43,easy,high,1,4,36.8,-2,0
Practical Exam #2,exam,12,10,64.1,33,6.35,11,65,easy,high,8,6,56.5,12,1
Mid-Semester Exam,exam,30,27,38.7,36,6.07,31,85,hard,high,1,2,51.9,3,1
Mid-Semester Exam #5,exam,9,6,54.5,7,5.31,26,92,medium,medium,8,1,66.2,4,1
Networking Assignment #2,assignment,17,16,71.6,39,5.22,27,78,hard,high,9,4,71.9,2,1
Capstone Project (Sem 4),project,15,11,74.6,90,8.81,41,28,easy,high,4,1,32.1,0,0
Group Project - Web App,project,19,16,8.7,59,8.87,32,57,very_hard,critical,5,4,74.4,13,1
Practical Exam #2,exam,25,25,34.6,72,7.13,26,74,hard,low,4,4,45.2,0,0
OS Lab - Process Scheduling (Sem 8),lab_experiment,8,4,27.3,88,7.77,12,67,hard,high,9,2,54.6,4,1
Algorithms Assignment #5,assignment,5,5,29.1,39,8.33,7,84,medium,high,2,2,47.9,3,1
Weekly Test #3,exam,2,0,13.6,85,8.15,45,98,medium,critical,0,1,59.5,6,1
Weekly Test,exam,4,1,63.4,84,9.29,41,87,medium,low,10,0,52.3,10,1
Software Engineering Assignment (Sem 2),assignment,29,27,2.8,21,8.96,19,45,very_hard,medium,5,5,67.7,1,1
End-Semester Exam,exam,17,16,45.5,17,4.32,14,50,easy,high,9,0,55.0,1,1
Computer Vision Lab,lab_experiment,30,25,8.4,56,5.54,48,67,easy,high,5,2,54.6,-1,0
DS Lab - Linked List (Sem 4),lab_experiment,19,19,20.9,63,6.07,49,47,medium,critical,4,2,58.3,3,1
Group Project - Web App,project,29,24,45.1,39,9.31,31,53,easy,critical,3,5,54.3,5,1
OS Lab - Process Scheduling #5,lab_experiment,3,2,4.3,54,8.77,30,94,hard,medium,4,6,66.2,10,1
Networking Assignment #3,assignment,29,29,77.3,87,6.9,45,34,medium,high,10,1,46.1,-3,0
Mini Project,project,24,20,13.6,49,8.02,32,95,easy,low,3,0,22.4,0,0
Open Source Contribution (Sem 2),project,25,25,44.0,7,4.93,20,79,hard,critical,9,5,87.6,8,1
DBMS Assignment (Sem 8),assignment,30,28,19.9,45,6.54,22,94,easy,low,10,5,43.2,-2,0
Viva Voce (Sem 3),exam,13,12,47.8,72,8.21,15,49,hard,high,3,4,48.1,12,1
Surprise Test,exam,5,2,51.1,79,4.45,25,11,hard,high,0,5,65.7,4,1
Weekly Test (Sem 7),exam,11,7,27.9,73,9.7,10,13,medium,high,3,1,42.4,-2,0
IOT Lab Experiment,lab_experiment,32,30,43.7,6,9.15,49,48,hard,medium,9,4,63.7,12,1
DS Lab - Linked List (Sem 6),lab_experiment,16,11,27.2,23,4.16,5,97,very_hard,critical,10,2,84.9,11,1
Viva Voce #3,exam,20,19,1.3,34,4.34,11,98,medium,critical,0,1,51.3,11,1
Network Lab - Packet Analysis #1,lab_experiment,14,10,49.4,17,6.07,21,90,hard,critical,3,4,72.7,2,1
Networking Assignment (Sem 1),assignment,8,8,58.1,29,7.84,13,75,hard,low,2,6,43.5,0,0
Computer Vision Lab #3,lab_experiment,11,11,13.3,27,6.78,46,17,medium,high,10,5,66.2,4,1
OS Lab - Process Scheduling #2,lab_experiment,6,3,31.6,55,9.01,44,88,easy,critical,7,2,67.4,7,1
DBMS Lab - SQL Queries #2,lab_experiment,15,11,71.4,44,7.37,45,89,very_hard,critical,5,3,81.7,3,1
Computer Graphics Assignment (Sem 6),assignment,5,1,71.8,72,5.82,24,19,hard,medium,3,6,79.0,8,1
Group Project - Web App #4,project,33,30,74.9,98,7.05,39,64,very_hard,critical,6,3,70.3,10,1
Practical Exam (Sem 8),exam,2,0,10.3,52,9.17,8,60,medium,high,9,3,73.4,5,1
End-Semester Exam (Sem 6),exam,20,20,25.7,17,9.24,26,62,medium,low,2,3,36.2,-1,0
Industry Internship Project,project,32,27,44.1,100,8.66,49,60,medium,low,10,3,30.9,-2,0
Digital Electronics Lab (Sem 1),lab_experiment,9,9,34.0,97,6.79,5,90,hard,low,9,1,35.1,-2,0
Unit Test,exam,17,17,14.8,86,8.33,21,99,hard,critical,2,3,48.9,7,1
Compiler Lab - Lexical Analysis (Sem 5),lab_experiment,16,14,47.6,60,7.78,25,95,easy,high,5,2,41.5,-1,0
Digital Electronics Lab (Sem 4),lab_experiment,28,27,27.2,84,5.76,43,90,hard,high,1,3,50.5,10,1
Internal Assessment,exam,8,4,57.5,83,8.08,10,26,very_hard,high,0,0,44.4,-3,0
ML Model Project,project,24,24,10.7,36,9.36,32,40,medium,critical,9,4,64.0,10,1
Data Structures Assignment #3,assignment,23,21,48.8,49,7.81,11,89,hard,critical,4,0,55.3,1,1
Surprise Test (Sem 6),exam,8,6,73.0,37,6.15,22,31,easy,high,2,0,45.8,-1,0
Machine Learning Assignment #2,assignment,12,8,3.8,59,7.28,16,51,medium,high,4,0,43.8,-1,0
Computer Graphics Assignment #1,assignment,14,11,61.0,0,9.89,33,84,very_hard,high,0,6,65.3,11,1
Mini Project,project,8,6,65.5,21,8.9,21,81,medium,high,5,6,67.9,13,1
Surprise Test #3,exam,19,14,5.9,52,7.5,13,27,medium,high,1,6,40.9,-1,0
Industry Internship Project #3,project,28,28,68.2,82,5.07,32,25,easy,low,3,2,29.8,-3,0
OS Lab - Process Scheduling #5,lab_experiment,23,18,62.4,74,4.66,35,36,hard,high,3,4,59.7,6,1
Group Project - Web App #2,project,22,18,55.9,34,7.55,10,41,hard,high,8,3,59.2,14,1
OS Assignment (Sem 2),assignment,30,25,55.4,90,8.08,12,39,medium,medium,5,5,38.2,-2,0
DS Lab - Linked List,lab_experiment,7,5,7.4,56,4.07,34,22,easy,medium,9,3,56.2,-2,0
Digital Electronics Lab (Sem 1),lab_experiment,23,23,16.2,22,5.04,8,74,very_hard,low,0,2,50.4,5,1
Internal Assessment (Sem 2),exam,19,15,62.3,99,7.37,31,42,hard,medium,0,6,35.3,-1,0
Compiler Lab - Lexical Analysis,lab_experiment,27,22,15.7,37,4.98,22,22,medium,high,8,6,66.8,13,1
DBMS Lab - SQL Queries #2,lab_experiment,23,21,17.6,4,5.34,8,53,hard,medium,2,2,57.0,12,1
Web Dev Assignment,assignment,31,29,42.1,29,6.45,15,30,easy,high,5,6,57.7,3,1
Industry Internship Project #4,project,13,12,7.4,49,9.72,5,91,easy,low,8,1,27.7,-3,0
AI Lab - Search Algorithms (Sem 8),lab_experiment,15,12,23.5,81,7.82,47,37,medium,high,2,0,31.5,-2,0
Mid-Semester Exam,exam,10,8,74.0,48,7.25,49,84,medium,high,9,0,52.3,14,1
Module Exam #5,exam,13,8,73.0,74,5.67,43,66,easy,medium,2,5,40.5,-3,0
Weekly Test,exam,21,21,36.4,46,6.47,41,42,hard,critical,6,2,70.9,2,1
Viva Voce #3,exam,24,22,39.3,66,4.41,23,50,easy,low,8,6,44.1,9,1
ML Model Project,project,32,28,49.2,3,5.5,10,70,very_hard,medium,1,1,60.4,10,1
Networking Assignment #4,assignment,12,8,18.3,27,6.93,35,26,hard,critical,1,2,62.1,5,1
Network Lab - Packet Analysis,lab_experiment,10,10,57.6,67,8.06,22,22,easy,medium,2,1,21.8,0,0
OS Lab - Process Scheduling,lab_experiment,22,19,28.3,61,4.3,48,16,very_hard,medium,3,4,64.6,10,1
Capstone Project #2,project,5,5,79.4,67,6.05,38,34,very_hard,medium,5,5,73.4,9,1
Embedded Systems Lab,lab_experiment,20,16,23.2,98,8.6,11,17,hard,medium,8,4,41.5,12,1
Machine Learning Assignment (Sem 2),assignment,21,19,15.3,15,6.98,50,81,medium,low,10,0,47.0,7,1
Internal Assessment #2,exam,8,6,16.4,36,7.38,34,22,hard,medium,10,0,61.2,5,1
Computer Graphics Assignment #2,assignment,6,4,62.2,80,9.83,7,13,hard,low,7,1,41.7,2,1
Group Project - Web App #2,project,21,20,1.3,66,7.93,47,73,hard,low,4,3,41.5,-2,0
Web Dev Assignment,assignment,30,29,29.9,79,8.87,42,65,very_hard,critical,0,1,50.4,-1,0
Computer Graphics Assignment #5,assignment,25,24,79.7,37,7.91,28,32,very_hard,medium,9,4,63.4,11,1
Math Assignment,assignment,6,2,37.6,64,7.46,11,64,medium,critical,0,0,53.3,9,1
Data Structures Assignment #3,assignment,1,0,37.9,49,4.35,47,26,medium,medium,5,6,84.9,8,1
End-Semester Exam,exam,9,6,69.0,96,7.22,35,49,medium,high,7,5,59.3,4,1
Weekly Test #1,exam,16,16,69.4,29,9.17,16,23,easy,high,8,1,44.8,-2,0
Group Project - Web App #4,project,26,26,8.4,76,7.98,7,36,very_hard,high,0,1,39.5,0,0
DS Lab - Linked List #4,lab_experiment,4,1,62.8,86,5.77,16,96,medium,critical,2,4,78.4,3,1
Viva Voce (Sem 6),exam,23,21,40.1,28,8.87,32,87,easy,medium,9,6,47.6,1,1
Embedded Systems Lab #3,lab_experiment,25,23,13.5,26,6.65,21,65,medium,critical,2,1,54.9,7,1
Mobile App Development #1,project,23,20,47.5,35,8.83,26,31,hard,medium,2,5,48.6,1,1
Surprise Test,exam,13,11,48.7,68,4.32,22,39,medium,high,10,3,56.6,1,1
AI Lab - Search Algorithms,lab_experiment,2,2,34.8,15,6.09,26,40,very_hard,high,5,1,88.6,2,1
Math Assignment #3,assignment,0,0,28.4,86,8.45,18,91,medium,critical,0,5,64.6,9,1
Open Source Contribution #1,project,21,16,60.1,45,9.92,46,38,medium,medium,10,4,48.6,8,1
Surprise Test #4,exam,6,4,59.0,20,7.79,46,17,hard,high,3,3,67.6,9,1
IOT Lab Experiment (Sem 7),lab_experiment,12,8,78.4,86,7.17,8,98,very_hard,medium,10,6,58.6,7,1
Research Project,project,28,24,9.5,67,4.03,30,66,medium,high,9,2,55.6,6,1
OS Assignment (Sem 4),assignment,29,28,64.5,52,6.89,46,92,hard,high,7,2,62.2,3,1
IOT Lab Experiment,lab_experiment,24,23,58.5,79,9.77,28,88,hard,low,1,6,32.0,0,0
Weekly Test,exam,27,26,4.3,91,5.47,9,38,hard,low,4,2,40.7,0,0
End-Semester Exam,exam,26,22,66.7,84,5.73,47,17,medium,medium,8,0,42.9,7,1
Network Lab - Packet Analysis,lab_experiment,2,2,37.0,24,9.31,20,100,medium,high,1,4,60.2,5,1
Capstone Project (Sem 1),project,17,14,64.2,29,6.85,45,23,very_hard,high,2,3,67.7,6,1
IOT Lab Experiment,lab_experiment,2,2,2.3,51,7.82,46,66,medium,low,9,5,59.4,8,1
OS Assignment,assignment,16,11,54.4,100,6.39,9,79,easy,low,8,2,24.9,-2,0
Final Year Project,project,26,26,8.9,19,8.5,13,24,easy,medium,3,6,41.5,-3,0
End-Semester Exam,exam,28,24,72.8,93,6.27,17,44,hard,low,6,3,41.1,0,0
Mini Project #1,project,21,19,7.3,99,9.95,19,32,hard,high,5,0,41.1,10,1
ML Model Project (Sem 6),project,23,20,10.6,57,4.88,9,72,easy,high,5,2,50.5,14,1
Surprise Test #4,exam,2,1,56.8,94,4.94,50,20,hard,high,2,2,75.2,14,1
Module Exam (Sem 6),exam,16,14,49.8,42,4.01,15,47,easy,medium,2,3,40.1,-2,0
Compiler Lab - Lexical Analysis,lab_experiment,24,21,50.7,36,7.02,36,25,hard,critical,2,0,59.4,3,1
Software Engineering Assignment (Sem 4),assignment,30,25,11.3,30,4.64,38,63,medium,high,7,2,63.8,5,1
Network Lab - Packet Analysis (Sem 8),lab_experiment,3,0,73.0,78,4.37,24,88,medium,low,9,3,67.8,7,1
Capstone Project (Sem 3),project,12,12,51.0,90,7.65,32,93,medium,high,1,5,35.2,-3,0
Weekly Test #1,exam,30,26,26.9,32,9.92,25,91,medium,medium,4,3,44.1,-1,0
Capstone Project (Sem 4),project,31,26,36.6,44,5.19,15,69,medium,high,10,6,64.7,3,1
Group Project - Web App #2,project,27,24,34.7,41,5.54,39,90,medium,medium,4,6,57.7,10,1
Online Quiz (Sem 6),exam,13,8,5.6,93,4.18,6,29,hard,high,3,3,51.0,0,0
Surprise Test,exam,21,17,14.6,27,4.82,20,49,hard,medium,3,1,54.6,6,1
Mobile App Development,project,28,24,48.3,93,8.59,28,71,hard,medium,10,1,38.2,-3,0
Computer Vision Lab,lab_experiment,7,6,64.9,59,7.83,9,88,easy,medium,7,3,43.1,-3,0
Algorithms Assignment,assignment,16,11,62.0,13,7.82,14,37,easy,medium,4,1,37.8,-3,0
Math Assignment (Sem 8),assignment,32,29,27.7,73,8.65,29,35,very_hard,medium,10,2,52.3,1,1
Weekly Test,exam,29,27,6.1,83,9.63,40,21,easy,high,4,2,35.4,-2,0
Data Structures Assignment #2,assignment,8,7,60.3,86,6.25,30,82,medium,medium,6,5,53.8,4,1
Machine Learning Assignment,assignment,30,29,69.8,56,6.5,19,98,hard,low,3,0,36.7,-3,0
IoT Based Project,project,8,8,22.0,23,6.59,23,27,hard,low,6,5,59.7,13,1
Online Quiz,exam,21,16,16.9,93,7.04,9,62,medium,high,2,5,40.3,9,1
Viva Voce (Sem 6),exam,14,9,38.5,31,7.35,42,47,medium,medium,8,4,56.0,8,1
AI Lab - Search Algorithms (Sem 8),lab_experiment,21,17,43.9,23,9.55,23,53,medium,medium,10,2,46.7,3,1
Data Structures Assignment #1,assignment,24,20,49.3,15,4.66,35,67,medium,high,5,1,64.5,10,1
Math Assignment #4,assignment,30,29,78.1,55,7.57,18,40,hard,high,0,0,34.8,-2,0
Practical Exam (Sem 6),exam,10,5,30.2,88,5.24,36,95,hard,low,5,1,53.0,5,1
Module Exam,exam,7,7,59.3,14,4.38,27,25,medium,high,5,4,77.9,4,1
Research Project,project,10,10,27.8,74,5.85,19,80,medium,medium,1,3,36.1,-3,0
Compiler Lab - Lexical Analysis #5,lab_experiment,33,28,53.9,87,7.51,8,54,hard,medium,2,2,30.4,0,0
IOT Lab Experiment #2,lab_experiment,11,6,62.5,15,6.58,14,10,hard,high,8,3,76.4,11,1
Open Source Contribution (Sem 3),project,25,22,39.0,13,5.89,30,94,medium,low,9,3,56.4,14,1
Mid-Semester Exam (Sem 7),exam,18,18,55.0,82,4.77,39,50,very_hard,high,8,2,68.5,10,1
Viva Voce #1,exam,30,26,19.7,12,8.6,10,21,medium,high,8,2,54.6,5,1
DBMS Assignment,assignment,16,16,32.1,88,7.94,5,41,hard,medium,2,1,27.9,-1,0
Machine Learning Assignment,assignment,24,19,8.0,45,6.39,17,98,very_hard,high,3,6,68.7,10,1
Mini Project (Sem 5),project,12,10,25.3,25,4.18,34,92,medium,medium,10,6,63.4,8,1
Capstone Project (Sem 2),project,30,28,72.0,95,8.95,27,22,medium,low,3,1,19.7,-2,0
Internal Assessment,exam,3,1,37.1,45,6.78,37,58,medium,low,0,1,51.7,14,1
Mid-Semester Exam #4,exam,13,13,75.0,73,7.84,27,12,medium,medium,2,3,30.1,-3,0
Software Engineering Assignment #5,assignment,16,11,17.5,49,8.58,21,73,medium,low,4,0,29.3,-2,0
Mid-Semester Exam (Sem 4),exam,17,13,23.4,26,5.91,29,16,easy,critical,8,5,72.7,11,1
OS Lab - Process Scheduling,lab_experiment,17,12,18.1,70,4.73,18,100,hard,high,2,3,53.8,2,1
Machine Learning Assignment (Sem 4),assignment,26,26,76.3,68,6.87,43,26,easy,medium,1,6,33.7,-3,0
IoT Based Project (Sem 7),project,0,0,41.4,66,6.59,33,97,hard,high,2,3,76.1,3,1
Surprise Test,exam,25,21,49.6,21,7.06,30,65,medium,high,7,3,61.8,4,1
Networking Assignment #1,assignment,19,18,10.1,41,4.83,36,96,very_hard,high,5,2,76.4,10,1
IOT Lab Experiment,lab_experiment,6,2,70.4,41,6.62,32,90,hard,low,3,4,64.0,2,1
Research Project #4,project,12,8,55.8,52,5.03,10,34,medium,medium,5,0,45.6,4,1
AI Lab - Search Algorithms (Sem 1),lab_experiment,17,15,79.3,53,9.07,37,66,medium,medium,4,3,41.1,12,1
Viva Voce,exam,19,16,18.2,71,7.96,11,26,very_hard,critical,8,4,69.9,8,1
ML Model Project,project,6,6,27.9,26,5.86,47,58,medium,medium,10,3,68.5,6,1
Industry Internship Project (Sem 7),project,24,23,44.1,34,5.76,36,20,medium,low,5,5,56.8,4,1
AI Lab - Search Algorithms #1,lab_experiment,14,11,66.3,17,7.67,44,67,medium,medium,6,6,56.0,3,1
Software Engineering Assignment,assignment,32,28,19.4,48,6.64,48,72,medium,medium,1,0,33.2,-1,0
Computer Vision Lab (Sem 2),lab_experiment,24,24,42.1,90,4.33,5,37,hard,critical,0,4,52.5,12,1
Compiler Lab - Lexical Analysis #5,lab_experiment,28,23,10.0,62,5.19,13,16,medium,high,6,3,56.9,7,1
Online Quiz (Sem 2),exam,31,29,38.5,65,6.99,46,89,medium,medium,4,2,42.6,0,0
Weekly Test,exam,5,3,70.0,11,6.75,43,47,medium,high,9,0,74.1,7,1
DS Lab - Linked List,lab_experiment,4,0,69.0,92,8.69,18,27,hard,high,6,3,73.4,9,1
Open Source Contribution,project,0,0,19.1,49,9.64,26,17,hard,critical,5,1,86.8,5,1
OS Assignment,assignment,26,23,79.8,47,9.06,19,37,medium,high,4,4,49.5,6,1
Mobile App Development (Sem 4),project,24,20,34.0,88,4.42,6,79,medium,critical,10,5,63.0,10,1
Computer Vision Lab #4,lab_experiment,26,24,17.3,54,7.26,30,18,easy,high,7,3,50.2,0,0
Research Project #1,project,14,9,26.3,96,4.41,22,39,very_hard,low,3,5,52.0,9,1
AI Lab - Search Algorithms,lab_experiment,29,29,15.1,6,4.19,26,83,very_hard,medium,0,6,66.4,3,1
End-Semester Exam,exam,17,12,20.9,31,8.79,20,37,easy,medium,10,1,37.8,-1,0
Algorithms Assignment (Sem 2),assignment,21,18,69.8,50,4.97,9,71,hard,medium,10,6,62.9,12,1
Unit Test,exam,1,1,40.1,63,9.35,39,27,easy,medium,1,3,50.3,13,1
Mid-Semester Exam,exam,3,2,12.4,87,4.36,22,85,medium,low,6,5,59.8,11,1
End-Semester Exam #5,exam,8,5,8.3,44,6.91,32,50,very_hard,medium,6,6,77.4,9,1
Research Project (Sem 8),project,16,11,60.3,59,4.58,34,25,easy,high,9,1,50.6,14,1
Web Dev Assignment,assignment,24,21,51.3,0,4.76,46,66,hard,medium,2,5,67.6,5,1
Practical Exam (Sem 8),exam,29,27,76.0,0,8.2,5,38,hard,medium,10,6,62.5,1,1
ML Model Project (Sem 6),project,14,9,48.1,84,8.58,39,63,medium,high,4,4,44.1,0,0
Surprise Test,exam,11,6,46.9,21,6.27,30,74,medium,high,3,3,63.8,6,1
Weekly Test #5,exam,13,10,56.7,49,9.32,18,10,hard,medium,6,2,48.0,4,1
Machine Learning Assignment,assignment,5,4,28.3,58,6.22,21,19,easy,medium,4,6,50.5,4,1
Mid-Semester Exam #5,exam,16,11,52.1,56,5.39,23,82,easy,critical,6,1,58.1,3,1
Weekly Test,exam,10,6,13.0,87,9.8,8,71,very_hard,low,2,2,41.4,-1,0
ML Model Project (Sem 8),project,19,18,48.2,49,7.68,43,41,hard,high,10,1,55.5,13,1
DS Lab - Linked List (Sem 4),lab_experiment,10,6,36.2,54,7.32,18,80,hard,medium,9,6,66.0,9,1
Compiler Lab - Lexical Analysis #5,lab_experiment,10,6,69.8,55,9.8,11,58,medium,high,3,2,48.1,1,1
Industry Internship Project #5,project,20,17,19.4,80,6.16,12,84,hard,low,8,2,41.2,0,0
Networking Assignment,assignment,23,19,58.3,7,7.25,34,29,very_hard,low,10,5,72.0,7,1
Digital Electronics Lab #1,lab_experiment,15,12,37.1,56,8.84,39,62,very_hard,high,3,5,63.7,10,1
Mini Project (Sem 2),project,3,1,52.5,56,5.59,32,74,very_hard,high,9,1,96.0,4,1
Math Assignment #2,assignment,6,1,34.5,32,4.84,12,17,hard,medium,4,4,86.8,12,1
Capstone Project #2,project,7,3,43.4,99,7.63,44,78,hard,high,1,1,48.6,3,1
Mid-Semester Exam #4,exam,16,15,21.9,51,9.09,43,80,medium,high,6,5,56.1,12,1
Mid-Semester Exam,exam,22,17,56.8,29,7.05,50,98,medium,high,0,0,41.2,10,1
Mobile App Development (Sem 3),project,13,8,64.0,40,8.14,25,18,very_hard,high,4,4,66.5,13,1
Group Project - Web App #3,project,9,8,67.1,41,5.41,29,47,hard,medium,0,3,47.7,8,1
Capstone Project,project,9,4,34.9,48,8.38,10,51,very_hard,medium,0,0,44.4,3,1
Final Year Project #2,project,23,23,68.6,60,9.05,44,70,hard,high,9,1,53.4,14,1
Math Assignment #1,assignment,11,7,30.8,76,8.06,12,65,medium,critical,2,6,55.0,1,1
IoT Based Project,project,16,12,68.8,79,8.1,27,56,medium,critical,9,1,48.9,-2,0
AI Lab - Search Algorithms #3,lab_experiment,33,30,27.8,27,5.09,11,48,hard,medium,9,2,61.7,5,1
Networking Assignment (Sem 6),assignment,5,2,32.8,76,5.19,8,40,hard,medium,9,2,66.6,10,1
Web Dev Assignment (Sem 6),assignment,26,21,61.3,76,6.22,9,11,hard,high,3,3,49.7,2,1
DBMS Assignment #5,assignment,6,1,64.7,82,4.68,34,34,very_hard,high,9,6,99.0,10,1
Digital Electronics Lab #2,lab_experiment,11,10,44.1,66,7.5,42,82,medium,medium,3,0,30.0,-2,0
Mid-Semester Exam,exam,18,16,4.7,49,9.19,40,34,hard,high,2,5,54.2,7,1
Algorithms Assignment (Sem 6),assignment,20,16,34.3,33,7.68,40,18,medium,medium,0,4,35.4,-2,0
IoT Based Project,project,20,19,72.5,82,9.07,8,97,very_hard,medium,7,2,48.4,0,0
Math Assignment,assignment,7,7,68.8,93,4.28,28,60,very_hard,high,4,2,70.2,11,1
Mini Project,project,9,4,62.5,28,9.5,8,63,medium,medium,6,3,54.2,14,1
Math Assignment (Sem 6),assignment,4,0,68.4,82,6.24,34,64,medium,medium,9,1,64.0,14,1
Industry Internship Project (Sem 2),project,12,9,22.1,59,4.91,41,85,easy,low,2,0,28.3,0,0
Computer Graphics Assignment,assignment,17,14,72.6,34,6.98,24,33,medium,high,2,0,43.6,2,1
Computer Graphics Assignment #1,assignment,23,20,61.2,17,5.41,33,34,very_hard,critical,1,6,82.9,4,1
OS Lab - Process Scheduling,lab_experiment,10,8,78.3,31,6.94,5,36,medium,medium,3,5,48.3,-2,0
ML Model Project #2,project,13,10,77.2,70,6.36,39,14,hard,critical,8,0,61.9,1,1
Math Assignment (Sem 6),assignment,25,24,44.0,41,6.81,28,16,very_hard,critical,4,1,73.6,11,1
Weekly Test (Sem 2),exam,20,20,76.9,58,7.73,50,45,hard,high,1,6,50.4,5,1
Math Assignment #1,assignment,16,13,8.3,76,7.95,26,42,easy,low,0,6,17.4,0,0
Online Quiz #2,exam,17,13,44.7,37,9.14,25,95,medium,high,10,5,57.1,7,1
IOT Lab Experiment #4,lab_experiment,15,11,50.0,45,7.71,7,31,hard,medium,2,1,36.7,-3,0
Research Project #2,project,12,8,67.9,78,7.88,38,92,medium,medium,2,4,32.2,-2,0
Group Project - Web App (Sem 1),project,12,11,16.9,84,6.16,45,35,easy,critical,5,3,53.7,2,1
Web Dev Assignment #1,assignment,18,16,38.5,38,5.84,41,34,medium,high,3,6,62.5,10,1
Web Dev Assignment (Sem 2),assignment,25,22,45.0,21,6.08,39,53,hard,medium,4,5,63.7,4,1
Networking Assignment #3,assignment,4,0,36.3,57,5.64,33,34,hard,low,10,3,79.9,2,1
IoT Based Project #4,project,19,15,46.2,7,6.31,37,41,hard,medium,5,0,59.3,2,1
Computer Graphics Assignment #3,assignment,10,10,47.2,84,4.76,11,57,very_hard,medium,6,1,56.3,5,1
Mid-Semester Exam,exam,24,21,4.8,83,8.0,21,87,very_hard,medium,5,1,47.5,4,1
IoT Based Project,project,28,26,31.1,12,5.66,48,23,medium,critical,1,2,64.4,8,1
DS Lab - Linked List (Sem 7),lab_experiment,8,8,58.2,11,5.21,9,90,medium,low,9,0,48.7,8,1
Computer Graphics Assignment (Sem 8),assignment,8,3,76.6,44,4.61,42,55,easy,high,10,2,71.4,6,1
Digital Electronics Lab #4,lab_experiment,17,17,76.5,59,5.05,30,64,hard,high,8,0,60.2,9,1
Internal Assessment #5,exam,30,26,25.6,17,9.15,50,31,very_hard,high,0,6,63.6,10,1
Web Dev Assignment (Sem 5),assignment,32,29,22.8,43,4.02,6,94,easy,high,4,2,50.0,12,1
Computer Graphics Assignment (Sem 1),assignment,6,2,38.9,27,4.32,16,73,hard,medium,2,6,74.2,8,1
Network Lab - Packet Analysis,lab_experiment,29,26,49.4,41,4.36,18,28,very_hard,medium,0,2,52.6,10,1
Algorithms Assignment #4,assignment,8,6,67.6,21,6.51,47,56,medium,medium,5,6,68.5,4,1
Group Project - Web App,project,11,6,53.0,78,7.52,23,28,medium,high,0,5,41.7,-3,0
Research Project,project,24,22,8.1,83,8.2,12,59,medium,high,9,4,44.6,14,1
Networking Assignment #4,assignment,14,9,4.9,82,9.87,15,99,medium,medium,2,3,27.1,-3,0
Software Engineering Assignment,assignment,10,6,21.5,46,9.11,43,88,easy,high,5,4,58.1,5,1
Module Exam,exam,10,10,51.6,35,9.2,25,32,hard,high,7,2,58.5,7,1
Practical Exam (Sem 3),exam,31,27,54.2,79,8.03,32,35,medium,medium,6,3,38.4,-1,0
Final Year Project (Sem 2),project,0,0,14.2,80,4.43,19,92,hard,high,8,3,85.9,6,1
AI Lab - Search Algorithms #2,lab_experiment,14,9,41.4,42,5.73,26,68,medium,medium,10,1,51.2,10,1
Open Source Contribution #2,project,6,4,69.5,27,4.22,17,53,hard,critical,5,1,83.3,2,1
End-Semester Exam (Sem 4),exam,12,9,34.2,2,9.64,32,78,hard,high,2,5,62.8,5,1
Mini Project #3,project,13,13,2.4,5,7.99,9,14,hard,high,2,1,51.9,2,1
DS Lab - Linked List #5,lab_experiment,4,3,8.6,53,7.58,19,27,easy,high,4,0,50.3,5,1
Network Lab - Packet Analysis (Sem 4),lab_experiment,7,4,59.8,95,4.77,23,43,medium,critical,1,2,53.3,11,1
Algorithms Assignment (Sem 2),assignment,15,12,43.9,56,6.96,37,14,hard,critical,10,0,64.5,11,1
Surprise Test,exam,17,13,24.6,25,9.44,50,97,medium,medium,4,3,48.0,-3,0
DS Lab - Linked List,lab_experiment,3,1,36.1,72,6.73,16,35,hard,low,4,2,65.2,6,1
IOT Lab Experiment #5,lab_experiment,21,20,50.8,0,9.28,18,52,medium,low,10,4,49.8,4,1
Computer Graphics Assignment (Sem 7),assignment,19,19,48.4,47,4.07,49,81,medium,critical,6,4,73.5,10,1
Digital Electronics Lab (Sem 2),lab_experiment,20,18,45.4,87,6.76,29,25,easy,critical,1,4,41.5,-3,0
DBMS Assignment #3,assignment,10,10,40.1,41,7.12,30,37,very_hard,critical,3,2,72.8,4,1
Network Lab - Packet Analysis,lab_experiment,20,16,48.8,52,9.78,37,65,hard,critical,5,6,70.3,9,1
Internal Assessment #1,exam,5,5,5.7,85,8.16,27,20,medium,high,7,1,47.7,13,1
IoT Based Project,project,2,0,28.9,63,4.4,7,36,hard,critical,2,3,87.1,6,1
Final Year Project (Sem 6),project,16,12,36.7,24,9.93,38,48,medium,critical,3,0,53.0,5,1
Practical Exam,exam,16,11,69.7,70,6.6,32,27,hard,high,9,4,61.2,2,1
Algorithms Assignment #1,assignment,5,3,59.9,37,4.01,8,81,medium,high,3,5,74.4,5,1
ML Model Project,project,28,25,21.1,23,5.03,31,48,medium,medium,4,5,60.5,4,1
AI Lab - Search Algorithms (Sem 4),lab_experiment,34,29,32.4,37,4.76,6,78,very_hard,medium,10,2,67.2,3,1
Internal Assessment (Sem 7),exam,22,20,60.4,23,6.71,32,74,very_hard,low,1,4,54.6,11,1
DBMS Assignment #2,assignment,12,12,74.9,20,8.68,39,15,hard,medium,2,0,42.9,0,0
Computer Graphics Assignment #4,assignment,27,27,66.7,87,5.91,9,19,medium,high,3,0,39.5,0,0
DBMS Assignment,assignment,19,15,38.4,68,6.34,24,92,medium,high,5,4,53.8,8,1
Compiler Lab - Lexical Analysis,lab_experiment,16,15,3.8,14,5.94,20,39,easy,low,2,2,39.2,0,0
ML Model Project,project,7,6,6.5,12,6.14,43,63,medium,high,8,6,76.9,13,1
Unit Test (Sem 7),exam,14,13,7.9,38,9.3,6,85,very_hard,high,3,5,64.0,11,1
Surprise Test,exam,14,11,51.6,25,9.15,50,58,medium,low,6,2,44.0,0,0
Compiler Lab - Lexical Analysis #1,lab_experiment,6,5,41.7,81,4.81,13,51,hard,high,8,5,72.1,6,1
Computer Vision Lab (Sem 4),lab_experiment,12,8,68.1,45,9.84,34,50,medium,critical,3,2,52.4,3,1
Computer Graphics Assignment (Sem 1),assignment,14,12,1.5,55,5.73,14,35,very_hard,critical,10,0,75.4,6,1
Mid-Semester Exam #2,exam,18,14,17.1,57,9.34,5,23,medium,low,10,0,29.1,-2,0
Surprise Test,exam,27,27,54.4,16,6.28,43,90,medium,high,6,2,62.1,3,1
Research Project #1,project,32,30,55.1,36,5.22,36,63,medium,critical,7,4,74.4,7,1
ML Model Project (Sem 8),project,28,27,31.5,65,6.45,17,10,very_hard,low,3,1,44.7,4,1
IOT Lab Experiment,lab_experiment,29,26,1.1,82,9.7,47,71,easy,high,1,2,27.3,-1,0
Machine Learning Assignment #3,assignment,26,23,29.0,15,9.85,7,36,medium,high,5,5,59.7,3,1
Final Year Project,project,19,16,45.7,90,6.42,24,20,hard,high,6,3,54.4,2,1
Surprise Test,exam,25,23,76.3,57,7.17,7,80,medium,high,0,3,37.3,-3,0
OS Lab - Process Scheduling (Sem 5),lab_experiment,26,23,59.2,93,9.76,9,20,easy,low,3,0,11.3,-2,0
Digital Electronics Lab (Sem 6),lab_experiment,27,27,55.8,17,7.56,14,14,medium,low,0,6,33.0,-2,0
Compiler Lab - Lexical Analysis,lab_experiment,11,7,43.7,86,6.16,11,99,easy,medium,9,4,44.9,8,1
Group Project - Web App (Sem 8),project,8,5,44.6,59,6.34,33,78,hard,medium,0,5,51.5,9,1
Unit Test #2,exam,10,10,25.1,87,5.56,37,58,medium,medium,0,3,32.3,-2,0
Software Engineering Assignment #5,assignment,26,21,77.9,71,7.82,41,88,hard,high,7,1,50.9,1,1
Computer Vision Lab,lab_experiment,6,6,61.0,66,5.63,46,37,hard,critical,1,4,72.4,12,1
OS Assignment,assignment,29,28,2.7,43,9.97,34,45,hard,medium,4,2,47.8,-2,0
IOT Lab Experiment (Sem 3),lab_experiment,22,17,77.2,18,8.24,22,93,medium,critical,6,0,58.6,11,1
Industry Internship Project,project,8,8,42.1,67,8.6,12,93,hard,medium,3,4,41.8,-3,0
IOT Lab Experiment #1,lab_experiment,27,22,24.2,4,5.46,31,30,easy,critical,5,4,75.3,5,1
Math Assignment (Sem 6),assignment,10,6,28.6,55,5.41,36,76,easy,high,6,2,61.6,13,1
Online Quiz #4,exam,4,3,14.5,79,4.35,11,17,very_hard,high,10,0,77.3,6,1
End-Semester Exam (Sem 6),exam,2,2,66.3,6,4.56,29,15,easy,high,5,1,75.7,6,1
Open Source Contribution,project,27,25,77.0,68,4.68,13,98,medium,medium,1,3,36.7,0,0
Mobile App Development #1,project,6,3,45.3,23,6.78,45,81,hard,critical,8,6,96.9,11,1
Mini Project (Sem 2),project,10,6,19.1,63,8.02,33,15,medium,low,10,6,48.7,13,1
Weekly Test (Sem 1),exam,17,17,15.6,66,4.99,11,37,easy,low,4,6,39.9,-2,0
End-Semester Exam,exam,10,8,25.4,72,6.79,45,85,medium,high,9,3,53.1,4,1
Surprise Test,exam,21,18,34.2,92,8.38,19,41,medium,low,4,0,20.5,-1,0
OS Assignment,assignment,3,0,62.3,49,4.42,5,59,hard,low,10,5,82.7,7,1
Online Quiz (Sem 3),exam,4,0,42.3,16,7.19,38,19,medium,medium,9,3,81.6,10,1
DS Lab - Linked List #3,lab_experiment,3,1,30.2,18,9.1,24,73,hard,low,3,6,74.8,10,1
Group Project - Web App,project,26,22,6.9,0,9.7,22,84,hard,medium,1,3,48.2,12,1
DS Lab - Linked List,lab_experiment,14,14,56.2,49,6.54,38,58,medium,medium,1,5,42.0,-1,0
Compiler Lab - Lexical Analysis (Sem 5),lab_experiment,28,23,5.0,39,6.89,28,98,medium,high,2,6,53.0,7,1
Online Quiz (Sem 7),exam,8,8,54.8,40,6.37,31,68,easy,medium,1,0,28.1,-3,0
OS Lab - Process Scheduling,lab_experiment,21,16,52.9,88,6.03,38,82,easy,medium,6,3,37.2,-2,0
Research Project,project,14,11,34.3,44,4.17,50,40,easy,critical,9,6,71.2,11,1
Module Exam,exam,19,16,54.1,85,8.15,38,34,hard,high,3,2,43.8,3,1
Computer Vision Lab (Sem 8),lab_experiment,12,11,11.3,15,8.15,5,18,hard,medium,9,4,57.5,10,1
OS Lab - Process Scheduling #5,lab_experiment,0,0,20.5,53,6.07,24,94,hard,high,1,2,72.8,1,1
Online Quiz,exam,28,26,36.6,62,4.22,43,15,hard,high,2,5,61.9,8,1
Algorithms Assignment #4,assignment,19,19,62.4,97,7.45,12,76,hard,high,6,2,49.8,9,1
Embedded Systems Lab (Sem 7),lab_experiment,32,29,7.3,89,5.16,33,95,very_hard,critical,7,5,80.5,8,1
Unit Test (Sem 7),exam,34,29,46.1,38,9.6,16,98,medium,low,4,5,41.0,0,0
Algorithms Assignment #1,assignment,11,10,63.8,96,8.94,7,56,easy,medium,7,2,25.5,-1,0
Math Assignment #4,assignment,13,9,7.3,95,9.71,39,78,hard,critical,7,4,59.9,10,1
Mid-Semester Exam (Sem 4),exam,7,3,16.9,59,4.37,22,20,medium,low,1,1,45.4,5,1
Internal Assessment (Sem 3),exam,21,21,74.9,39,4.1,29,32,medium,medium,10,5,60.1,4,1
Weekly Test #2,exam,22,21,39.0,29,5.4,37,94,hard,medium,5,6,69.9,5,1
Online Quiz,exam,31,30,67.0,95,9.65,7,86,medium,critical,6,4,49.7,0,0
Web Dev Assignment,assignment,28,25,45.7,0,7.44,9,98,very_hard,high,10,5,82.9,11,1
Online Quiz,exam,14,14,48.1,47,4.71,7,37,hard,medium,2,2,48.3,8,1
Research Project (Sem 1),project,24,20,3.7,67,4.16,34,85,very_hard,medium,0,0,45.0,13,1
Algorithms Assignment,assignment,14,11,68.3,98,6.29,20,15,very_hard,medium,7,1,49.4,8,1
Online Quiz,exam,5,5,36.6,69,7.41,40,37,hard,low,3,3,50.2,1,1
Networking Assignment (Sem 7),assignment,23,23,77.4,85,6.74,5,95,hard,low,4,4,40.5,10,1
Network Lab - Packet Analysis #2,lab_experiment,31,29,34.2,60,7.67,22,58,medium,medium,3,6,39.2,-2,0
End-Semester Exam,exam,18,13,78.2,77,7.05,40,14,very_hard,medium,7,6,63.6,11,1
Online Quiz (Sem 6),exam,26,23,44.4,50,8.93,28,21,hard,high,4,1,50.8,0,0
AI Lab - Search Algorithms (Sem 3),lab_experiment,24,19,45.2,46,4.55,27,28,easy,medium,3,2,41.5,-3,0
Machine Learning Assignment (Sem 8),assignment,13,12,21.5,80,4.41,23,81,very_hard,high,7,2,67.3,8,1
Group Project - Web App (Sem 8),project,23,23,76.4,2,5.16,38,78,medium,high,2,3,62.4,8,1
Final Year Project #4,project,26,21,62.8,93,9.52,5,52,hard,low,5,3,34.9,-1,0
Research Project #2,project,8,6,62.0,42,4.56,30,50,hard,medium,1,1,54.6,2,1
End-Semester Exam (Sem 3),exam,23,19,51.7,61,7.74,39,65,hard,medium,1,5,41.7,5,1
Mobile App Development #1,project,5,0,28.6,30,7.68,34,14,easy,critical,5,2,81.4,12,1
Network Lab - Packet Analysis,lab_experiment,24,23,21.8,49,9.74,28,52,easy,high,9,2,44.0,12,1
Open Source Contribution #4,project,6,3,43.9,17,4.03,16,30,hard,medium,1,0,63.2,4,1
Machine Learning Assignment,assignment,7,2,23.0,66,4.31,39,42,medium,high,5,2,71.7,8,1
Group Project - Web App,project,18,17,19.1,77,4.41,13,94,hard,low,10,1,44.9,0,0
Industry Internship Project #3,project,22,18,51.6,67,5.63,43,76,hard,medium,2,4,51.9,13,1
IoT Based Project #5,project,14,13,38.5,82,5.14,8,90,easy,critical,6,6,59.4,10,1
Practical Exam (Sem 1),exam,4,1,32.5,3,7.44,34,77,easy,low,6,1,69.8,14,1
ML Model Project (Sem 6),project,32,28,73.8,75,7.32,16,44,medium,medium,3,0,30.6,-2,0
Unit Test #1,exam,13,9,20.4,72,8.96,42,76,easy,low,2,0,15.8,-2,0
Math Assignment (Sem 3),assignment,25,21,29.0,26,6.3,22,14,medium,high,6,5,64.0,6,1
DS Lab - Linked List,lab_experiment,28,24,68.9,57,6.99,28,19,hard,high,3,1,51.4,3,1
Final Year Project #4,project,27,24,41.2,36,5.44,32,69,very_hard,critical,4,3,84.0,5,1
DBMS Lab - SQL Queries,lab_experiment,7,6,44.0,84,8.85,21,41,medium,medium,7,1,40.3,-3,0
Module Exam,exam,22,19,71.0,35,8.57,43,88,medium,low,4,1,36.3,-3,0
DBMS Lab - SQL Queries #2,lab_experiment,34,30,40.6,66,5.17,44,31,hard,low,8,0,48.2,5,1
DBMS Assignment,assignment,24,21,36.6,7,6.74,44,100,hard,critical,10,6,85.0,11,1
AI Lab - Search Algorithms #3,lab_experiment,26,23,26.7,77,9.78,9,23,medium,low,6,6,35.5,0,0
DBMS Lab - SQL Queries #1,lab_experiment,8,5,64.5,40,7.61,32,39,hard,medium,6,4,63.2,5,1
Module Exam,exam,29,25,2.2,44,7.33,27,74,hard,low,3,5,49.9,3,1
IoT Based Project #1,project,20,20,48.9,49,5.83,12,10,easy,medium,7,6,51.4,3,1
Web Dev Assignment #2,assignment,34,29,71.4,91,7.83,41,73,easy,high,5,4,40.9,12,1
OS Assignment (Sem 7),assignment,22,20,18.4,84,9.97,20,54,medium,low,5,6,35.2,-3,0
DBMS Lab - SQL Queries (Sem 2),lab_experiment,15,15,55.2,0,4.24,13,32,easy,low,3,1,42.3,12,1
OS Lab - Process Scheduling (Sem 4),lab_experiment,24,22,31.3,98,4.3,41,77,easy,medium,1,6,32.5,0,0
Data Structures Assignment #1,assignment,31,27,15.3,59,8.95,41,88,hard,high,7,1,53.3,10,1
Software Engineering Assignment,assignment,26,23,41.7,80,8.37,28,69,hard,high,2,3,42.8,4,1
Software Engineering Assignment #1,assignment,2,1,55.4,43,4.09,17,26,hard,high,0,5,82.1,12,1
Unit Test (Sem 2),exam,33,30,49.1,32,8.67,45,50,medium,medium,8,3,49.1,7,1
Mobile App Development (Sem 7),project,27,27,23.0,91,7.03,5,12,easy,critical,0,6,37.3,-3,0
IOT Lab Experiment #3,lab_experiment,18,16,39.6,12,4.1,35,40,medium,low,2,1,44.1,6,1
DS Lab - Linked List,lab_experiment,25,20,12.2,26,8.32,22,52,easy,medium,1,3,31.0,0,0
IoT Based Project #4,project,2,2,56.2,6,4.21,27,86,easy,critical,8,3,87.5,3,1
Weekly Test (Sem 4),exam,11,6,76.4,38,7.05,41,20,medium,low,9,5,59.5,11,1
Group Project - Web App (Sem 6),project,16,11,28.7,67,4.29,6,74,medium,medium,5,3,48.2,-1,0
Networking Assignment (Sem 4),assignment,27,23,11.7,24,6.95,47,78,medium,medium,8,5,59.9,6,1
OS Assignment,assignment,18,16,57.5,86,5.79,11,80,very_hard,low,3,1,44.9,7,1
Practical Exam,exam,18,15,20.7,62,7.97,9,16,medium,low,0,2,17.5,-1,0
Mini Project (Sem 8),project,7,7,50.5,68,4.93,29,31,hard,medium,5,3,65.3,14,1
Software Engineering Assignment,assignment,19,16,49.7,49,4.06,28,59,medium,high,1,6,53.0,12,1
Digital Electronics Lab,lab_experiment,22,22,79.0,40,7.02,24,38,medium,high,0,4,44.4,0,0
Internal Assessment,exam,5,3,46.7,17,7.01,42,62,very_hard,low,10,3,81.8,2,1
IoT Based Project,project,10,8,53.1,75,9.76,22,95,hard,low,6,6,44.2,-2,0
Practical Exam,exam,1,0,64.2,44,7.21,47,99,hard,high,5,3,90.9,11,1
AI Lab - Search Algorithms (Sem 2),lab_experiment,27,27,41.0,44,9.06,23,81,very_hard,medium,1,4,49.5,-2,0
Research Project (Sem 8),project,26,25,23.8,63,7.5,48,90,hard,low,8,0,39.2,-3,0
Capstone Project #1,project,21,21,10.4,28,5.71,16,16,very_hard,medium,3,3,66.0,2,1
ML Model Project #3,project,6,3,50.5,8,7.01,45,77,easy,high,0,6,64.9,1,1
Networking Assignment (Sem 1),assignment,21,20,58.0,35,8.95,42,12,medium,low,1,5,35.2,-2,0
DBMS Lab - SQL Queries (Sem 2),lab_experiment,7,4,61.7,18,5.6,20,92,medium,medium,4,2,62.4,7,1
Machine Learning Assignment (Sem 7),assignment,18,18,30.5,88,7.81,17,36,very_hard,critical,9,6,69.1,8,1
Weekly Test #1,exam,19,16,59.6,88,4.71,16,99,hard,high,8,6,63.0,4,1
Digital Electronics Lab #2,lab_experiment,13,13,45.8,68,7.81,42,58,medium,low,6,3,36.6,0,0
Software Engineering Assignment (Sem 3),assignment,25,22,69.7,86,4.16,37,91,medium,high,5,3,54.5,13,1
Module Exam (Sem 6),exam,17,14,53.4,40,7.6,34,72,medium,medium,10,6,50.4,13,1
Data Structures Assignment,assignment,26,23,42.4,24,7.93,20,70,medium,critical,9,1,59.2,5,1
ML Model Project #1,project,19,15,40.5,43,6.69,33,41,hard,medium,5,2,55.7,14,1
Final Year Project,project,15,14,11.7,31,5.31,45,52,medium,medium,8,4,61.3,3,1
DBMS Assignment #2,assignment,27,24,32.5,96,5.31,37,76,medium,medium,10,0,39.5,0,0
Computer Graphics Assignment,assignment,11,6,53.3,10,6.07,23,38,hard,medium,1,4,61.3,14,1
ML Model Project (Sem 1),project,19,17,43.8,50,6.93,12,100,medium,high,4,4,53.2,9,1
Surprise Test #4,exam,9,6,30.5,100,9.84,8,88,medium,medium,2,5,34.8,0,0
Research Project (Sem 1),project,22,19,14.0,85,6.95,10,41,easy,low,6,3,30.0,0,0
OS Assignment (Sem 2),assignment,14,14,37.7,0,5.61,26,88,hard,high,0,3,62.6,13,1
Machine Learning Assignment,assignment,5,5,20.1,71,7.5,30,14,medium,low,4,3,39.8,-3,0
Web Dev Assignment,assignment,33,30,72.0,32,9.47,22,62,hard,medium,4,2,48.8,2,1
DS Lab - Linked List #2,lab_experiment,18,18,33.8,96,5.81,44,21,medium,medium,3,0,34.2,-2,0
Group Project - Web App (Sem 7),project,13,9,32.6,2,4.33,23,43,medium,low,5,6,61.9,11,1
OS Assignment #5,assignment,12,11,32.4,59,4.12,30,93,medium,medium,10,6,56.2,11,1
Capstone Project,project,8,8,25.4,43,4.9,22,80,very_hard,medium,9,0,63.6,11,1
Internal Assessment (Sem 1),exam,5,0,22.0,44,8.41,9,76,medium,critical,6,1,79.1,10,1
Computer Vision Lab #3,lab_experiment,4,3,12.4,58,4.51,7,48,hard,high,2,3,70.1,13,1
Internal Assessment #5,exam,22,22,58.9,71,4.59,15,92,easy,low,9,0,32.3,0,0
DS Lab - Linked List (Sem 3),lab_experiment,10,7,11.0,74,9.98,13,80,medium,medium,1,0,27.5,-2,0
Surprise Test (Sem 3),exam,29,24,72.9,27,4.02,6,64,easy,medium,8,0,45.2,-2,0
AI Lab - Search Algorithms #3,lab_experiment,19,15,8.1,57,6.4,48,83,medium,medium,1,0,31.4,0,0
Computer Vision Lab,lab_experiment,35,30,26.8,15,5.49,18,56,medium,critical,3,2,66.8,7,1
Digital Electronics Lab (Sem 3),lab_experiment,11,9,56.1,81,4.13,22,98,easy,medium,4,6,43.0,8,1
Mini Project (Sem 3),project,25,21,43.5,9,7.22,13,47,medium,medium,1,3,43.5,4,1
Research Project,project,10,6,35.1,82,5.71,49,94,hard,medium,3,1,54.5,12,1
DS Lab - Linked List #2,lab_experiment,8,5,16.8,71,8.35,30,75,hard,low,4,0,40.8,-1,0
Unit Test (Sem 8),exam,11,8,28.4,0,5.67,34,46,hard,medium,4,1,64.4,5,1
End-Semester Exam #1,exam,20,18,53.8,4,6.32,25,33,hard,medium,9,1,60.7,11,1
AI Lab - Search Algorithms (Sem 5),lab_experiment,18,17,22.9,47,4.71,42,57,medium,low,8,5,54.8,12,1
Capstone Project #3,project,9,4,44.0,15,8.46,47,67,easy,medium,2,2,44.7,13,1
OS Assignment,assignment,2,0,16.4,57,6.66,12,43,hard,medium,7,1,73.8,5,1
Surprise Test,exam,12,11,74.1,96,8.11,48,40,easy,high,8,1,34.6,-3,0
Machine Learning Assignment (Sem 1),assignment,20,15,40.7,0,7.56,37,33,easy,low,2,2,33.7,-2,0
Data Structures Assignment,assignment,11,6,28.3,33,6.95,10,37,easy,low,9,1,44.4,-3,0
Compiler Lab - Lexical Analysis,lab_experiment,30,25,73.2,21,6.88,40,27,hard,high,9,6,73.8,10,1
Compiler Lab - Lexical Analysis,lab_experiment,8,5,63.4,29,5.07,15,48,easy,low,10,3,54.7,8,1
Data Structures Assignment (Sem 8),assignment,6,3,9.4,44,4.3,29,79,medium,medium,0,4,57.1,9,1
Surprise Test (Sem 1),exam,10,10,75.7,10,8.68,13,92,very_hard,medium,6,0,59.3,1,1
ML Model Project,project,6,3,9.7,74,9.39,20,61,medium,critical,7,1,64.2,8,1
Compiler Lab - Lexical Analysis,lab_experiment,6,4,48.6,54,7.04,38,98,medium,high,2,4,57.0,11,1
Open Source Contribution,project,12,10,78.2,84,9.16,41,98,hard,medium,9,4,47.3,13,1
Weekly Test #1,exam,26,21,40.2,5,6.81,10,86,hard,high,0,1,51.0,6,1
DS Lab - Linked List #4,lab_experiment,20,19,10.0,60,5.08,22,11,very_hard,high,1,2,59.2,6,1
Mobile App Development (Sem 2),project,22,20,53.7,69,6.8,29,24,easy,medium,1,0,22.1,-1,0
Surprise Test (Sem 3),exam,25,22,26.7,74,6.01,35,36,medium,high,6,2,49.7,9,1
Algorithms Assignment,assignment,28,25,72.2,2,9.95,5,99,easy,medium,1,6,38.1,-3,0
Software Engineering Assignment,assignment,10,8,19.6,49,6.08,21,82,hard,medium,10,4,57.3,10,1
Computer Graphics Assignment #4,assignment,5,2,48.3,44,5.71,20,61,hard,critical,0,5,80.2,4,1
Practical Exam (Sem 5),exam,34,30,17.2,36,7.7,8,77,easy,critical,0,0,33.6,0,0
Online Quiz (Sem 2),exam,22,17,18.1,24,4.51,35,85,very_hard,low,6,2,67.7,1,1
OS Lab - Process Scheduling,lab_experiment,14,10,65.7,72,4.16,32,45,easy,low,6,3,39.8,-3,0
Computer Graphics Assignment (Sem 8),assignment,14,12,8.7,41,7.63,6,79,medium,medium,7,2,41.4,-1,0
Practical Exam (Sem 4),exam,6,6,42.5,93,6.61,50,52,medium,high,3,2,49.4,8,1
DBMS Assignment,assignment,20,15,73.9,80,8.45,29,100,hard,medium,0,0,23.9,0,0
Networking Assignment (Sem 8),assignment,28,24,10.5,94,6.54,20,32,medium,critical,8,0,48.2,-3,0
DBMS Assignment #4,assignment,5,3,68.3,69,4.18,37,44,medium,medium,7,3,65.9,13,1
Data Structures Assignment #3,assignment,22,19,70.7,40,6.98,16,53,medium,critical,8,2,62.6,13,1
Industry Internship Project (Sem 2),project,12,12,21.1,78,4.11,9,94,hard,low,9,0,42.3,-1,0
Viva Voce,exam,25,20,74.0,18,8.97,31,54,medium,critical,9,3,65.5,14,1
Computer Vision Lab #1,lab_experiment,17,12,32.8,45,8.21,21,92,medium,low,3,0,27.1,-1,0
Industry Internship Project,project,14,12,62.9,8,4.61,13,45,medium,low,7,3,55.7,9,1
Embedded Systems Lab,lab_experiment,25,21,34.3,65,4.29,11,82,easy,low,1,6,31.1,0,0
Research Project #2,project,8,5,1.1,59,9.98,33,32,very_hard,medium,8,0,59.5,14,1
Network Lab - Packet Analysis,lab_experiment,15,10,63.7,17,8.95,5,20,hard,critical,8,1,66.1,4,1
Network Lab - Packet Analysis,lab_experiment,15,10,18.6,35,8.98,30,70,hard,low,7,0,43.0,-1,0
DS Lab - Linked List #1,lab_experiment,14,12,56.1,28,5.94,31,32,very_hard,critical,8,3,88.5,6,1
DBMS Lab - SQL Queries (Sem 5),lab_experiment,30,29,19.8,36,7.38,12,54,easy,high,9,3,52.0,-1,0
Module Exam #4,exam,13,12,52.3,26,8.31,18,26,easy,medium,8,5,46.6,-3,0
Final Year Project,project,31,26,66.1,42,6.02,21,96,easy,low,5,0,33.7,-2,0
Machine Learning Assignment (Sem 4),assignment,8,6,2.2,83,4.47,41,19,hard,medium,5,5,67.5,6,1
Mobile App Development,project,12,11,33.5,13,4.61,12,27,easy,medium,5,5,58.6,8,1
End-Semester Exam #4,exam,15,11,58.0,22,5.25,5,16,very_hard,low,2,1,54.1,4,1
Mini Project #4,project,8,7,53.3,24,8.42,49,55,very_hard,high,9,4,83.1,8,1
DBMS Lab - SQL Queries #1,lab_experiment,8,4,13.8,96,9.07,44,97,hard,high,6,6,62.2,8,1
ML Model Project (Sem 1),project,35,30,56.2,14,8.37,10,73,very_hard,high,3,0,59.2,1,1
Data Structures Assignment,assignment,35,30,61.5,50,4.22,26,33,hard,low,9,2,53.6,14,1
Mobile App Development (Sem 7),project,11,11,2.6,70,9.05,27,36,medium,high,2,3,37.7,-2,0
Computer Vision Lab #1,lab_experiment,26,25,15.3,34,7.17,39,12,medium,critical,9,6,72.1,12,1
IoT Based Project #4,project,12,10,17.9,45,9.78,15,80,hard,medium,3,6,48.5,2,1
AI Lab - Search Algorithms #3,lab_experiment,16,14,47.0,87,9.82,9,19,medium,high,4,5,42.5,0,0
Machine Learning Assignment,assignment,11,6,57.4,86,5.63,41,47,medium,high,10,6,66.9,5,1
Module Exam (Sem 7),exam,30,25,25.5,42,4.48,21,32,easy,medium,2,4,42.7,-3,0
Unit Test #4,exam,3,2,17.0,74,4.51,19,78,easy,medium,4,5,59.1,7,1
DBMS Assignment #2,assignment,10,8,59.4,81,9.52,26,83,hard,high,7,1,47.4,14,1
Software Engineering Assignment (Sem 8),assignment,32,27,18.2,79,9.78,34,81,easy,critical,9,5,52.6,4,1
Online Quiz,exam,6,1,38.8,27,7.38,43,21,hard,high,9,1,89.9,9,1
Digital Electronics Lab (Sem 2),lab_experiment,31,26,17.7,92,5.92,33,40,hard,medium,10,2,50.9,6,1
Math Assignment (Sem 7),assignment,5,3,8.4,11,5.59,13,68,very_hard,medium,10,3,90.1,3,1
Web Dev Assignment (Sem 3),assignment,19,14,15.0,29,8.91,12,49,medium,medium,5,0,40.4,-1,0
IoT Based Project,project,11,9,31.4,27,5.46,21,51,medium,medium,0,0,36.7,-2,0
Network Lab - Packet Analysis (Sem 5),lab_experiment,4,3,7.2,6,9.76,43,41,easy,high,9,5,75.1,4,1
Computer Graphics Assignment,assignment,22,22,14.0,39,9.26,36,64,medium,high,7,0,47.8,0,0
Digital Electronics Lab #2,lab_experiment,25,22,36.4,7,8.1,6,95,easy,critical,10,3,60.2,8,1
Compiler Lab - Lexical Analysis,lab_experiment,16,11,66.5,44,7.55,12,28,easy,medium,3,0,26.4,-3,0
Compiler Lab - Lexical Analysis (Sem 5),lab_experiment,9,6,58.6,49,6.58,19,69,easy,medium,5,3,51.1,5,1
Mid-Semester Exam #2,exam,17,16,15.5,9,7.72,21,52,very_hard,high,7,1,69.3,1,1
Practical Exam,exam,6,3,65.0,94,8.42,40,51,very_hard,medium,0,1,47.2,7,1
Practical Exam (Sem 6),exam,27,26,58.5,6,6.78,14,81,medium,high,9,1,59.2,10,1
Digital Electronics Lab #5,lab_experiment,20,16,42.7,12,4.19,45,96,medium,high,2,4,63.1,6,1
Viva Voce #2,exam,10,5,17.7,54,4.62,21,22,medium,high,3,5,65.3,8,1
Web Dev Assignment #2,assignment,23,22,71.8,5,9.25,47,91,very_hard,low,10,4,66.7,5,1
Web Dev Assignment (Sem 4),assignment,32,29,38.4,71,7.08,10,16,very_hard,medium,9,0,51.8,6,1
Math Assignment #3,assignment,20,17,42.3,81,4.26,11,49,medium,low,0,5,29.9,0,0
Industry Internship Project #3,project,25,22,49.2,20,4.8,12,92,easy,high,9,0,54.2,11,1
Software Engineering Assignment (Sem 5),assignment,2,0,56.2,51,8.14,19,11,hard,high,9,2,79.7,8,1
Algorithms Assignment (Sem 6),assignment,29,25,15.7,64,5.81,34,58,medium,high,4,0,49.6,7,1
Internal Assessment #4,exam,26,23,61.3,56,7.33,31,36,hard,low,4,1,42.9,0,0
OS Assignment (Sem 7),assignment,15,11,65.1,17,5.86,36,25,medium,medium,7,4,63.2,3,1
Online Quiz (Sem 5),exam,24,23,14.7,11,4.06,10,13,easy,critical,8,4,71.8,4,1
Algorithms Assignment #5,assignment,2,2,7.7,94,4.78,10,92,medium,medium,4,5,59.2,9,1
Math Assignment,assignment,20,18,71.0,24,8.67,8,33,hard,low,5,6,53.0,12,1
AI Lab - Search Algorithms (Sem 1),lab_experiment,30,30,60.2,5,7.51,34,76,hard,medium,4,5,61.4,4,1
ML Model Project #2,project,10,5,25.5,59,4.36,16,59,hard,low,5,6,64.8,13,1
Online Quiz (Sem 7),exam,21,20,73.8,0,6.9,49,32,hard,low,3,5,60.9,2,1
Final Year Project (Sem 7),project,8,7,66.4,38,8.53,22,54,medium,medium,5,6,57.6,1,1
Computer Vision Lab (Sem 4),lab_experiment,25,23,31.8,76,7.01,13,81,medium,low,2,3,28.1,-2,0
Research Project (Sem 5),project,30,28,9.6,86,9.29,34,86,easy,medium,5,0,26.2,-1,0
IOT Lab Experiment #5,lab_experiment,33,28,2.4,97,6.59,39,26,medium,medium,0,5,29.5,-3,0
DBMS Assignment (Sem 8),assignment,3,0,51.4,93,8.75,13,90,medium,medium,5,1,54.7,1,1
Network Lab - Packet Analysis,lab_experiment,8,4,44.3,51,7.74,18,50,hard,high,2,5,59.6,3,1
Network Lab - Packet Analysis,lab_experiment,11,9,11.9,9,9.39,30,17,medium,high,10,5,63.2,2,1
Module Exam (Sem 5),exam,35,30,14.2,85,4.98,48,34,easy,medium,4,3,40.8,0,0
Computer Graphics Assignment,assignment,5,1,56.9,98,7.05,17,28,very_hard,critical,3,5,91.1,4,1
IoT Based Project #2,project,16,11,29.2,38,5.54,13,29,medium,high,4,4,60.7,10,1
ML Model Project,project,23,21,49.5,57,5.2,18,72,medium,critical,5,5,70.4,1,1
IOT Lab Experiment,lab_experiment,23,23,60.4,6,6.4,5,92,hard,medium,10,3,62.3,8,1
Embedded Systems Lab #4,lab_experiment,34,30,29.1,66,6.65,36,21,hard,critical,5,3,68.4,14,1
DS Lab - Linked List,lab_experiment,17,16,40.4,75,9.8,16,41,medium,critical,9,2,50.6,13,1
Math Assignment (Sem 5),assignment,29,26,31.0,13,9.71,15,69,very_hard,critical,1,1,63.9,12,1
Web Dev Assignment,assignment,12,8,3.8,73,8.79,27,30,easy,high,7,2,39.1,7,1
Web Dev Assignment,assignment,1,1,38.6,93,8.16,6,18,easy,medium,5,2,51.0,12,1
Capstone Project #4,project,9,7,9.8,53,6.72,24,48,medium,high,9,6,66.8,9,1
Web Dev Assignment #1,assignment,23,20,42.0,94,8.27,8,40,easy,low,4,6,24.0,-2,0
OS Lab - Process Scheduling,lab_experiment,9,9,72.0,61,8.83,12,50,hard,high,0,6,43.0,-2,0
OS Lab - Process Scheduling,lab_experiment,26,24,22.3,13,8.96,20,66,hard,low,9,2,50.4,13,1
Algorithms Assignment (Sem 2),assignment,20,17,56.4,72,9.09,41,69,medium,high,10,4,49.7,3,1
Open Source Contribution (Sem 3),project,12,7,53.4,69,6.38,41,22,hard,medium,0,2,44.3,7,1
Open Source Contribution,project,25,24,43.9,49,7.47,41,42,medium,medium,7,5,54.3,7,1
ML Model Project (Sem 5),project,2,2,44.1,10,4.25,26,43,hard,medium,2,2,72.6,6,1
Group Project - Web App (Sem 2),project,23,23,42.5,17,6.02,24,32,very_hard,low,2,5,60.0,12,1
Research Project,project,8,3,28.2,21,6.92,47,28,medium,critical,4,1,79.5,5,1
Software Engineering Assignment (Sem 4),assignment,8,5,37.5,96,6.19,42,66,easy,medium,1,5,36.0,-1,0
Final Year Project (Sem 4),project,31,29,76.3,93,5.99,33,46,very_hard,high,9,3,67.7,13,1
AI Lab - Search Algorithms (Sem 7),lab_experiment,23,19,39.7,54,8.17,30,30,hard,high,7,3,57.2,13,1
Embedded Systems Lab,lab_experiment,28,24,1.2,69,9.46,10,11,easy,medium,7,4,35.2,-2,0
Machine Learning Assignment,assignment,20,15,20.8,75,7.24,48,16,medium,low,5,0,34.8,-3,0
DS Lab - Linked List,lab_experiment,17,15,52.2,47,5.59,49,54,hard,medium,4,3,60.5,3,1
Open Source Contribution #4,project,12,9,65.5,93,8.12,9,68,medium,medium,6,4,35.3,0,0
Industry Internship Project,project,27,27,54.8,48,4.72,35,64,hard,medium,2,1,48.9,0,0
Mini Project #5,project,27,23,68.7,26,9.47,39,73,medium,high,9,0,50.7,10,1
DBMS Assignment,assignment,30,30,75.5,51,5.3,50,81,easy,medium,1,0,32.8,-2,0
Research Project (Sem 6),project,7,3,16.8,40,6.52,37,46,medium,medium,2,6,61.7,9,1
Digital Electronics Lab (Sem 1),lab_experiment,28,28,69.5,45,9.31,13,17,easy,medium,0,4,25.3,-3,0
Digital Electronics Lab #1,lab_experiment,19,15,32.4,53,6.59,47,69,medium,low,1,3,33.1,-2,0
Mid-Semester Exam #5,exam,11,11,17.8,53,9.32,48,78,very_hard,medium,1,2,46.2,-3,0
Capstone Project (Sem 2),project,11,9,6.4,19,4.02,22,89,hard,medium,8,2,64.4,2,1
Mid-Semester Exam (Sem 7),exam,14,9,28.4,74,9.08,49,42,easy,critical,0,6,40.1,0,0
Unit Test (Sem 8),exam,30,26,49.8,21,4.84,26,70,hard,high,5,0,67.4,3,1
Compiler Lab - Lexical Analysis (Sem 4),lab_experiment,25,25,53.3,97,5.11,35,31,medium,critical,10,6,64.1,10,1
Practical Exam (Sem 4),exam,3,0,46.5,69,4.8,21,64,medium,medium,3,4,70.3,7,1
Capstone Project (Sem 4),project,3,0,26.2,10,6.44,39,10,medium,low,7,4,79.9,5,1
Computer Graphics Assignment #5,assignment,9,6,57.9,21,7.7,12,73,medium,medium,3,3,50.0,2,1
Practical Exam,exam,26,21,15.4,10,9.48,44,56,medium,low,5,5,52.4,9,1
Module Exam (Sem 2),exam,12,8,15.2,16,7.23,25,61,easy,low,9,1,41.3,-1,0
OS Assignment (Sem 5),assignment,23,20,16.0,79,5.46,39,15,medium,medium,0,3,34.1,-3,0
Internal Assessment #3,exam,15,11,16.1,56,4.96,9,14,medium,high,5,3,57.7,4,1
Algorithms Assignment,assignment,25,24,34.3,6,7.17,50,87,hard,medium,5,4,68.8,14,1
Internal Assessment (Sem 8),exam,33,29,67.3,54,8.27,37,91,easy,medium,1,0,20.9,0,0
Viva Voce,exam,5,2,51.6,65,8.59,23,50,medium,critical,10,3,70.3,1,1
Final Year Project (Sem 6),project,14,10,58.0,85,5.14,39,57,very_hard,medium,3,1,52.9,14,1
IoT Based Project,project,25,23,34.6,19,6.84,8,20,very_hard,medium,6,1,64.0,7,1
Industry Internship Project (Sem 2),project,3,1,10.9,75,4.9,7,81,medium,medium,1,3,59.7,12,1
Online Quiz (Sem 7),exam,17,12,25.4,99,5.21,15,40,medium,medium,8,1,38.7,-2,0
DS Lab - Linked List (Sem 5),lab_experiment,12,7,13.2,36,7.07,41,97,easy,high,10,1,58.9,12,1
Software Engineering Assignment #4,assignment,8,6,40.5,57,9.5,10,14,hard,low,8,0,44.6,-3,0
Data Structures Assignment (Sem 3),assignment,16,13,33.3,11,6.8,5,75,hard,high,4,2,63.3,12,1
Software Engineering Assignment (Sem 8),assignment,18,15,28.3,18,9.18,43,47,very_hard,low,0,6,50.7,2,1
Network Lab - Packet Analysis #5,lab_experiment,31,30,30.1,58,5.97,42,30,very_hard,low,9,3,63.6,14,1
Mobile App Development,project,10,9,48.9,100,5.14,38,13,easy,high,7,5,50.8,1,1
Web Dev Assignment #4,assignment,12,12,43.6,37,9.94,29,43,hard,medium,5,0,47.5,8,1
DBMS Lab - SQL Queries,lab_experiment,5,3,68.4,28,5.64,36,58,easy,high,4,0,67.0,11,1
Networking Assignment,assignment,9,9,31.0,71,8.4,31,98,medium,high,8,1,42.9,-2,0
Group Project - Web App (Sem 8),project,12,12,13.6,67,5.74,44,62,medium,medium,5,5,56.0,11,1
OS Assignment (Sem 2),assignment,24,19,64.4,10,5.58,48,85,hard,medium,5,1,66.8,6,1
Internal Assessment (Sem 2),exam,14,12,22.5,93,6.93,26,89,very_hard,critical,5,5,74.0,11,1
Algorithms Assignment,assignment,1,0,4.0,97,5.23,39,95,medium,high,1,1,61.5,14,1
Final Year Project,project,4,4,64.6,0,4.2,31,79,medium,medium,2,0,57.1,1,1
Machine Learning Assignment #3,assignment,10,9,28.4,42,8.25,50,76,medium,low,2,4,35.6,-3,0
Viva Voce #3,exam,2,2,28.4,48,6.99,43,28,hard,high,10,3,79.7,13,1
Web Dev Assignment #1,assignment,25,21,52.0,18,8.29,26,77,very_hard,critical,3,4,76.0,11,1
End-Semester Exam (Sem 6),exam,4,4,25.0,61,4.14,24,76,easy,low,7,3,49.2,-2,0
Group Project - Web App #2,project,10,6,13.5,93,5.84,40,39,easy,high,2,6,51.4,-2,0
Mid-Semester Exam #4,exam,17,16,37.0,95,8.08,13,39,very_hard,low,6,2,41.3,0,0
IoT Based Project (Sem 4),project,5,1,78.3,94,5.77,10,79,medium,low,3,4,59.2,8,1
Data Structures Assignment #1,assignment,26,24,18.1,4,6.18,7,84,medium,high,9,6,66.9,4,1
Mid-Semester Exam (Sem 7),exam,0,0,58.6,61,9.26,30,74,medium,medium,5,2,64.8,9,1
Unit Test,exam,30,27,35.7,66,6.11,26,56,hard,high,4,2,54.4,3,1
IOT Lab Experiment,lab_experiment,6,2,17.6,46,4.78,31,66,medium,medium,2,6,64.9,14,1
DBMS Lab - SQL Queries,lab_experiment,21,19,14.8,65,8.75,22,87,medium,low,4,1,28.2,-3,0
Compiler Lab - Lexical Analysis #4,lab_experiment,20,19,10.5,32,4.3,42,41,medium,high,3,3,59.8,3,1
DBMS Lab - SQL Queries (Sem 6),lab_experiment,12,11,18.2,59,5.2,24,71,very_hard,high,3,0,61.6,14,1
IoT Based Project (Sem 6),project,7,4,70.7,55,9.95,24,90,hard,critical,9,4,74.4,2,1
Module Exam,exam,20,20,51.6,91,6.95,37,51,very_hard,critical,4,5,72.5,13,1
Unit Test #5,exam,20,17,33.4,79,4.13,25,13,medium,low,5,6,46.7,-1,0
End-Semester Exam #1,exam,29,25,50.4,15,7.37,30,87,very_hard,critical,1,2,72.0,9,1
OS Assignment (Sem 2),assignment,19,16,66.9,75,6.74,5,20,hard,critical,8,1,59.5,11,1
Math Assignment (Sem 3),assignment,29,27,15.7,49,4.29,45,18,hard,medium,7,3,62.7,10,1
Math Assignment #3,assignment,25,24,68.5,70,8.72,9,87,hard,medium,7,0,38.9,10,1
DBMS Assignment #2,assignment,22,22,3.5,89,6.84,20,26,medium,medium,9,6,44.2,-2,0
DBMS Assignment,assignment,29,27,41.2,72,8.58,45,17,medium,high,3,0,36.1,0,0
DBMS Lab - SQL Queries #1,lab_experiment,6,6,63.4,67,8.15,34,12,hard,high,7,4,65.0,14,1
Compiler Lab - Lexical Analysis #1,lab_experiment,31,29,29.6,24,4.66,11,38,very_hard,low,4,3,64.3,1,1
Group Project - Web App,project,16,11,67.9,2,9.59,22,98,easy,critical,6,2,60.8,13,1
Mini Project (Sem 7),project,9,4,47.4,24,6.45,49,24,easy,medium,5,1,55.1,13,1
Module Exam,exam,24,24,65.7,56,8.59,21,54,hard,medium,5,4,50.9,5,1
DBMS Assignment #2,assignment,26,23,78.4,87,4.03,11,80,very_hard,medium,6,6,63.7,8,1
Compiler Lab - Lexical Analysis (Sem 8),lab_experiment,11,6,58.7,36,5.53,22,54,very_hard,low,9,0,68.0,7,1
Capstone Project,project,23,23,68.2,71,5.15,31,36,hard,medium,7,0,50.9,1,1
Unit Test (Sem 8),exam,13,11,15.6,29,6.76,20,53,medium,medium,7,1,48.2,5,1
Open Source Contribution,project,7,5,68.0,99,5.33,6,33,very_hard,low,7,2,57.8,11,1
Industry Internship Project,project,18,16,39.9,14,5.32,35,11,medium,critical,10,5,80.7,8,1
Unit Test,exam,32,27,71.2,85,4.96,7,14,hard,low,2,1,33.7,-1,0
OS Lab - Process Scheduling (Sem 4),lab_experiment,30,26,38.8,26,7.32,28,36,medium,low,0,1,29.6,-3,0
Online Quiz #2,exam,15,12,45.7,81,8.53,31,53,medium,high,4,4,43.9,-3,0
Open Source Contribution,project,27,22,71.8,37,8.81,25,41,hard,high,7,3,60.1,4,1
IoT Based Project,project,18,17,8.0,82,7.26,47,60,easy,critical,6,1,50.3,4,1
Unit Test (Sem 1),exam,2,2,27.8,93,4.67,37,32,medium,high,7,0,62.1,13,1
Viva Voce,exam,34,29,74.6,33,9.3,32,57,hard,critical,6,2,67.6,2,1
Embedded Systems Lab (Sem 5),lab_experiment,28,28,37.2,28,6.09,17,75,medium,critical,6,1,63.1,14,1
DS Lab - Linked List #3,lab_experiment,29,27,9.6,88,7.19,14,100,very_hard,medium,0,4,41.8,-1,0
Mobile App Development (Sem 6),project,16,13,33.3,94,8.91,47,65,easy,medium,8,5,35.9,-2,0
AI Lab - Search Algorithms #3,lab_experiment,15,12,64.1,49,7.49,18,75,hard,medium,2,6,50.0,10,1
Algorithms Assignment #5,assignment,31,30,60.5,81,7.91,15,88,easy,critical,1,6,38.3,-3,0
Open Source Contribution (Sem 8),project,10,8,62.5,57,7.15,32,77,very_hard,low,0,3,42.8,2,1
OS Assignment #4,assignment,26,26,53.4,18,6.36,43,73,very_hard,high,8,5,82.7,13,1
Final Year Project,project,27,23,44.9,59,5.61,6,54,hard,low,1,4,41.8,-1,0
End-Semester Exam #1,exam,8,5,7.3,16,4.85,33,49,easy,medium,2,6,59.1,3,1
Module Exam (Sem 4),exam,14,14,45.2,6,8.46,27,67,hard,medium,1,4,49.5,10,1
Data Structures Assignment (Sem 5),assignment,31,27,74.4,32,6.41,12,29,medium,medium,10,5,54.8,10,1
Research Project,project,22,20,5.2,9,4.05,32,65,medium,low,10,6,61.4,3,1
Weekly Test,exam,12,10,54.0,49,5.63,46,77,easy,critical,9,6,69.8,9,1
Module Exam #5,exam,34,30,53.4,68,8.31,31,46,very_hard,critical,4,0,61.5,3,1
DBMS Assignment (Sem 5),assignment,12,12,28.7,82,5.23,36,15,hard,low,2,1,37.2,-1,0
Embedded Systems Lab #3,lab_experiment,2,2,20.4,66,8.77,39,70,easy,medium,1,6,43.7,7,1
Computer Vision Lab #5,lab_experiment,25,23,73.4,64,6.96,7,16,hard,medium,1,2,36.9,7,1
Module Exam #2,exam,23,23,10.7,54,7.02,40,62,medium,high,8,4,58.2,6,1
Network Lab - Packet Analysis #3,lab_experiment,26,25,49.4,5,5.36,30,19,very_hard,high,3,1,75.0,7,1
Networking Assignment,assignment,22,20,58.0,82,8.76,23,26,very_hard,high,3,6,56.9,7,1
IOT Lab Experiment (Sem 1),lab_experiment,9,6,7.3,9,7.3,25,78,very_hard,low,4,3,71.7,13,1
DBMS Assignment #1,assignment,12,10,26.8,40,6.6,19,98,medium,high,6,1,52.9,12,1
Networking Assignment (Sem 3),assignment,26,25,70.9,26,9.17,23,33,easy,medium,9,5,47.1,-2,0
Algorithms Assignment (Sem 8),assignment,35,30,59.2,63,8.34,10,32,medium,medium,7,6,43.4,-2,0
Capstone Project,project,9,5,11.3,87,7.73,44,29,very_hard,low,3,3,50.0,1,1
Practical Exam (Sem 5),exam,5,0,44.6,41,4.3,35,100,medium,high,1,1,72.3,10,1
Digital Electronics Lab #2,lab_experiment,21,18,60.1,79,5.44,14,65,hard,low,8,0,42.6,12,1
Networking Assignment,assignment,32,29,60.2,95,8.6,17,99,medium,medium,0,2,16.7,0,0
Mini Project #5,project,31,28,7.9,85,8.32,39,23,medium,high,0,3,29.9,-1,0
Computer Vision Lab,lab_experiment,7,2,50.0,95,7.03,50,53,hard,medium,9,1,60.0,11,1
OS Lab - Process Scheduling (Sem 1),lab_experiment,21,17,63.7,88,4.45,5,71,easy,low,2,5,28.9,0,0
Weekly Test,exam,6,2,71.3,39,5.6,5,75,very_hard,medium,4,2,78.7,3,1
Internal Assessment,exam,12,8,60.9,11,8.84,37,52,medium,medium,7,0,46.5,3,1
Computer Vision Lab,lab_experiment,5,1,6.2,56,9.48,43,21,easy,high,9,3,71.1,13,1
DS Lab - Linked List,lab_experiment,26,21,69.3,38,4.87,7,51,hard,medium,1,0,43.1,0,0
Embedded Systems Lab #5,lab_experiment,28,28,75.7,59,8.76,34,65,hard,critical,9,3,64.6,2,1
Mobile App Development (Sem 8),project,9,5,76.6,16,8.34,6,48,easy,high,5,6,62.4,12,1
Data Structures Assignment,assignment,6,1,3.3,93,9.69,27,85,hard,medium,6,2,65.1,2,1
Web Dev Assignment #4,assignment,28,28,26.3,19,9.35,37,75,easy,low,9,3,40.9,-3,0
Viva Voce #4,exam,26,26,41.0,82,7.86,26,94,very_hard,medium,0,2,35.2,-2,0
Algorithms Assignment,assignment,32,28,66.5,71,7.26,33,52,very_hard,medium,2,1,47.1,-1,0
End-Semester Exam (Sem 4),exam,8,6,44.6,6,9.17,48,19,easy,medium,7,0,51.6,-3,0
DS Lab - Linked List (Sem 6),lab_experiment,5,4,27.1,3,6.62,34,49,hard,high,5,3,80.8,1,1
Network Lab - Packet Analysis,lab_experiment,8,8,31.1,39,5.35,22,38,hard,medium,1,5,54.4,13,1
AI Lab - Search Algorithms #3,lab_experiment,25,23,52.4,80,5.77,19,35,very_hard,low,0,1,37.9,-3,0
Module Exam #1,exam,25,21,78.9,30,6.06,32,26,hard,medium,8,5,64.2,1,1
Surprise Test,exam,15,14,19.8,8,5.06,44,36,hard,medium,5,2,68.8,7,1
Mid-Semester Exam,exam,24,20,2.4,24,7.26,24,73,very_hard,high,9,5,79.6,3,1
Industry Internship Project,project,28,27,76.5,95,5.68,25,19,medium,high,9,0,45.5,5,1
Mini Project,project,25,23,4.2,58,7.54,37,38,medium,low,7,6,42.1,-3,0
Final Year Project (Sem 1),project,28,23,18.4,14,9.13,33,40,medium,high,9,3,58.5,4,1
DBMS Lab - SQL Queries,lab_experiment,21,20,68.1,100,6.79,25,35,easy,critical,2,6,43.5,0,0
DBMS Assignment,assignment,33,28,54.0,4,4.81,41,35,medium,high,8,0,65.3,9,1
Compiler Lab - Lexical Analysis,lab_experiment,8,4,38.4,95,5.6,47,77,hard,medium,10,3,61.7,12,1
Unit Test,exam,24,20,75.0,4,8.25,15,65,medium,low,4,4,45.7,-2,0
End-Semester Exam (Sem 4),exam,10,8,39.8,83,7.55,16,72,hard,medium,3,4,39.0,-2,0
Math Assignment #3,assignment,28,23,37.8,32,8.88,50,34,hard,medium,4,1,49.6,5,1
Module Exam (Sem 6),exam,21,17,66.5,88,6.33,35,47,medium,medium,7,1,37.9,-3,0
Mid-Semester Exam,exam,0,0,44.1,87,8.78,19,87,easy,low,4,0,41.5,8,1
Practical Exam (Sem 8),exam,28,25,14.3,53,9.44,21,74,medium,high,4,1,42.5,1,1
Internal Assessment (Sem 5),exam,31,28,77.8,45,4.13,37,28,very_hard,high,8,5,81.7,9,1
Software Engineering Assignment #1,assignment,20,20,46.9,41,8.1,39,13,medium,high,2,3,44.7,-3,0
Online Quiz #2,exam,10,9,43.2,55,8.89,31,37,hard,high,8,3,57.1,3,1
Networking Assignment (Sem 4),assignment,8,7,60.4,61,4.36,44,43,medium,critical,7,5,80.2,5,1
DBMS Assignment #4,assignment,19,17,49.7,33,6.2,8,31,medium,high,1,0,39.2,-3,0
Viva Voce #5,exam,28,23,63.2,32,5.41,38,76,hard,medium,7,5,69.4,13,1
Surprise Test (Sem 5),exam,11,8,79.4,68,9.2,46,18,hard,high,2,2,45.0,13,1
Software Engineering Assignment (Sem 2),assignment,12,9,8.5,27,6.11,33,34,hard,medium,0,1,41.9,-1,0
Practical Exam #4,exam,24,20,10.5,33,4.69,46,55,medium,medium,1,4,49.0,1,1
ML Model Project,project,29,24,52.0,24,7.71,32,63,medium,medium,5,5,53.4,2,1
End-Semester Exam (Sem 1),exam,25,24,61.6,57,5.67,47,67,medium,medium,9,5,58.3,13,1
Compiler Lab - Lexical Analysis #1,lab_experiment,28,27,78.7,60,8.99,19,63,medium,high,5,6,51.9,4,1
Mini Project #2,project,13,12,5.2,7,7.89,8,87,very_hard,medium,0,2,48.4,3,1
Group Project - Web App,project,2,1,32.9,88,5.92,36,46,medium,high,9,1,75.0,7,1
Capstone Project,project,6,3,2.3,31,5.79,15,74,hard,high,0,4,72.3,4,1
AI Lab - Search Algorithms #5,lab_experiment,19,15,75.0,46,5.31,50,53,very_hard,low,1,5,58.8,6,1
Unit Test #4,exam,14,14,76.4,68,7.62,46,30,very_hard,high,0,0,43.0,-2,0
Mini Project #5,project,15,12,18.3,18,4.72,46,68,hard,critical,5,4,86.0,5,1
Algorithms Assignment #3,assignment,24,23,2.9,35,6.05,19,66,hard,medium,7,4,59.9,2,1
Research Project,project,27,25,20.3,52,7.95,8,61,medium,low,7,4,38.4,-2,0
DS Lab - Linked List #5,lab_experiment,19,16,60.6,85,7.76,31,38,hard,low,8,3,39.1,-3,0
Research Project #4,project,9,7,59.4,14,9.57,27,97,hard,high,7,1,68.9,5,1
Online Quiz,exam,5,1,24.2,78,8.06,34,95,hard,high,9,1,73.8,14,1
Mini Project,project,34,29,56.5,78,9.67,39,66,hard,critical,9,3,61.3,9,1
Group Project - Web App #4,project,29,26,19.2,48,6.31,28,26,medium,medium,0,6,38.2,0,0
Practical Exam,exam,24,20,22.8,90,5.17,37,39,hard,high,1,0,42.7,0,0
Unit Test,exam,30,25,38.1,1,9.91,35,92,very_hard,high,8,5,80.3,7,1
Machine Learning Assignment #2,assignment,22,22,33.7,33,4.24,15,80,hard,low,8,0,51.9,3,1
Network Lab - Packet Analysis #3,lab_experiment,13,13,77.8,52,5.95,35,99,hard,high,6,3,68.1,3,1
IoT Based Project #4,project,30,29,44.0,67,5.21,41,32,easy,critical,8,2,59.7,1,1
DBMS Assignment #4,assignment,14,12,46.5,46,6.69,23,31,medium,high,9,4,58.1,5,1
Web Dev Assignment #1,assignment,15,14,4.8,79,4.8,22,59,hard,high,9,3,61.4,8,1
Weekly Test (Sem 2),exam,16,13,43.7,62,5.39,50,24,hard,low,1,3,43.6,0,0
Mobile App Development,project,6,5,2.1,82,9.52,49,99,medium,high,3,4,50.5,3,1
DS Lab - Linked List,lab_experiment,4,4,48.6,12,4.99,21,53,hard,medium,10,5,79.7,2,1
OS Lab - Process Scheduling #2,lab_experiment,31,26,65.8,73,5.52,10,34,hard,medium,4,2,49.4,3,1
Practical Exam #1,exam,13,10,57.6,71,5.32,24,87,very_hard,low,9,5,63.2,3,1
Research Project #5,project,24,21,13.1,93,7.98,17,22,medium,low,0,3,14.1,-3,0
Internal Assessment (Sem 6),exam,22,18,23.9,5,7.6,42,12,medium,high,8,0,55.2,9,1
DS Lab - Linked List,lab_experiment,10,8,46.7,63,4.58,11,38,hard,medium,8,4,58.5,1,1
Open Source Contribution (Sem 8),project,14,10,74.3,24,7.59,14,92,hard,high,7,4,63.6,13,1
Math Assignment #2,assignment,7,2,55.7,88,8.99,26,37,hard,medium,2,6,53.0,10,1
Final Year Project (Sem 8),project,27,24,17.0,65,4.02,6,42,very_hard,medium,3,1,53.6,11,1
Industry Internship Project,project,25,25,66.0,98,4.8,18,28,very_hard,low,10,4,55.2,7,1
Module Exam (Sem 3),exam,34,29,16.0,28,5.56,36,77,easy,medium,2,0,39.0,-3,0
Weekly Test #3,exam,13,10,18.3,89,5.9,50,90,medium,medium,6,0,42.2,8,1
DBMS Lab - SQL Queries,lab_experiment,4,4,58.6,58,7.43,14,42,very_hard,high,6,0,69.8,8,1
Mid-Semester Exam (Sem 6),exam,23,22,56.9,5,8.61,29,76,very_hard,low,7,1,58.9,8,1
AI Lab - Search Algorithms (Sem 7),lab_experiment,29,26,65.0,33,4.7,16,59,easy,high,10,0,52.0,-1,0
Machine Learning Assignment,assignment,23,19,17.0,75,4.91,9,38,medium,medium,4,5,47.9,6,1
Networking Assignment,assignment,16,15,49.9,24,4.21,13,74,medium,high,5,0,58.5,3,1
End-Semester Exam (Sem 8),exam,22,21,43.4,42,6.0,29,73,hard,medium,6,6,61.5,1,1
IOT Lab Experiment,lab_experiment,28,23,24.4,56,8.89,28,60,very_hard,high,2,4,57.6,14,1
Software Engineering Assignment #5,assignment,26,25,70.7,13,4.21,43,52,medium,medium,1,2,48.7,7,1
Capstone Project (Sem 6),project,14,14,17.7,9,4.68,13,87,easy,medium,8,0,49.5,1,1
Unit Test (Sem 6),exam,7,5,36.6,51,5.92,27,47,very_hard,low,8,2,69.5,6,1
Module Exam (Sem 6),exam,21,16,62.1,5,6.32,8,49,medium,high,7,4,64.8,9,1
Surprise Test #5,exam,27,27,32.3,18,8.73,42,14,hard,medium,4,0,49.6,6,1
DBMS Lab - SQL Queries,lab_experiment,29,29,63.8,63,6.79,17,16,medium,critical,1,2,46.1,-2,0
DBMS Assignment,assignment,9,6,64.0,59,6.69,27,28,hard,high,5,1,64.9,9,1
End-Semester Exam (Sem 8),exam,20,20,63.2,18,6.24,20,27,hard,medium,8,4,63.4,13,1
Mid-Semester Exam #3,exam,8,5,22.7,17,4.58,47,24,easy,high,5,2,70.3,11,1
Viva Voce,exam,9,4,24.6,52,8.19,6,96,hard,medium,8,0,50.2,1,1
Mini Project #2,project,25,21,67.8,62,5.39,44,91,hard,critical,4,5,76.0,13,1
Final Year Project #4,project,5,5,25.3,31,7.81,48,48,easy,medium,0,0,31.6,-2,0
Web Dev Assignment #5,assignment,35,30,79.4,26,9.4,24,35,medium,medium,5,6,52.2,1,1
DBMS Assignment #5,assignment,7,7,73.1,67,9.86,39,64,medium,medium,6,2,47.5,0,0
Embedded Systems Lab,lab_experiment,5,1,23.3,95,4.57,37,55,easy,critical,9,5,84.7,10,1
Machine Learning Assignment,assignment,26,24,31.1,65,6.82,8,90,hard,medium,3,4,46.8,3,1
Online Quiz,exam,14,9,62.8,35,4.95,6,75,hard,high,3,1,58.6,13,1
Internal Assessment (Sem 7),exam,18,13,58.1,91,8.03,48,72,medium,low,7,1,28.6,-1,0
Computer Vision Lab,lab_experiment,8,7,25.2,0,9.56,9,76,medium,high,4,3,63.9,1,1
Online Quiz #5,exam,10,8,3.1,46,8.33,31,89,medium,medium,6,0,38.9,0,0
Networking Assignment (Sem 4),assignment,28,24,54.3,9,4.94,26,81,very_hard,low,6,1,67.8,2,1
ML Model Project,project,14,9,24.5,38,4.88,11,46,easy,high,5,3,56.5,3,1
Mini Project #4,project,14,12,20.5,92,4.16,15,49,medium,medium,6,5,48.1,-3,0
Internal Assessment (Sem 4),exam,25,22,60.8,26,6.77,35,58,medium,high,3,3,55.3,8,1
Research Project #3,project,8,5,41.3,100,8.15,16,78,hard,high,1,1,38.6,-2,0
Mini Project (Sem 5),project,22,18,69.5,70,6.77,43,82,hard,medium,8,0,47.3,10,1
Mid-Semester Exam,exam,30,27,28.4,11,8.34,23,14,hard,medium,3,1,48.1,6,1
Open Source Contribution,project,13,12,22.8,9,9.65,29,54,very_hard,high,10,6,78.1,13,1
IoT Based Project,project,12,10,9.8,16,7.01,35,74,medium,high,7,6,67.3,8,1
OS Assignment,assignment,29,29,70.9,19,7.98,17,58,easy,critical,6,2,56.9,13,1
Digital Electronics Lab #1,lab_experiment,21,17,27.2,49,8.14,17,51,medium,medium,10,0,36.9,-2,0
Algorithms Assignment,assignment,26,22,29.0,77,9.57,13,47,hard,low,0,0,17.9,-1,0
End-Semester Exam (Sem 7),exam,15,12,2.0,71,7.08,42,50,hard,high,3,4,56.0,11,1
Math Assignment,assignment,6,4,66.3,7,5.01,11,62,medium,medium,10,6,72.7,1,1
Digital Electronics Lab (Sem 3),lab_experiment,28,28,21.3,64,7.64,27,65,very_hard,high,1,6,54.9,12,1
Open Source Contribution #1,project,25,21,56.2,49,8.82,9,50,medium,medium,6,3,42.1,-1,0
Surprise Test #2,exam,24,22,19.1,29,5.77,14,65,very_hard,medium,4,6,72.6,6,1
Mobile App Development #1,project,31,29,32.5,82,4.46,31,10,hard,medium,10,0,48.7,6,1
Open Source Contribution #4,project,5,0,77.8,60,9.6,15,96,very_hard,medium,1,6,72.5,14,1
Weekly Test #2,exam,13,9,57.8,19,6.74,36,99,easy,critical,7,1,61.8,1,1
Computer Graphics Assignment (Sem 7),assignment,29,25,25.1,47,8.77,14,23,medium,critical,10,3,58.0,6,1
Internal Assessment (Sem 7),exam,11,9,67.6,88,7.34,47,60,very_hard,medium,4,2,53.1,8,1
Practical Exam (Sem 4),exam,27,27,28.0,54,8.3,41,86,very_hard,high,8,0,60.3,6,1
Mini Project,project,30,25,18.9,20,8.7,30,37,hard,low,10,6,56.0,10,1
Surprise Test (Sem 4),exam,17,14,42.4,87,8.17,28,84,very_hard,medium,7,0,45.4,9,1
Web Dev Assignment #3,assignment,5,1,35.1,81,7.45,45,89,medium,high,5,0,70.3,2,1
IoT Based Project #4,project,28,26,5.6,6,4.91,7,85,easy,medium,2,3,46.5,0,0
Capstone Project (Sem 8),project,23,22,18.0,22,6.28,18,72,easy,high,8,1,51.4,5,1
Embedded Systems Lab,lab_experiment,28,28,4.5,60,7.34,44,67,easy,medium,5,3,43.4,-3,0
Weekly Test,exam,23,19,17.7,86,8.61,21,97,medium,low,6,2,28.9,0,0
Web Dev Assignment,assignment,3,0,51.6,86,6.36,15,80,medium,medium,0,2,48.3,6,1
Weekly Test (Sem 7),exam,29,27,49.9,19,4.91,13,16,easy,medium,5,5,57.5,11,1
Capstone Project #3,project,9,8,51.4,10,7.05,5,36,very_hard,critical,0,5,73.5,7,1
Research Project,project,13,8,34.9,67,9.97,46,13,very_hard,high,10,4,66.2,2,1
Industry Internship Project,project,5,2,39.2,18,5.41,21,59,hard,medium,6,6,85.5,6,1
OS Assignment #4,assignment,22,17,9.0,28,6.53,31,99,easy,high,2,6,50.5,14,1
Machine Learning Assignment (Sem 2),assignment,1,0,8.9,2,8.25,28,13,very_hard,critical,3,4,100.0,10,1
Weekly Test #5,exam,20,16,6.7,34,6.38,48,81,easy,high,4,0,47.0,12,1
Industry Internship Project #3,project,11,9,64.1,85,9.83,28,58,medium,medium,9,3,36.8,-2,0
Networking Assignment (Sem 4),assignment,30,29,50.0,1,4.69,48,85,medium,medium,0,6,54.6,4,1
DBMS Lab - SQL Queries (Sem 6),lab_experiment,22,22,77.9,58,4.9,47,70,hard,critical,5,5,80.1,2,1
Computer Graphics Assignment (Sem 4),assignment,5,1,2.5,43,7.76,10,60,hard,medium,2,4,68.4,14,1
Computer Graphics Assignment #2,assignment,4,4,7.9,71,6.19,8,54,easy,medium,1,6,37.6,0,0
IoT Based Project,project,7,5,9.5,65,6.34,26,13,hard,critical,8,2,73.6,2,1
OS Assignment (Sem 6),assignment,24,19,57.2,20,5.09,42,32,hard,medium,4,0,59.2,12,1
Mobile App Development (Sem 6),project,21,20,55.8,17,4.32,42,72,hard,high,4,6,76.8,9,1
Mini Project (Sem 4),project,34,30,14.3,43,8.13,12,47,medium,high,1,5,42.6,0,0
AI Lab - Search Algorithms (Sem 7),lab_experiment,3,1,7.1,22,4.33,45,14,hard,low,7,4,90.1,1,1
Mini Project,project,34,30,57.8,56,9.17,14,43,easy,low,5,3,31.2,-3,0
Embedded Systems Lab (Sem 6),lab_experiment,7,5,38.8,63,8.37,35,93,hard,low,0,5,40.9,-1,0
Industry Internship Project,project,26,23,12.3,10,7.9,19,71,easy,high,1,3,40.9,0,0
Software Engineering Assignment #4,assignment,2,1,12.5,37,4.48,15,63,easy,low,3,0,58.1,9,1
Network Lab - Packet Analysis #1,lab_experiment,23,22,51.3,73,5.43,21,18,hard,high,3,0,50.5,11,1
Machine Learning Assignment,assignment,4,1,65.9,10,5.38,34,28,hard,medium,2,4,87.4,8,1
Mini Project #2,project,5,4,41.1,85,6.39,6,85,easy,high,7,6,53.6,11,1
Industry Internship Project,project,25,22,70.2,94,4.21,34,77,hard,low,3,6,45.6,13,1
Networking Assignment #5,assignment,30,30,18.8,91,6.76,46,43,medium,high,5,6,53.4,12,1
Computer Graphics Assignment #3,assignment,31,30,54.0,26,5.56,7,32,medium,high,8,2,61.5,13,1
End-Semester Exam (Sem 3),exam,26,26,36.1,0,9.35,47,67,medium,medium,1,2,41.7,10,1
ML Model Project (Sem 1),project,26,23,54.8,43,5.51,36,73,medium,critical,8,0,65.0,12,1
Mobile App Development #5,project,7,6,22.8,67,4.48,50,24,easy,critical,1,6,62.6,7,1
DBMS Lab - SQL Queries #5,lab_experiment,26,24,34.3,98,9.92,10,63,hard,low,5,5,38.4,-3,0
ML Model Project (Sem 2),project,19,19,40.0,80,5.63,22,53,easy,high,4,6,50.2,10,1
DS Lab - Linked List (Sem 7),lab_experiment,33,30,6.2,78,4.08,35,93,medium,medium,4,1,41.9,6,1
AI Lab - Search Algorithms,lab_experiment,20,19,5.9,91,9.48,46,47,hard,medium,3,5,42.4,10,1
Machine Learning Assignment,assignment,14,10,52.7,71,5.22,22,36,medium,high,5,0,50.0,4,1
DS Lab - Linked List (Sem 7),lab_experiment,21,19,72.7,25,4.8,16,45,medium,medium,5,0,51.6,7,1
Open Source Contribution (Sem 4),project,32,29,65.2,60,6.89,15,16,medium,critical,7,6,64.5,2,1
Unit Test (Sem 2),exam,17,12,50.3,40,6.5,27,56,hard,high,2,4,57.7,5,1
Networking Assignment #3,assignment,33,29,32.7,94,6.23,22,49,easy,medium,9,4,36.4,-1,0
Compiler Lab - Lexical Analysis (Sem 3),lab_experiment,9,6,47.0,0,9.21,40,13,easy,high,8,3,65.0,3,1
Networking Assignment (Sem 4),assignment,1,0,3.8,3,8.86,32,90,hard,medium,2,5,80.6,4,1
Mini Project,project,20,17,6.5,13,9.31,20,65,hard,critical,6,4,74.4,6,1
Math Assignment,assignment,14,9,40.0,62,5.45,7,40,hard,medium,8,2,54.3,10,1
ML Model Project,project,6,5,78.7,40,6.13,19,39,medium,high,10,0,58.9,14,1
DS Lab - Linked List (Sem 3),lab_experiment,25,25,40.3,73,7.95,11,25,very_hard,low,8,4,49.5,2,1
OS Lab - Process Scheduling,lab_experiment,7,4,7.8,2,6.11,46,76,easy,medium,10,4,65.2,7,1
Math Assignment,assignment,29,28,3.8,32,6.75,50,67,medium,medium,5,5,58.6,5,1
AI Lab - Search Algorithms #4,lab_experiment,17,16,49.2,33,6.42,18,71,medium,medium,0,0,30.2,-2,0
Algorithms Assignment #4,assignment,24,21,65.2,19,5.41,46,32,medium,high,0,0,47.8,3,1
Computer Graphics Assignment,assignment,3,3,11.7,44,4.81,36,94,hard,low,7,5,76.8,11,1
End-Semester Exam #3,exam,16,13,52.5,57,4.27,7,90,medium,high,10,5,61.3,8,1
IOT Lab Experiment #3,lab_experiment,9,7,76.9,41,6.11,21,64,hard,low,10,4,61.9,12,1
Weekly Test,exam,5,1,39.5,100,9.44,41,10,hard,critical,1,5,74.1,3,1
Mini Project #5,project,17,17,30.1,38,4.58,28,89,hard,medium,0,2,46.2,0,0
Online Quiz #1,exam,20,18,22.4,34,7.59,25,58,hard,critical,7,3,68.7,6,1
Online Quiz,exam,9,9,4.6,10,8.53,25,27,easy,low,4,0,32.5,-3,0
Mid-Semester Exam,exam,23,18,65.0,21,4.14,14,23,medium,high,0,4,52.2,-1,0
AI Lab - Search Algorithms,lab_experiment,17,16,24.5,10,8.04,40,93,medium,medium,8,3,53.0,4,1
End-Semester Exam,exam,6,6,57.7,58,5.36,36,22,hard,medium,1,4,58.0,8,1
ML Model Project (Sem 8),project,33,29,29.4,95,9.2,48,56,very_hard,low,8,2,44.8,-2,0
Practical Exam,exam,12,10,9.3,37,5.49,8,46,medium,medium,4,1,47.4,1,1
Module Exam #4,exam,29,27,52.4,38,5.8,14,56,hard,critical,0,4,63.8,14,1
Industry Internship Project #2,project,15,10,39.4,87,4.29,25,55,very_hard,medium,0,6,50.1,7,1
Computer Vision Lab #3,lab_experiment,10,8,1.5,41,9.38,47,92,easy,critical,6,2,55.5,4,1
Final Year Project #3,project,27,23,71.0,77,7.32,30,80,medium,medium,5,0,37.6,14,1
AI Lab - Search Algorithms,lab_experiment,16,14,29.7,81,6.94,8,25,very_hard,low,9,2,48.6,1,1
DS Lab - Linked List #4,lab_experiment,18,17,24.6,19,9.26,12,13,medium,medium,9,4,50.4,-3,0
Online Quiz #1,exam,8,6,51.1,27,4.12,32,62,very_hard,critical,3,2,88.8,10,1
Software Engineering Assignment #4,assignment,25,23,39.9,24,9.1,41,15,medium,medium,4,1,43.3,0,0
DS Lab - Linked List (Sem 2),lab_experiment,21,20,6.8,19,8.12,50,15,hard,low,0,1,35.2,0,0
Group Project - Web App,project,33,30,59.5,100,9.74,43,76,easy,high,6,4,39.3,13,1
Final Year Project #4,project,21,16,41.1,25,8.94,10,65,medium,high,3,1,44.0,-3,0
IOT Lab Experiment (Sem 5),lab_experiment,23,23,9.5,34,4.33,24,35,very_hard,medium,6,4,73.6,9,1
Weekly Test,exam,20,18,65.4,62,5.07,28,76,easy,high,5,6,57.4,4,1
Module Exam,exam,27,27,3.8,23,9.04,7,30,easy,critical,9,1,53.1,7,1
Final Year Project,project,18,16,26.5,46,6.18,8,54,easy,medium,7,6,46.6,11,1
Mini Project #3,project,28,25,11.9,39,5.36,36,71,hard,low,4,5,59.8,13,1
OS Assignment,assignment,21,20,51.9,50,9.36,44,23,medium,medium,9,3,45.4,-1,0
Online Quiz #3,exam,7,4,27.8,27,4.54,36,84,very_hard,low,3,3,71.2,3,1
Online Quiz,exam,29,28,40.2,32,5.15,24,79,hard,low,0,0,38.0,-3,0
DBMS Assignment,assignment,29,29,64.5,57,6.77,6,59,very_hard,critical,2,2,64.2,11,1
Weekly Test #5,exam,9,9,8.7,93,7.02,37,46,easy,medium,2,6,31.1,0,0
Unit Test,exam,26,21,71.0,60,7.34,41,95,easy,medium,1,3,31.1,-3,0
Open Source Contribution (Sem 2),project,7,4,70.0,88,7.19,13,67,very_hard,medium,4,2,57.7,11,1
Mid-Semester Exam,exam,28,27,16.5,5,7.62,38,71,easy,critical,8,1,59.8,12,1
Unit Test (Sem 6),exam,7,4,5.7,78,6.67,47,39,medium,critical,6,1,64.1,13,1
Online Quiz #3,exam,21,18,68.3,72,4.73,11,20,easy,critical,5,1,53.7,14,1
DBMS Lab - SQL Queries #5,lab_experiment,32,28,29.1,69,7.2,15,35,medium,critical,8,4,60.7,7,1
Final Year Project,project,5,4,75.2,12,4.43,47,84,medium,low,5,5,70.3,5,1
Practical Exam,exam,5,2,32.8,84,4.62,10,93,medium,low,7,0,49.2,14,1
Group Project - Web App #1,project,4,2,15.3,28,6.63,33,45,hard,high,5,6,86.7,11,1
Web Dev Assignment,assignment,5,2,27.8,33,9.05,34,60,medium,medium,5,5,66.8,10,1
Software Engineering Assignment #4,assignment,25,20,74.3,56,4.87,40,59,medium,low,3,3,42.8,-3,0
Web Dev Assignment #1,assignment,30,29,70.5,22,8.89,13,87,very_hard,high,4,2,64.9,4,1
Computer Graphics Assignment,assignment,14,12,63.6,12,7.28,5,52,medium,low,8,2,47.1,12,1
Digital Electronics Lab,lab_experiment,3,0,61.1,50,8.16,49,88,hard,critical,9,3,92.9,10,1
IoT Based Project,project,3,3,44.9,63,4.13,47,76,medium,high,5,3,75.1,5,1
Software Engineering Assignment #4,assignment,30,28,35.3,6,8.05,38,65,medium,high,8,4,62.6,6,1
Software Engineering Assignment,assignment,10,6,79.5,47,4.88,38,56,medium,medium,0,0,42.4,14,1
Viva Voce,exam,16,12,63.0,71,6.04,11,79,hard,low,6,5,48.9,0,0
Group Project - Web App (Sem 1),project,26,24,10.2,32,7.69,30,62,medium,medium,1,5,39.6,0,0
Viva Voce,exam,4,3,61.1,36,9.79,48,59,hard,high,10,3,77.6,10,1
Weekly Test (Sem 4),exam,24,20,65.7,59,4.13,11,64,medium,medium,1,5,42.3,3,1
AI Lab - Search Algorithms,lab_experiment,19,16,64.9,68,7.68,17,15,medium,low,4,5,35.1,0,0
Final Year Project (Sem 1),project,17,12,70.3,94,9.48,14,82,very_hard,low,9,6,47.6,12,1
Internal Assessment,exam,3,3,58.2,70,9.14,17,33,hard,low,2,6,50.7,1,1
Mobile App Development #4,project,32,28,52.2,46,9.63,36,37,very_hard,medium,5,5,64.4,4,1
ML Model Project (Sem 1),project,29,24,41.8,0,8.31,40,27,hard,medium,7,0,56.0,5,1
Capstone Project,project,19,14,50.0,10,9.46,9,64,very_hard,critical,3,3,73.9,12,1
Data Structures Assignment,assignment,1,0,55.7,67,9.62,40,100,easy,medium,7,4,63.6,14,1
Final Year Project #5,project,1,1,26.0,21,9.36,24,97,easy,medium,3,0,57.2,1,1
Computer Vision Lab,lab_experiment,3,3,71.7,51,6.83,21,14,easy,low,5,6,56.9,13,1
Unit Test (Sem 1),exam,17,16,9.5,65,9.12,39,17,medium,medium,0,3,26.9,-3,0
Module Exam,exam,31,29,60.0,39,6.07,40,26,very_hard,high,10,4,76.2,9,1
Open Source Contribution (Sem 2),project,33,30,23.1,70,8.08,24,63,hard,medium,2,1,33.4,-2,0
Digital Electronics Lab,lab_experiment,28,26,1.7,52,5.67,34,21,very_hard,critical,7,2,82.0,3,1
IoT Based Project,project,33,30,35.4,10,9.47,22,54,easy,low,10,0,35.2,-3,0
AI Lab - Search Algorithms,lab_experiment,25,22,5.2,50,5.07,11,12,hard,high,9,5,70.1,12,1
Embedded Systems Lab #2,lab_experiment,19,17,38.0,93,4.11,8,58,easy,high,1,6,37.2,-3,0
AI Lab - Search Algorithms,lab_experiment,20,18,60.0,38,4.03,27,65,very_hard,high,4,1,71.1,10,1
Mini Project #4,project,28,25,72.7,17,8.82,48,36,easy,critical,9,3,62.4,1,1
Final Year Project #3,project,4,4,17.7,36,9.59,27,70,easy,high,10,3,56.5,11,1
Group Project - Web App (Sem 3),project,4,2,12.4,11,4.6,6,69,hard,high,3,3,82.4,11,1
ML Model Project (Sem 3),project,3,0,5.5,66,8.87,41,47,easy,low,3,5,54.9,5,1
AI Lab - Search Algorithms #4,lab_experiment,23,21,53.6,72,4.8,13,50,hard,high,1,3,49.9,-1,0
Data Structures Assignment,assignment,8,8,22.0,81,5.69,50,98,medium,medium,6,1,45.8,10,1
Mini Project,project,9,4,73.7,49,5.24,27,73,medium,high,7,4,70.9,5,1
IoT Based Project #4,project,15,13,30.9,54,6.98,30,66,hard,critical,1,1,54.2,5,1
Software Engineering Assignment,assignment,7,6,24.8,18,4.97,32,99,medium,medium,2,6,63.6,11,1
Viva Voce #2,exam,12,12,2.0,36,7.43,17,50,very_hard,low,0,2,43.5,14,1
Computer Graphics Assignment #5,assignment,11,11,61.3,51,7.49,25,86,hard,medium,3,3,49.3,7,1
Internal Assessment (Sem 8),exam,24,24,3.9,58,9.94,18,42,easy,medium,7,2,34.2,-3,0
Mid-Semester Exam #2,exam,30,28,9.9,55,9.86,7,26,hard,high,4,1,47.7,12,1
OS Lab - Process Scheduling (Sem 6),lab_experiment,10,10,75.5,12,4.87,49,22,medium,critical,5,4,80.5,10,1
Surprise Test,exam,24,19,35.7,55,6.35,25,37,medium,low,8,0,36.5,-3,0
Final Year Project (Sem 3),project,6,1,20.7,88,6.13,39,35,medium,critical,4,6,83.3,12,1
Web Dev Assignment,assignment,23,20,27.7,39,9.01,39,25,very_hard,low,4,3,54.1,9,1
Research Project,project,16,15,38.8,22,4.73,18,79,hard,critical,5,0,74.4,14,1
Compiler Lab - Lexical Analysis #3,lab_experiment,7,7,16.7,13,4.91,17,19,very_hard,critical,2,2,87.1,4,1
Online Quiz,exam,30,26,9.8,25,9.53,29,32,easy,medium,4,6,44.9,5,1
Software Engineering Assignment #1,assignment,18,13,9.9,16,4.06,50,80,medium,high,4,3,66.8,6,1
Computer Vision Lab,lab_experiment,3,0,24.4,13,9.53,48,34,medium,medium,3,3,72.2,10,1
End-Semester Exam,exam,16,16,54.2,57,7.98,29,57,medium,medium,5,2,40.5,-2,0
Open Source Contribution,project,11,6,27.9,66,6.92,5,53,easy,high,0,5,42.3,-3,0
Research Project (Sem 5),project,25,21,25.8,31,6.32,30,66,easy,critical,3,6,60.8,10,1
Research Project,project,10,6,46.6,42,5.85,6,25,hard,low,4,1,56.2,14,1
Surprise Test (Sem 4),exam,9,8,72.0,21,7.07,14,78,very_hard,low,5,3,63.2,6,1
Final Year Project,project,22,17,37.7,39,6.76,6,59,medium,low,3,2,35.8,0,0
Computer Vision Lab #5,lab_experiment,32,27,23.4,16,5.39,25,15,medium,medium,3,6,58.3,10,1
Computer Vision Lab,lab_experiment,17,12,12.5,54,5.18,50,28,medium,low,2,4,43.2,-1,0
Open Source Contribution #4,project,27,25,64.6,53,8.3,50,11,very_hard,high,10,5,71.4,14,1
Open Source Contribution (Sem 6),project,8,5,48.2,76,9.26,38,24,hard,low,10,3,49.6,5,1
Viva Voce #5,exam,15,15,45.7,93,6.09,10,91,easy,high,4,0,31.4,-2,0
ML Model Project #3,project,9,5,8.6,69,7.01,23,49,easy,high,4,3,51.5,13,1
Machine Learning Assignment,assignment,25,21,63.1,14,6.83,14,55,medium,medium,10,5,58.6,9,1
Viva Voce,exam,24,20,67.8,33,6.17,44,21,very_hard,critical,9,4,85.8,6,1
DBMS Assignment #1,assignment,29,24,73.0,56,9.58,32,39,medium,low,8,1,34.0,0,0
Algorithms Assignment (Sem 1),assignment,6,5,69.2,97,4.74,49,30,medium,medium,8,1,50.5,2,1
OS Lab - Process Scheduling (Sem 6),lab_experiment,4,3,77.9,78,7.78,33,89,hard,low,10,3,55.7,11,1
AI Lab - Search Algorithms #3,lab_experiment,3,1,29.6,72,6.8,19,56,hard,high,9,5,86.5,10,1
Practical Exam (Sem 3),exam,8,4,35.7,100,4.2,28,90,hard,high,5,4,67.8,13,1
Practical Exam,exam,26,26,26.4,93,9.86,33,32,hard,critical,9,0,51.7,3,1
Capstone Project (Sem 4),project,16,11,69.3,30,6.74,45,64,hard,low,0,0,35.5,-3,0
Mini Project #5,project,31,28,63.8,24,4.8,28,93,hard,medium,6,1,62.0,2,1
Online Quiz (Sem 5),exam,26,23,17.2,36,8.9,8,40,hard,medium,6,1,47.6,14,1
Final Year Project (Sem 7),project,19,16,66.4,87,6.74,37,43,very_hard,low,3,6,50.3,2,1
IoT Based Project,project,9,5,41.6,60,6.34,12,67,easy,medium,6,0,42.2,1,1
AI Lab - Search Algorithms #1,lab_experiment,31,27,75.4,71,5.04,38,67,easy,medium,1,3,33.6,-3,0
Surprise Test #4,exam,0,0,48.7,6,6.56,47,43,easy,critical,7,5,98.5,2,1
Compiler Lab - Lexical Analysis #2,lab_experiment,3,3,26.7,42,7.76,16,43,hard,high,7,4,75.2,13,1
OS Lab - Process Scheduling (Sem 6),lab_experiment,2,2,19.1,3,9.36,46,39,hard,low,1,6,64.0,7,1
End-Semester Exam,exam,29,28,21.8,98,4.33,40,82,medium,high,7,6,56.4,2,1
IOT Lab Experiment #4,lab_experiment,5,0,70.1,7,6.3,5,64,easy,medium,0,5,64.1,7,1
Mid-Semester Exam,exam,18,17,15.1,93,5.65,49,22,hard,high,0,3,46.3,-3,0
Internal Assessment #5,exam,7,7,36.9,94,4.88,23,65,easy,critical,5,1,58.5,3,1
End-Semester Exam #1,exam,4,2,70.4,13,4.83,40,82,easy,high,5,4,81.4,12,1
Compiler Lab - Lexical Analysis,lab_experiment,18,17,68.1,92,7.9,44,62,hard,medium,6,0,38.0,0,0
Practical Exam #4,exam,5,1,68.3,10,7.72,36,82,hard,medium,9,0,78.6,3,1
Computer Vision Lab (Sem 5),lab_experiment,28,24,21.1,27,4.03,46,98,hard,medium,8,2,65.2,5,1
DBMS Assignment #2,assignment,29,26,10.0,100,5.86,29,52,very_hard,low,10,1,49.9,9,1
Final Year Project (Sem 2),project,10,7,33.3,78,10.0,7,75,easy,critical,8,5,58.1,10,1
Networking Assignment,assignment,3,3,23.5,0,7.05,46,44,medium,high,4,2,77.6,14,1
Network Lab - Packet Analysis #3,lab_experiment,4,4,77.9,88,4.39,48,52,easy,critical,0,4,53.2,5,1
Unit Test (Sem 6),exam,21,20,6.6,43,6.14,24,65,easy,critical,0,6,48.8,1,1
Machine Learning Assignment (Sem 8),assignment,15,13,59.8,13,5.85,34,66,easy,low,5,2,49.8,7,1
DBMS Lab - SQL Queries #3,lab_experiment,13,9,45.1,92,4.27,36,35,easy,medium,1,4,31.2,-3,0
IOT Lab Experiment,lab_experiment,2,2,1.7,21,8.91,25,98,hard,high,10,2,76.3,14,1
DS Lab - Linked List,lab_experiment,24,22,53.7,80,5.77,22,15,hard,medium,6,6,58.2,14,1
Research Project (Sem 8),project,30,26,43.4,10,4.62,37,28,easy,critical,0,3,57.7,7,1
Math Assignment #5,assignment,22,17,51.1,87,6.78,7,42,easy,medium,7,3,34.3,0,0
Capstone Project #2,project,30,28,47.4,48,4.18,36,10,easy,high,3,6,55.0,13,1
Research Project #2,project,14,14,78.1,14,6.42,32,33,hard,high,6,4,72.4,11,1
IOT Lab Experiment,lab_experiment,20,16,69.7,83,8.85,15,60,medium,high,4,2,37.9,0,0
Software Engineering Assignment (Sem 6),assignment,23,19,62.9,30,9.9,9,89,easy,high,3,1,37.9,-3,0
Viva Voce #2,exam,21,19,79.7,38,9.75,39,54,medium,critical,0,2,45.3,5,1
Research Project #3,project,26,21,24.0,12,6.43,18,21,medium,high,6,6,66.4,13,1
End-Semester Exam,exam,2,1,18.3,75,4.1,33,44,hard,low,0,3,61.3,13,1
Final Year Project (Sem 1),project,30,26,61.6,53,7.56,5,26,hard,high,1,5,46.9,8,1
Machine Learning Assignment #5,assignment,26,25,22.8,7,6.86,20,12,very_hard,high,7,6,82.6,8,1
Network Lab - Packet Analysis #4,lab_experiment,32,29,18.8,79,5.89,38,99,very_hard,medium,0,0,43.0,-1,0
Data Structures Assignment (Sem 6),assignment,12,10,46.5,91,5.75,29,54,easy,critical,9,1,51.7,2,1
IOT Lab Experiment,lab_experiment,12,12,39.2,65,6.51,8,95,hard,medium,7,1,46.8,1,1
Software Engineering Assignment #3,assignment,14,14,20.5,17,8.0,40,21,hard,high,3,2,57.6,9,1
Networking Assignment #1,assignment,22,21,70.8,18,9.87,46,60,hard,high,3,5,64.0,11,1
OS Lab - Process Scheduling (Sem 2),lab_experiment,20,15,31.0,36,4.02,32,58,easy,high,0,3,44.0,-3,0
Module Exam,exam,20,16,17.0,19,7.44,39,65,medium,critical,6,6,75.1,2,1
Practical Exam (Sem 2),exam,6,2,38.9,46,9.25,19,69,medium,high,6,5,69.7,2,1
Compiler Lab - Lexical Analysis,lab_experiment,29,24,53.1,91,6.32,11,77,very_hard,high,2,2,49.9,-3,0
Unit Test,exam,30,25,63.4,79,5.44,18,79,medium,low,10,3,42.0,-3,0
Network Lab - Packet Analysis (Sem 8),lab_experiment,30,25,29.3,59,5.36,34,57,medium,high,10,2,57.6,11,1
Data Structures Assignment #5,assignment,4,4,38.8,98,6.03,22,10,easy,medium,9,2,39.6,-3,0
DS Lab - Linked List (Sem 5),lab_experiment,12,10,13.3,17,8.94,25,47,very_hard,high,4,6,73.1,3,1
Digital Electronics Lab #3,lab_experiment,3,2,60.4,94,5.22,27,50,medium,medium,1,1,43.9,4,1
DS Lab - Linked List #1,lab_experiment,8,3,72.2,13,4.47,47,93,hard,medium,3,5,83.1,14,1
Capstone Project (Sem 1),project,10,5,76.2,27,8.45,28,90,easy,critical,1,6,58.4,2,1
OS Assignment (Sem 1),assignment,18,17,53.3,6,7.04,42,82,medium,medium,0,4,46.0,11,1
Networking Assignment (Sem 2),assignment,24,20,45.4,54,8.93,6,30,easy,high,8,1,38.8,0,0
Machine Learning Assignment,assignment,8,6,73.9,82,8.85,38,63,easy,medium,5,4,43.4,12,1
Math Assignment #5,assignment,25,21,35.4,4,6.74,40,73,hard,low,4,3,58.2,5,1
Unit Test (Sem 6),exam,21,16,78.8,92,6.29,37,44,easy,high,9,1,39.3,0,0
DBMS Assignment #5,assignment,31,29,21.2,18,8.78,14,91,medium,high,0,0,34.8,-1,0
Mobile App Development #5,project,11,6,54.2,96,4.65,44,60,medium,medium,6,5,58.2,9,1
Algorithms Assignment #1,assignment,19,17,71.1,35,5.95,31,68,hard,critical,3,5,77.1,13,1
Embedded Systems Lab #2,lab_experiment,16,11,36.2,64,8.02,9,70,medium,high,9,3,46.1,7,1
Algorithms Assignment #3,assignment,15,11,53.7,74,4.35,49,87,hard,high,7,0,59.1,1,1
Final Year Project,project,8,8,75.2,21,7.95,45,53,very_hard,critical,6,0,75.3,7,1
Module Exam,exam,9,5,62.7,46,4.14,47,48,medium,medium,4,4,63.5,9,1
Module Exam (Sem 2),exam,6,3,23.5,56,8.49,33,61,medium,low,10,1,49.1,13,1
Industry Internship Project (Sem 1),project,23,18,38.6,29,7.89,8,38,medium,critical,0,3,46.0,0,0
Online Quiz,exam,8,6,74.7,72,8.24,34,16,medium,medium,0,0,27.0,-2,0
DS Lab - Linked List (Sem 4),lab_experiment,5,2,58.3,87,6.92,23,89,very_hard,high,1,4,67.9,9,1
Internal Assessment,exam,12,12,66.3,6,4.73,38,50,very_hard,low,3,1,63.6,4,1
Data Structures Assignment #4,assignment,19,15,55.3,36,6.51,7,57,hard,low,1,0,33.5,0,0
Open Source Contribution,project,13,12,59.7,5,4.48,37,79,easy,high,7,5,69.7,5,1
Machine Learning Assignment #1,assignment,7,2,29.1,95,9.31,17,24,hard,medium,8,4,57.7,13,1
IOT Lab Experiment #4,lab_experiment,10,6,21.8,29,6.23,11,78,hard,high,6,5,77.3,9,1
Compiler Lab - Lexical Analysis,lab_experiment,29,26,23.6,58,4.67,49,67,easy,medium,10,5,53.3,8,1
DBMS Lab - SQL Queries #5,lab_experiment,3,2,20.6,54,6.66,11,97,easy,low,5,2,49.3,13,1
DS Lab - Linked List (Sem 4),lab_experiment,25,21,36.7,84,8.21,6,44,hard,medium,5,4,43.8,0,0
Networking Assignment,assignment,5,4,30.1,96,9.29,7,61,medium,critical,7,3,55.5,6,1
Viva Voce,exam,26,26,23.3,8,8.83,48,86,hard,high,8,4,70.2,6,1
Mobile App Development (Sem 2),project,21,18,57.6,84,9.83,48,66,hard,high,9,5,57.0,3,1
Open Source Contribution (Sem 7),project,22,22,69.6,90,9.11,36,84,medium,low,9,3,31.6,-2,0
Web Dev Assignment (Sem 4),assignment,11,7,6.6,1,4.65,17,61,very_hard,medium,8,5,89.5,4,1
Computer Graphics Assignment (Sem 3),assignment,35,30,30.9,99,6.37,23,42,very_hard,medium,3,5,51.5,12,1
Network Lab - Packet Analysis #3,lab_experiment,14,9,31.2,94,7.13,38,94,medium,critical,0,6,45.0,-1,0
Viva Voce,exam,0,0,11.1,72,8.41,19,48,hard,medium,7,6,74.5,2,1
Unit Test (Sem 4),exam,21,16,41.6,100,4.74,34,32,hard,high,8,4,60.4,14,1
Mid-Semester Exam (Sem 7),exam,27,24,26.0,28,7.17,26,39,hard,medium,1,1,44.0,3,1
Web Dev Assignment #2,assignment,29,25,54.7,81,9.58,26,59,easy,critical,2,2,36.4,8,1
Networking Assignment,assignment,30,25,68.7,59,7.21,6,17,medium,medium,9,5,48.8,0,0
Unit Test (Sem 4),exam,32,30,26.8,5,6.63,42,34,easy,critical,0,0,48.2,12,1
Network Lab - Packet Analysis (Sem 5),lab_experiment,30,25,47.8,28,4.24,29,22,easy,medium,10,6,57.3,8,1
Algorithms Assignment #1,assignment,8,8,65.0,48,5.64,11,57,hard,critical,1,4,64.5,3,1
Network Lab - Packet Analysis,lab_experiment,26,21,69.6,95,8.4,28,17,easy,low,2,1,11.8,-2,0
Networking Assignment (Sem 3),assignment,19,17,74.2,64,9.36,23,33,medium,medium,2,1,27.5,-3,0
Surprise Test,exam,6,1,61.1,76,8.94,42,53,medium,low,1,0,42.0,-1,0
Open Source Contribution (Sem 3),project,17,17,64.1,83,9.19,45,51,hard,high,9,5,56.9,5,1
Computer Graphics Assignment (Sem 8),assignment,29,25,69.6,62,6.44,6,95,easy,high,1,0,28.2,-1,0
Internal Assessment (Sem 7),exam,14,14,7.2,37,4.66,5,48,hard,critical,8,4,78.1,3,1
Software Engineering Assignment #3,assignment,31,30,52.2,3,7.78,44,80,easy,low,7,1,40.8,7,1
Unit Test (Sem 4),exam,15,14,30.5,81,8.38,13,16,hard,high,6,2,48.1,7,1
Industry Internship Project #1,project,30,30,71.6,18,6.78,44,49,hard,high,1,1,54.8,1,1
Surprise Test #4,exam,26,25,20.6,95,4.99,45,84,medium,low,10,1,37.5,-3,0
Open Source Contribution (Sem 8),project,29,26,66.4,73,5.1,8,96,very_hard,low,2,4,50.2,12,1
Viva Voce,exam,7,4,60.3,54,9.18,38,94,medium,high,1,2,45.0,0,0
Network Lab - Packet Analysis (Sem 5),lab_experiment,7,3,60.8,52,4.08,26,92,hard,medium,7,4,77.2,2,1
Weekly Test (Sem 6),exam,26,23,24.8,99,6.77,11,71,easy,low,6,4,29.3,-3,0
Internal Assessment #2,exam,8,7,44.0,26,4.13,45,27,medium,medium,8,5,72.3,4,1
DBMS Lab - SQL Queries,lab_experiment,18,16,55.3,5,7.86,30,43,medium,medium,3,2,45.0,-1,0
Math Assignment #5,assignment,16,11,49.7,46,4.47,35,42,hard,high,5,0,63.3,5,1
Viva Voce (Sem 3),exam,4,0,30.4,40,6.19,43,21,easy,medium,1,6,64.3,2,1
Industry Internship Project #3,project,30,29,15.5,65,5.42,44,91,hard,high,7,6,70.4,5,1
IOT Lab Experiment (Sem 7),lab_experiment,7,7,68.3,78,9.15,46,53,easy,critical,4,3,55.0,9,1
ML Model Project,project,21,17,66.7,64,8.02,9,11,very_hard,critical,9,6,73.1,3,1
End-Semester Exam,exam,31,27,47.7,36,6.29,20,23,very_hard,medium,6,2,63.8,14,1
Online Quiz,exam,0,0,74.9,37,8.92,17,35,medium,critical,0,0,64.3,6,1
ML Model Project (Sem 8),project,33,28,29.8,96,5.98,30,82,medium,low,6,5,43.8,0,0
Compiler Lab - Lexical Analysis (Sem 3),lab_experiment,17,16,58.0,78,6.3,14,57,hard,critical,4,5,64.8,2,1
Mini Project #4,project,24,21,60.3,59,6.41,5,60,medium,medium,5,4,46.7,0,0
Web Dev Assignment,assignment,17,13,66.1,58,7.42,43,38,hard,critical,4,4,69.7,11,1
Research Project #2,project,9,6,48.4,22,7.02,25,20,medium,low,8,1,53.1,8,1
Weekly Test,exam,20,15,18.0,89,5.48,8,24,easy,medium,8,3,39.0,0,0
Final Year Project #3,project,25,23,3.9,42,9.59,49,22,medium,high,10,5,58.5,6,1
Surprise Test (Sem 1),exam,24,21,9.6,39,6.29,40,73,medium,critical,10,2,65.2,14,1
Mobile App Development,project,9,6,70.2,25,7.97,23,26,medium,medium,2,1,43.3,0,0
Computer Graphics Assignment #2,assignment,10,7,31.6,43,9.88,31,68,medium,high,6,5,64.5,13,1
Web Dev Assignment (Sem 8),assignment,16,15,74.2,85,5.17,28,67,medium,critical,7,5,65.8,7,1
IoT Based Project #4,project,8,8,71.9,20,6.37,50,94,hard,low,3,2,51.0,14,1
Practical Exam #4,exam,24,22,48.0,11,6.73,22,78,hard,low,1,2,44.0,-3,0
Computer Graphics Assignment (Sem 6),assignment,19,15,64.7,71,5.47,38,91,hard,medium,0,1,38.6,-2,0
Math Assignment #4,assignment,2,0,16.3,31,7.88,47,15,medium,medium,9,4,76.5,4,1
Final Year Project (Sem 7),project,7,5,79.6,70,9.7,28,63,hard,low,0,6,38.8,-2,0
Machine Learning Assignment #5,assignment,19,16,17.8,88,7.94,6,43,easy,medium,4,0,20.0,0,0
Software Engineering Assignment,assignment,25,25,32.4,41,5.7,27,34,hard,medium,10,6,66.5,13,1
Algorithms Assignment (Sem 1),assignment,17,17,25.8,83,6.87,21,97,hard,high,7,2,53.5,9,1
Mid-Semester Exam (Sem 5),exam,11,7,37.3,27,7.23,43,28,medium,high,5,5,73.9,5,1
Viva Voce #3,exam,32,27,35.6,25,7.91,12,85,hard,medium,6,0,48.2,13,1
Practical Exam #4,exam,16,11,51.6,54,5.37,18,16,medium,low,1,3,35.0,-2,0
Industry Internship Project,project,28,28,77.9,31,5.18,17,81,hard,medium,10,1,59.5,7,1
Weekly Test,exam,15,10,3.7,90,5.45,18,25,very_hard,medium,9,1,55.8,4,1
Online Quiz,exam,9,8,19.9,57,4.53,16,12,very_hard,medium,4,4,65.2,3,1
Networking Assignment,assignment,16,12,15.8,78,6.71,13,95,hard,medium,2,2,37.7,-1,0
ML Model Project,project,21,21,38.2,81,7.51,8,71,easy,high,10,4,39.6,0,0
Machine Learning Assignment #5,assignment,11,9,19.0,41,9.9,42,38,medium,critical,7,0,56.0,7,1
Math Assignment,assignment,12,12,33.2,10,4.1,49,96,easy,medium,2,1,45.9,-3,0
DS Lab - Linked List #1,lab_experiment,16,15,34.8,36,6.65,7,79,easy,high,0,1,32.5,-1,0
Networking Assignment,assignment,13,12,41.1,78,6.06,38,11,medium,medium,8,2,42.2,-3,0
Software Engineering Assignment (Sem 4),assignment,5,5,65.3,39,8.74,45,58,medium,medium,7,1,51.7,4,1
Online Quiz #4,exam,34,29,32.5,16,7.69,8,13,hard,medium,0,1,36.6,0,0
ML Model Project,project,21,16,28.0,67,7.11,15,57,hard,low,4,5,47.1,13,1
Practical Exam (Sem 3),exam,9,7,51.1,69,9.7,45,42,easy,low,4,1,32.7,-3,0
Viva Voce (Sem 5),exam,20,16,41.4,0,9.26,38,64,hard,critical,0,6,65.8,12,1
IoT Based Project (Sem 4),project,27,22,47.6,46,8.6,33,64,hard,critical,4,1,60.1,8,1
Computer Graphics Assignment (Sem 4),assignment,15,13,24.0,67,9.26,42,48,hard,high,3,6,53.8,13,1
Math Assignment,assignment,11,8,63.4,80,4.48,49,59,medium,low,7,5,48.9,11,1
Math Assignment #3,assignment,26,25,47.3,47,7.09,21,84,easy,medium,8,3,43.7,-1,0
Surprise Test (Sem 2),exam,20,16,17.0,99,8.27,27,76,very_hard,medium,8,3,48.9,13,1
Online Quiz,exam,14,12,58.9,8,5.56,47,73,very_hard,high,4,6,87.1,11,1
Data Structures Assignment #3,assignment,7,6,33.5,22,9.06,32,37,very_hard,low,5,6,71.8,12,1
Open Source Contribution,project,13,10,44.6,53,6.35,18,64,hard,low,2,6,44.2,-3,0
DBMS Assignment (Sem 6),assignment,13,13,29.3,35,6.89,41,74,very_hard,medium,4,5,69.1,12,1
Machine Learning Assignment (Sem 2),assignment,22,19,41.5,88,4.95,31,28,hard,critical,8,4,70.5,11,1
Machine Learning Assignment #2,assignment,3,3,30.5,53,4.07,15,35,medium,high,0,2,56.9,8,1
Network Lab - Packet Analysis,lab_experiment,9,8,56.2,96,6.94,25,79,hard,high,1,3,41.3,-2,0
Surprise Test,exam,18,16,6.6,34,8.02,33,66,medium,low,3,0,30.5,-1,0
Digital Electronics Lab,lab_experiment,25,20,72.3,65,8.51,12,21,medium,high,9,1,42.2,9,1
AI Lab - Search Algorithms,lab_experiment,18,13,57.4,5,8.01,19,52,hard,critical,8,5,77.9,10,1
ML Model Project (Sem 6),project,9,9,68.2,98,7.05,25,80,medium,high,4,4,44.9,13,1
Viva Voce (Sem 3),exam,18,15,74.2,85,6.03,33,50,medium,medium,6,4,44.3,9,1
Algorithms Assignment (Sem 4),assignment,27,26,54.1,11,9.91,17,35,medium,low,2,3,36.5,-1,0
Machine Learning Assignment #1,assignment,13,9,46.1,7,8.61,14,13,medium,low,7,1,42.0,6,1
Computer Graphics Assignment #2,assignment,20,15,41.0,32,8.23,50,77,hard,low,6,0,45.6,13,1
OS Lab - Process Scheduling (Sem 3),lab_experiment,32,28,36.3,4,4.72,8,58,easy,medium,5,1,52.0,2,1
Network Lab - Packet Analysis,lab_experiment,10,8,18.3,53,8.8,44,29,hard,critical,6,3,66.8,6,1
Practical Exam #4,exam,2,1,35.8,6,6.64,9,16,hard,critical,5,5,100.0,6,1
IoT Based Project #2,project,29,24,36.8,32,8.13,34,21,very_hard,medium,1,6,55.0,11,1
Online Quiz (Sem 2),exam,7,2,57.8,69,4.49,40,72,hard,critical,8,6,92.2,2,1
Module Exam (Sem 2),exam,23,20,12.0,77,5.23,38,44,easy,high,1,4,41.4,-1,0
Mini Project,project,24,24,1.8,6,8.97,21,72,hard,low,9,6,57.9,5,1
Software Engineering Assignment (Sem 7),assignment,14,10,4.0,7,5.16,33,10,very_hard,critical,1,2,78.9,7,1
Computer Vision Lab,lab_experiment,28,25,51.0,22,5.3,37,34,medium,high,2,1,54.3,2,1
Weekly Test,exam,17,12,2.4,47,9.3,50,99,very_hard,low,9,1,52.6,7,1
Industry Internship Project #2,project,4,4,78.8,29,5.73,11,42,hard,high,6,1,74.3,1,1
Computer Vision Lab,lab_experiment,16,16,7.4,2,5.21,42,60,hard,medium,3,2,63.8,10,1
Networking Assignment (Sem 3),assignment,14,13,40.3,93,5.69,38,76,very_hard,medium,2,2,50.2,6,1
Computer Graphics Assignment (Sem 8),assignment,8,3,18.1,72,4.72,36,29,easy,low,8,1,51.2,11,1
Computer Vision Lab #2,lab_experiment,9,9,62.3,67,6.83,28,50,medium,medium,5,5,49.4,5,1
IoT Based Project,project,9,9,73.8,53,9.92,44,15,hard,low,2,5,41.8,-1,0
Algorithms Assignment (Sem 1),assignment,15,15,38.3,70,6.75,41,63,medium,medium,3,5,44.1,7,1
Data Structures Assignment #3,assignment,13,10,48.9,17,6.98,28,39,medium,medium,2,3,46.4,14,1
Internal Assessment #4,exam,11,9,46.0,60,8.34,12,30,very_hard,medium,9,2,53.2,2,1
Internal Assessment,exam,5,1,8.6,18,9.95,50,75,medium,critical,0,1,73.4,10,1
Final Year Project,project,21,16,49.1,2,9.63,47,43,easy,medium,7,2,48.3,0,0
Open Source Contribution,project,31,28,31.0,16,5.58,9,10,medium,critical,10,4,75.7,11,1
DBMS Lab - SQL Queries #5,lab_experiment,23,21,62.4,77,5.71,6,51,easy,high,5,6,52.2,2,1
Surprise Test #3,exam,24,24,20.2,42,6.52,15,69,very_hard,critical,1,0,61.1,11,1
Mid-Semester Exam #1,exam,25,25,77.9,79,7.77,20,66,easy,critical,7,3,47.2,-1,0
Machine Learning Assignment #5,assignment,21,18,29.7,27,4.45,48,25,medium,critical,5,5,79.4,2,1
ML Model Project (Sem 4),project,24,20,42.8,66,7.21,29,69,very_hard,low,7,2,53.7,14,1
Machine Learning Assignment (Sem 7),assignment,26,25,61.8,87,9.33,36,55,medium,low,10,4,34.2,0,0
DS Lab - Linked List #1,lab_experiment,24,22,66.6,70,6.44,46,22,medium,critical,4,0,52.6,12,1
OS Lab - Process Scheduling,lab_experiment,5,5,33.2,51,5.07,31,93,medium,low,8,1,52.9,7,1
Computer Graphics Assignment (Sem 2),assignment,27,27,15.3,64,8.21,49,32,hard,medium,8,5,54.1,1,1
Embedded Systems Lab (Sem 3),lab_experiment,2,1,6.9,13,7.77,15,31,hard,medium,8,0,75.9,12,1
Capstone Project #2,project,18,14,16.6,29,9.87,38,23,easy,low,3,1,29.0,-1,0
Embedded Systems Lab,lab_experiment,20,20,43.6,13,9.33,20,12,medium,medium,8,5,54.4,1,1
DBMS Assignment,assignment,13,8,16.7,99,8.55,31,54,very_hard,critical,1,0,46.3,2,1
Web Dev Assignment,assignment,29,29,58.3,90,4.31,42,83,easy,high,7,0,43.2,-1,0
Machine Learning Assignment,assignment,22,22,67.1,41,4.14,49,48,easy,high,5,0,53.7,14,1
OS Assignment #2,assignment,5,1,15.4,59,8.81,17,82,easy,medium,8,0,54.9,8,1
Algorithms Assignment #5,assignment,29,29,48.4,4,5.66,12,48,easy,medium,8,4,58.4,13,1
Web Dev Assignment,assignment,5,1,28.6,29,8.76,23,79,hard,medium,9,0,73.5,14,1
IOT Lab Experiment #3,lab_experiment,24,23,24.8,60,7.68,44,17,medium,high,10,1,46.4,12,1
Weekly Test (Sem 1),exam,27,27,71.6,70,5.16,31,34,very_hard,medium,4,6,66.1,1,1
Module Exam,exam,19,17,28.7,60,4.51,6,66,hard,medium,6,3,56.6,3,1
Mini Project,project,30,30,23.5,99,8.57,20,12,medium,critical,5,1,44.2,0,0
Digital Electronics Lab (Sem 6),lab_experiment,29,26,43.4,1,8.33,46,81,medium,low,6,4,52.4,1,1
Machine Learning Assignment #3,assignment,25,22,26.9,7,8.48,24,77,easy,medium,4,1,40.0,-1,0
Online Quiz #5,exam,13,12,33.7,27,7.58,27,22,hard,high,1,5,54.3,14,1
Digital Electronics Lab #2,lab_experiment,34,29,70.0,82,5.83,10,50,very_hard,critical,9,5,79.6,14,1
IOT Lab Experiment (Sem 8),lab_experiment,14,14,16.0,68,7.7,46,62,easy,high,0,0,23.0,-3,0
DBMS Lab - SQL Queries (Sem 4),lab_experiment,23,20,40.6,8,8.8,39,70,hard,high,10,5,71.3,9,1
Computer Vision Lab (Sem 1),lab_experiment,4,1,76.2,18,8.92,40,48,easy,high,9,5,82.4,1,1
Research Project (Sem 1),project,26,24,33.3,49,8.0,5,52,very_hard,critical,6,4,73.7,10,1
DBMS Assignment (Sem 6),assignment,9,5,42.1,96,7.58,17,68,hard,medium,7,5,52.5,1,1
End-Semester Exam,exam,8,8,33.4,86,8.66,11,73,medium,low,7,4,31.9,0,0
OS Lab - Process Scheduling #5,lab_experiment,29,28,65.0,24,8.56,12,96,hard,medium,8,3,54.4,5,1
Final Year Project (Sem 6),project,26,24,4.6,26,4.49,33,47,hard,high,1,6,65.1,6,1
IoT Based Project #1,project,5,3,77.3,90,9.45,5,71,medium,medium,8,1,44.5,0,0
OS Lab - Process Scheduling,lab_experiment,9,4,78.4,13,9.46,14,61,very_hard,low,7,5,71.8,11,1
Capstone Project (Sem 6),project,28,25,25.7,59,4.62,37,65,very_hard,high,7,1,70.9,6,1
Data Structures Assignment,assignment,15,13,75.1,65,6.69,50,92,hard,medium,2,6,50.0,11,1
DBMS Lab - SQL Queries,lab_experiment,5,0,45.1,63,7.08,10,39,medium,medium,9,0,63.4,10,1
Embedded Systems Lab #4,lab_experiment,15,13,41.1,64,4.51,37,40,hard,high,0,3,50.9,2,1
Mini Project #2,project,22,22,71.5,44,7.25,41,35,hard,high,7,4,67.3,3,1
ML Model Project #1,project,34,29,22.6,26,5.65,16,76,medium,high,5,4,66.4,10,1
Data Structures Assignment #5,assignment,6,3,25.8,55,6.27,48,41,medium,high,3,6,69.8,12,1
Machine Learning Assignment,assignment,1,1,37.9,93,5.22,48,60,medium,medium,7,0,66.2,2,1
DBMS Assignment (Sem 3),assignment,22,19,52.2,17,5.57,33,62,easy,high,10,1,58.9,5,1
Capstone Project,project,7,7,2.8,79,7.2,32,26,medium,low,1,2,32.4,0,0
Machine Learning Assignment #2,assignment,5,4,69.4,14,8.15,30,77,medium,medium,6,2,57.2,14,1
IoT Based Project,project,10,9,51.3,74,4.5,8,37,hard,medium,7,1,50.0,7,1
Practical Exam,exam,5,5,56.5,38,7.65,33,65,hard,medium,5,2,59.7,8,1
DBMS Lab - SQL Queries (Sem 2),lab_experiment,19,19,20.6,48,7.15,20,85,very_hard,critical,2,6,73.4,13,1
Computer Vision Lab #4,lab_experiment,24,23,15.1,2,6.97,10,92,easy,critical,0,6,55.6,11,1
DS Lab - Linked List (Sem 7),lab_experiment,28,24,23.7,77,5.73,14,73,hard,medium,7,2,52.0,5,1
Group Project - Web App #2,project,14,14,76.1,73,9.45,28,44,hard,critical,8,2,59.2,8,1
IOT Lab Experiment #4,lab_experiment,7,2,14.8,69,4.56,36,24,medium,medium,9,4,67.8,14,1
Viva Voce (Sem 3),exam,34,30,15.9,48,5.28,16,44,medium,critical,4,1,61.0,10,1
Practical Exam,exam,5,5,3.9,29,9.88,10,59,hard,medium,6,6,65.2,9,1
AI Lab - Search Algorithms (Sem 4),lab_experiment,24,20,38.4,56,6.35,35,50,easy,critical,9,4,60.3,9,1
Computer Vision Lab (Sem 8),lab_experiment,14,10,46.3,46,7.01,24,24,hard,high,4,4,62.2,3,1
Online Quiz,exam,31,27,42.2,29,8.35,30,67,easy,low,1,6,30.2,0,0
Digital Electronics Lab,lab_experiment,16,16,3.3,88,6.38,36,10,very_hard,medium,1,4,47.0,6,1
Machine Learning Assignment #2,assignment,5,2,20.6,5,6.06,29,46,hard,critical,9,0,88.9,13,1
Web Dev Assignment #3,assignment,6,1,78.7,9,6.73,28,13,medium,high,5,3,89.0,9,1
Algorithms Assignment #1,assignment,33,30,2.9,93,6.16,17,76,medium,critical,10,4,56.1,4,1
Computer Vision Lab,lab_experiment,21,16,10.8,10,7.94,36,45,very_hard,high,0,6,63.6,8,1
Internal Assessment,exam,22,17,50.8,27,5.0,19,94,medium,low,10,6,56.5,4,1
Online Quiz (Sem 3),exam,10,8,72.5,36,8.91,16,27,easy,medium,7,1,36.4,-2,0
DS Lab - Linked List,lab_experiment,23,20,4.5,87,8.03,16,27,easy,medium,6,0,24.2,0,0
Module Exam (Sem 5),exam,13,8,72.7,58,5.31,44,74,hard,high,8,6,71.8,2,1
AI Lab - Search Algorithms,lab_experiment,26,25,48.4,28,6.14,43,73,medium,low,8,1,45.7,3,1
Computer Graphics Assignment #2,assignment,23,19,3.9,3,8.93,43,32,hard,medium,7,4,63.7,6,1
Algorithms Assignment #3,assignment,29,24,47.9,36,5.64,24,28,hard,high,10,3,70.2,4,1
Research Project,project,26,25,17.1,32,7.2,17,72,hard,medium,7,5,62.3,11,1
IOT Lab Experiment,lab_experiment,11,7,16.5,9,4.64,29,52,medium,low,6,2,63.1,6,1
Industry Internship Project #4,project,29,26,3.8,61,4.64,35,21,medium,high,10,4,61.3,4,1
DS Lab - Linked List #2,lab_experiment,10,5,52.6,47,6.02,12,36,medium,high,1,6,54.8,13,1
Networking Assignment,assignment,29,28,35.8,84,4.83,47,91,hard,low,1,3,38.9,-2,0
Network Lab - Packet Analysis #4,lab_experiment,20,17,50.7,71,8.17,46,62,medium,low,7,0,30.4,0,0
Module Exam,exam,33,29,60.2,65,9.13,25,64,hard,low,2,4,35.5,-1,0
OS Assignment (Sem 3),assignment,33,29,25.1,83,5.25,17,50,easy,high,2,3,39.1,-1,0
Network Lab - Packet Analysis (Sem 7),lab_experiment,13,9,59.8,24,9.24,47,26,easy,critical,3,5,58.9,13,1
Software Engineering Assignment,assignment,6,5,48.4,50,9.48,43,19,hard,high,6,3,67.3,5,1
OS Assignment (Sem 2),assignment,14,12,66.5,99,8.01,21,62,hard,high,2,1,34.3,0,0
Surprise Test #4,exam,18,18,5.1,1,4.02,34,10,easy,low,0,5,43.2,-3,0
Internal Assessment,exam,24,22,50.0,31,4.71,6,56,medium,medium,10,5,59.4,10,1
DBMS Lab - SQL Queries #2,lab_experiment,32,27,22.5,64,9.26,14,40,hard,low,0,6,30.6,-3,0
Computer Graphics Assignment (Sem 3),assignment,30,26,50.3,26,8.27,15,18,easy,high,10,0,43.3,-3,0
Math Assignment #1,assignment,6,1,48.4,65,5.81,35,96,easy,critical,10,1,82.5,12,1
Computer Graphics Assignment (Sem 8),assignment,15,12,54.0,30,4.62,7,16,hard,medium,3,0,50.7,-1,0
Network Lab - Packet Analysis #2,lab_experiment,24,23,14.0,10,5.55,35,98,easy,high,0,3,49.5,7,1
DS Lab - Linked List #2,lab_experiment,31,29,4.1,84,5.64,24,43,medium,low,10,2,39.6,-2,0
Final Year Project,project,18,13,41.5,95,8.7,50,59,medium,low,7,1,28.0,0,0
Network Lab - Packet Analysis #3,lab_experiment,19,17,42.9,51,5.25,12,66,hard,low,3,6,52.0,9,1
Data Structures Assignment #2,assignment,21,17,11.0,86,5.25,19,96,very_hard,critical,5,4,77.7,7,1
DS Lab - Linked List (Sem 3),lab_experiment,5,4,66.1,97,4.79,31,48,easy,low,10,2,40.7,-2,0
OS Lab - Process Scheduling #3,lab_experiment,27,25,60.6,57,6.53,30,23,hard,low,1,3,37.6,-1,0
AI Lab - Search Algorithms,lab_experiment,19,17,19.5,78,7.22,37,82,very_hard,high,9,0,60.1,4,1
Software Engineering Assignment #5,assignment,15,12,75.8,1,8.59,14,60,hard,high,7,2,64.2,12,1
End-Semester Exam #1,exam,26,21,56.4,14,4.88,36,97,medium,high,8,2,66.8,13,1
Mobile App Development #4,project,19,18,73.6,47,7.59,45,15,easy,critical,7,6,60.1,8,1
Online Quiz (Sem 5),exam,18,17,27.2,37,8.82,34,58,medium,medium,7,5,51.0,9,1
OS Lab - Process Scheduling,lab_experiment,20,15,31.5,31,6.17,15,96,medium,medium,2,5,46.3,-1,0
OS Lab - Process Scheduling (Sem 7),lab_experiment,12,11,76.4,40,4.95,46,73,hard,critical,7,1,75.6,7,1
Capstone Project,project,25,25,12.5,95,4.29,7,44,easy,low,7,3,32.7,-3,0
OS Assignment #2,assignment,29,28,15.3,64,7.26,8,82,hard,medium,0,6,40.0,0,0
IOT Lab Experiment,lab_experiment,13,12,6.6,68,6.2,22,79,easy,medium,6,2,37.6,0,0
Computer Vision Lab #1,lab_experiment,5,2,28.5,16,9.97,25,42,very_hard,high,7,0,81.3,5,1
DBMS Lab - SQL Queries #3,lab_experiment,5,4,44.8,56,9.65,38,73,hard,high,0,4,52.6,9,1
Viva Voce #3,exam,24,20,17.2,43,7.75,30,40,hard,medium,10,0,46.4,-2,0
Compiler Lab - Lexical Analysis (Sem 4),lab_experiment,9,6,4.7,50,4.93,18,73,very_hard,low,10,6,74.8,1,1
Final Year Project #4,project,10,7,34.1,68,4.26,10,65,hard,high,6,0,64.4,8,1
Algorithms Assignment,assignment,3,1,27.5,97,5.42,9,84,hard,high,3,2,73.5,5,1
Software Engineering Assignment (Sem 6),assignment,2,1,63.4,56,7.66,40,29,medium,low,5,2,61.8,6,1
ML Model Project (Sem 5),project,16,11,76.6,5,7.13,44,14,medium,low,6,1,50.4,5,1
Computer Graphics Assignment,assignment,32,29,45.7,15,5.47,17,41,medium,medium,2,4,52.7,1,1
Internal Assessment (Sem 3),exam,27,24,21.4,34,8.89,37,22,medium,high,4,3,51.9,2,1
Unit Test (Sem 7),exam,5,3,78.1,78,4.66,31,69,medium,high,10,3,70.5,12,1
Surprise Test (Sem 8),exam,26,22,78.3,3,6.54,47,79,very_hard,low,5,3,70.1,14,1
Software Engineering Assignment (Sem 3),assignment,23,19,58.0,18,5.59,40,84,very_hard,medium,4,3,73.4,1,1
Capstone Project #3,project,1,1,62.2,84,4.11,12,96,hard,medium,7,6,81.4,13,1
ML Model Project (Sem 1),project,14,9,45.0,84,4.17,30,53,medium,low,6,3,42.2,-2,0
Online Quiz,exam,6,4,6.3,17,7.01,45,13,easy,critical,4,1,68.1,3,1
Weekly Test (Sem 7),exam,19,15,28.2,15,5.26,38,19,hard,critical,8,0,77.8,11,1
Viva Voce #4,exam,25,21,76.9,5,8.47,46,27,very_hard,medium,2,4,62.6,2,1
Mini Project,project,4,4,77.7,78,4.24,27,76,medium,high,4,0,54.1,10,1
Embedded Systems Lab (Sem 7),lab_experiment,32,27,17.6,99,5.33,49,48,hard,medium,7,4,55.1,2,1
Computer Vision Lab,lab_experiment,34,30,53.3,69,9.73,15,27,easy,high,1,0,22.7,-1,0
DS Lab - Linked List #1,lab_experiment,29,27,39.2,74,8.15,45,11,medium,high,10,5,51.7,10,1
DBMS Lab - SQL Queries #2,lab_experiment,21,21,25.8,29,7.5,24,41,hard,low,8,2,47.6,6,1
DBMS Assignment (Sem 4),assignment,19,14,42.2,65,5.62,9,10,medium,high,1,2,41.9,0,0
ML Model Project,project,0,0,47.2,6,9.0,11,78,hard,medium,6,5,86.9,14,1
Network Lab - Packet Analysis #5,lab_experiment,1,1,10.1,22,9.06,6,21,hard,medium,0,3,64.2,4,1
Digital Electronics Lab #1,lab_experiment,25,20,51.7,4,6.73,14,19,medium,high,9,0,57.6,7,1
IoT Based Project #1,project,13,11,19.4,2,4.3,14,65,hard,medium,6,0,63.0,8,1
IOT Lab Experiment,lab_experiment,25,21,68.6,42,5.55,18,96,easy,high,10,3,56.4,2,1
Machine Learning Assignment #4,assignment,29,24,72.1,83,9.21,37,57,hard,high,3,0,40.1,-3,0
Viva Voce,exam,32,28,22.1,70,7.75,30,90,easy,high,1,0,24.0,-1,0
Final Year Project,project,31,27,13.4,60,5.39,40,99,medium,medium,10,6,57.0,8,1
Computer Graphics Assignment #3,assignment,9,5,4.4,33,4.42,19,79,medium,medium,7,3,64.3,8,1
IOT Lab Experiment,lab_experiment,15,11,64.1,3,6.39,17,54,hard,medium,2,6,59.1,2,1
End-Semester Exam (Sem 1),exam,23,19,9.6,79,9.17,38,33,very_hard,high,8,3,61.0,2,1
DBMS Lab - SQL Queries,lab_experiment,30,28,72.8,3,6.73,49,20,easy,high,2,0,47.3,11,1
Practical Exam (Sem 4),exam,19,15,29.4,48,5.35,47,48,medium,medium,4,6,57.1,7,1
Computer Graphics Assignment,assignment,27,26,71.4,92,8.08,5,34,very_hard,medium,3,3,42.1,-1,0
Final Year Project #5,project,7,2,43.5,90,4.07,34,73,very_hard,medium,3,6,74.4,7,1
Embedded Systems Lab (Sem 5),lab_experiment,31,26,24.9,33,9.41,27,56,medium,critical,1,0,44.1,-3,0
Embedded Systems Lab #4,lab_experiment,28,27,38.5,56,9.61,22,76,hard,low,5,2,42.0,-2,0
Software Engineering Assignment (Sem 4),assignment,29,26,45.8,35,6.71,5,18,hard,high,5,4,65.5,11,1
Mobile App Development (Sem 5),project,27,26,36.1,20,6.16,26,31,very_hard,low,2,2,53.6,1,1
DS Lab - Linked List,lab_experiment,10,5,46.9,24,7.69,11,50,very_hard,low,2,6,60.3,11,1
Computer Vision Lab #3,lab_experiment,22,21,54.1,75,4.34,41,48,easy,medium,7,6,49.1,-1,0
Computer Graphics Assignment,assignment,13,9,30.2,12,4.67,42,64,very_hard,high,7,0,78.8,11,1
AI Lab - Search Algorithms,lab_experiment,27,24,46.6,77,5.34,24,68,hard,high,7,3,62.0,3,1
ML Model Project (Sem 8),project,6,6,55.9,59,4.88,36,80,easy,high,10,1,58.8,8,1
Data Structures Assignment #4,assignment,10,9,43.1,31,5.81,47,66,very_hard,low,5,4,71.5,14,1
Group Project - Web App,project,28,27,29.9,93,7.67,25,81,medium,medium,6,6,38.9,-1,0
Internal Assessment,exam,33,29,9.7,95,6.24,29,19,medium,medium,3,1,29.9,-2,0
Algorithms Assignment (Sem 1),assignment,12,9,54.9,85,6.65,24,14,medium,medium,8,6,45.4,14,1
OS Assignment (Sem 8),assignment,23,19,39.2,100,9.59,43,12,medium,medium,1,2,21.3,-2,0
Capstone Project #1,project,24,23,40.0,89,4.08,45,36,very_hard,medium,3,1,52.7,1,1
Mid-Semester Exam,exam,27,26,16.3,22,7.86,11,92,hard,high,9,6,65.7,14,1
Industry Internship Project,project,25,25,17.8,60,5.37,31,59,easy,high,9,5,58.1,7,1
Mini Project (Sem 8),project,33,30,63.2,76,6.63,9,58,easy,medium,1,6,28.7,-1,0
Software Engineering Assignment #5,assignment,26,21,29.7,63,4.25,33,37,very_hard,critical,1,6,73.7,3,1
Mini Project #2,project,7,3,64.2,83,9.75,43,61,hard,medium,1,6,52.7,7,1
Group Project - Web App (Sem 3),project,28,26,12.4,62,7.12,10,67,medium,medium,5,2,42.6,9,1
End-Semester Exam #2,exam,4,3,59.2,65,8.9,20,70,easy,medium,9,5,54.0,14,1
Capstone Project (Sem 6),project,24,20,59.9,16,8.56,36,81,hard,critical,2,5,68.4,6,1
DS Lab - Linked List (Sem 2),lab_experiment,20,15,53.6,27,6.52,31,44,easy,medium,1,5,40.7,-2,0
Mini Project (Sem 2),project,8,4,57.2,61,6.92,29,94,very_hard,low,9,6,68.7,9,1
IOT Lab Experiment,lab_experiment,31,30,34.3,39,9.97,15,65,hard,high,7,1,54.7,1,1
Algorithms Assignment #2,assignment,22,21,39.4,78,8.04,20,46,easy,critical,1,5,39.4,0,0
IOT Lab Experiment #4,lab_experiment,19,15,57.4,89,5.85,32,13,hard,medium,1,1,37.4,-3,0
Software Engineering Assignment,assignment,24,23,49.4,63,4.86,24,52,easy,critical,5,6,64.8,7,1
Computer Graphics Assignment,assignment,23,21,63.9,1,6.41,9,17,very_hard,high,9,6,82.7,12,1
Mid-Semester Exam,exam,22,21,35.0,29,6.85,6,52,very_hard,high,4,1,65.8,3,1
Embedded Systems Lab #1,lab_experiment,19,17,71.9,89,9.53,23,17,medium,high,3,3,36.5,-1,0
Practical Exam (Sem 8),exam,2,1,17.9,2,6.83,9,15,hard,medium,0,5,77.5,1,1
Capstone Project #3,project,19,16,40.1,40,8.04,23,12,hard,medium,4,6,53.3,2,1
Practical Exam #1,exam,18,15,21.4,73,6.26,20,83,easy,medium,1,4,28.4,0,0
Unit Test #3,exam,25,24,32.6,37,8.47,10,85,very_hard,high,6,0,60.6,1,1
Network Lab - Packet Analysis (Sem 7),lab_experiment,15,10,34.3,76,7.71,31,58,easy,medium,4,5,34.9,-3,0
Open Source Contribution (Sem 5),project,26,21,4.4,78,8.23,29,56,very_hard,high,8,3,60.3,2,1
Online Quiz (Sem 3),exam,30,30,55.7,74,5.33,48,58,medium,high,7,2,56.0,2,1
Network Lab - Packet Analysis #5,lab_experiment,15,15,54.6,34,5.85,35,19,medium,high,10,0,58.7,4,1
Algorithms Assignment (Sem 1),assignment,32,29,12.1,93,7.12,50,39,medium,high,10,3,49.4,2,1
Unit Test (Sem 1),exam,6,6,48.1,93,5.1,50,18,easy,high,9,6,61.4,6,1
Compiler Lab - Lexical Analysis (Sem 3),lab_experiment,9,9,14.0,54,6.49,49,32,very_hard,low,8,2,58.1,7,1
Final Year Project (Sem 1),project,8,4,44.3,38,4.41,9,25,hard,low,5,0,58.3,3,1
Mini Project #3,project,24,23,37.6,88,6.68,10,92,medium,critical,4,2,49.4,3,1
Mobile App Development (Sem 7),project,34,30,2.7,79,4.15,48,42,very_hard,high,2,3,63.0,1,1
End-Semester Exam #5,exam,28,23,31.4,12,9.2,36,28,hard,high,1,1,50.2,3,1
DBMS Lab - SQL Queries (Sem 5),lab_experiment,20,17,75.7,53,6.54,7,32,hard,medium,8,2,51.1,0,0
Unit Test #4,exam,1,1,28.4,17,7.14,23,46,very_hard,low,2,4,82.9,11,1
Machine Learning Assignment #1,assignment,6,1,66.9,52,5.07,48,41,hard,medium,10,3,87.4,2,1
Embedded Systems Lab,lab_experiment,0,0,17.1,33,7.77,41,97,easy,high,0,4,62.5,7,1
Final Year Project #1,project,32,27,26.9,11,6.17,26,59,easy,high,9,5,62.4,5,1
Mobile App Development (Sem 7),project,19,19,59.2,43,6.74,28,89,hard,critical,10,5,76.2,1,1
End-Semester Exam (Sem 1),exam,14,10,49.9,7,6.15,6,37,hard,medium,6,6,66.2,14,1
Compiler Lab - Lexical Analysis,lab_experiment,5,3,68.4,3,7.06,7,40,medium,high,2,2,67.1,7,1
Capstone Project (Sem 7),project,24,20,73.8,57,8.39,32,47,easy,medium,9,5,41.8,-3,0
Web Dev Assignment #2,assignment,6,5,23.4,67,6.03,12,53,hard,medium,3,2,50.8,4,1
Surprise Test,exam,21,21,5.2,83,7.76,26,73,very_hard,low,8,1,43.0,-2,0
Surprise Test (Sem 4),exam,17,15,39.8,7,6.58,30,81,very_hard,medium,9,6,76.6,12,1
Digital Electronics Lab #4,lab_experiment,33,29,52.5,29,5.51,48,20,very_hard,high,2,2,71.0,7,1
End-Semester Exam,exam,15,13,17.7,29,8.99,6,54,medium,high,6,4,54.8,7,1
End-Semester Exam #3,exam,31,27,14.9,18,6.03,20,89,medium,low,10,1,45.4,11,1
AI Lab - Search Algorithms #1,lab_experiment,15,15,30.0,90,5.15,36,40,easy,medium,4,1,34.6,-3,0
Math Assignment (Sem 2),assignment,29,25,73.8,20,8.92,43,40,medium,high,7,0,52.3,8,1
Computer Vision Lab #5,lab_experiment,4,3,8.4,30,7.78,41,78,medium,medium,6,1,60.1,6,1
End-Semester Exam,exam,24,21,69.6,48,8.55,24,50,medium,critical,7,0,52.8,10,1
ML Model Project #2,project,14,13,41.2,46,4.41,6,35,easy,low,9,0,36.4,-1,0
Unit Test #2,exam,12,10,5.5,17,6.86,22,23,medium,medium,2,1,41.8,6,1
Surprise Test #2,exam,6,2,15.5,80,4.06,24,45,easy,low,10,4,54.4,7,1
Computer Vision Lab,lab_experiment,24,20,71.0,41,5.15,12,31,hard,high,10,3,68.0,7,1
Algorithms Assignment (Sem 1),assignment,22,18,47.2,28,8.41,39,67,easy,medium,1,2,30.3,-3,0
Weekly Test,exam,1,1,26.1,87,9.88,46,21,very_hard,high,2,1,72.2,12,1
ML Model Project,project,7,4,14.1,81,5.85,48,91,hard,critical,3,4,75.6,10,1
AI Lab - Search Algorithms (Sem 7),lab_experiment,12,8,47.2,23,8.26,17,29,hard,low,7,3,50.1,11,1
Unit Test #2,exam,5,2,23.7,32,5.45,27,25,medium,critical,10,3,87.3,3,1
Final Year Project,project,18,16,71.6,44,7.25,26,83,hard,high,10,4,65.8,10,1
Networking Assignment #3,assignment,23,21,22.6,78,7.46,40,52,medium,high,1,0,33.4,-3,0
OS Lab - Process Scheduling,lab_experiment,23,23,72.0,13,9.13,32,22,very_hard,critical,10,3,81.6,7,1
Compiler Lab - Lexical Analysis,lab_experiment,31,26,8.9,3,4.89,45,94,hard,high,3,1,68.9,2,1
Embedded Systems Lab (Sem 3),lab_experiment,16,16,1.1,7,9.42,23,88,medium,high,8,3,58.9,2,1
Math Assignment,assignment,9,8,69.9,71,9.27,8,79,very_hard,medium,5,4,54.6,11,1
Math Assignment #2,assignment,5,4,70.2,30,8.62,44,36,medium,high,9,2,62.4,5,1
Online Quiz,exam,13,11,42.3,67,6.17,34,37,easy,medium,1,3,29.0,-2,0
Web Dev Assignment #4,assignment,20,19,29.8,26,9.53,7,87,hard,medium,2,3,44.5,3,1
Mid-Semester Exam,exam,4,4,2.0,70,5.71,35,56,very_hard,medium,2,1,60.5,3,1
Research Project (Sem 6),project,20,19,70.7,63,7.08,26,74,medium,high,7,1,49.0,5,1
Math Assignment #2,assignment,25,22,35.7,1,8.05,35,90,hard,medium,6,3,61.3,14,1
Digital Electronics Lab #1,lab_experiment,14,14,57.0,73,9.55,41,42,hard,high,0,0,33.5,-2,0
Compiler Lab - Lexical Analysis,lab_experiment,11,6,49.7,78,8.44,7,79,medium,low,2,3,30.1,-2,0
Internal Assessment #4,exam,4,2,43.6,60,8.77,33,91,medium,high,9,2,62.3,2,1
Embedded Systems Lab (Sem 1),lab_experiment,22,18,73.8,67,9.49,8,85,hard,low,7,4,42.4,0,0
Viva Voce #5,exam,28,26,76.1,45,9.76,26,100,medium,critical,10,1,55.6,13,1
Practical Exam,exam,28,28,61.0,24,4.3,41,98,hard,critical,7,6,86.3,7,1
DBMS Assignment,assignment,31,30,76.9,31,4.8,12,92,medium,critical,3,5,69.0,7,1
OS Lab - Process Scheduling (Sem 3),lab_experiment,28,26,42.5,54,6.79,22,38,very_hard,medium,4,4,61.4,11,1
DS Lab - Linked List (Sem 3),lab_experiment,22,17,52.3,56,8.39,25,10,medium,critical,9,2,55.3,12,1
Mini Project (Sem 1),project,24,21,54.2,82,8.14,9,39,easy,low,4,1,18.5,0,0
Group Project - Web App #1,project,16,12,58.5,94,5.23,29,47,medium,low,7,4,42.1,12,1
DBMS Assignment (Sem 8),assignment,12,8,10.7,54,5.95,25,75,very_hard,high,2,1,61.7,10,1
Software Engineering Assignment,assignment,13,9,9.0,82,4.71,28,63,hard,medium,3,4,50.4,14,1
DBMS Lab - SQL Queries,lab_experiment,18,18,3.7,57,4.84,48,49,hard,critical,10,4,78.4,11,1
End-Semester Exam,exam,6,6,39.6,41,6.2,43,14,hard,low,9,6,66.1,3,1
Math Assignment (Sem 1),assignment,10,6,54.9,84,4.93,20,10,very_hard,medium,7,4,71.2,14,1
IOT Lab Experiment #1,lab_experiment,9,4,48.9,99,8.38,11,28,hard,medium,7,4,49.3,9,1
DBMS Assignment,assignment,24,21,78.4,25,4.31,50,88,hard,high,10,2,73.0,7,1
DBMS Lab - SQL Queries,lab_experiment,28,27,58.4,44,5.26,8,75,hard,high,0,1,48.0,8,1
Mini Project (Sem 8),project,30,30,14.3,88,9.62,42,41,medium,medium,5,2,35.6,-2,0
DS Lab - Linked List (Sem 8),lab_experiment,19,15,9.7,49,5.07,12,45,very_hard,medium,5,5,71.4,7,1
Weekly Test #1,exam,4,4,55.4,15,6.45,25,17,hard,low,2,0,50.5,-3,0
Mini Project,project,6,1,79.5,36,5.93,37,33,easy,high,4,6,85.5,2,1
AI Lab - Search Algorithms,lab_experiment,12,12,79.0,39,8.89,26,41,hard,low,2,1,34.8,12,1
Industry Internship Project,project,21,20,14.4,94,9.04,50,58,very_hard,medium,0,4,39.2,-1,0
AI Lab - Search Algorithms (Sem 6),lab_experiment,24,24,40.2,15,5.15,50,50,medium,critical,10,1,74.0,2,1
Practical Exam #3,exam,21,17,49.9,0,9.25,37,70,easy,low,1,3,32.7,-3,0
Algorithms Assignment (Sem 2),assignment,5,5,53.2,49,4.74,42,95,hard,low,1,0,47.4,12,1
Computer Vision Lab #4,lab_experiment,33,30,69.0,76,6.82,37,13,easy,high,3,0,34.5,0,0
Computer Vision Lab (Sem 5),lab_experiment,9,7,29.7,39,7.46,39,53,medium,critical,7,0,69.1,8,1
Mini Project #3,project,13,9,46.4,48,5.52,14,29,hard,high,9,3,66.8,4,1
Machine Learning Assignment (Sem 6),assignment,23,19,34.2,75,7.7,50,92,hard,medium,4,1,41.0,-3,0
Embedded Systems Lab #2,lab_experiment,17,16,20.9,14,8.83,27,28,easy,high,8,0,46.9,1,1
Machine Learning Assignment,assignment,24,23,55.9,23,5.71,35,22,medium,low,8,6,58.9,10,1
Capstone Project,project,6,3,45.9,99,5.06,38,23,very_hard,high,8,2,80.0,11,1
Mid-Semester Exam #4,exam,7,7,46.2,100,8.09,27,90,medium,medium,6,4,43.7,13,1
Capstone Project,project,4,2,57.5,93,5.72,14,95,easy,high,7,0,54.8,10,1
Practical Exam (Sem 8),exam,26,25,3.7,6,8.32,49,39,medium,medium,8,5,58.7,13,1
Machine Learning Assignment #5,assignment,9,7,73.1,96,9.68,39,32,easy,medium,7,3,38.7,0,0
DBMS Assignment (Sem 5),assignment,13,8,7.1,8,6.22,45,10,very_hard,low,7,5,72.9,1,1
Group Project - Web App,project,4,1,52.0,98,9.32,36,26,medium,critical,7,0,69.0,14,1
Capstone Project,project,14,14,35.1,29,7.55,27,27,medium,medium,5,2,45.9,12,1
IoT Based Project (Sem 7),project,16,16,9.8,0,4.22,27,63,hard,high,5,1,73.7,1,1
Mid-Semester Exam,exam,24,20,17.1,58,4.95,47,67,very_hard,medium,5,4,71.1,12,1
DS Lab - Linked List #3,lab_experiment,6,5,45.1,32,7.32,13,41,hard,medium,0,0,44.9,0,0
Data Structures Assignment #4,assignment,16,16,55.5,15,7.27,38,85,hard,medium,9,5,67.8,12,1
Viva Voce (Sem 5),exam,13,10,55.9,9,4.8,40,46,easy,medium,8,2,56.2,13,1
Math Assignment,assignment,12,8,59.1,11,7.4,12,80,hard,medium,3,5,60.0,4,1
End-Semester Exam,exam,22,19,77.1,24,9.05,24,44,easy,medium,9,6,47.6,12,1
Digital Electronics Lab,lab_experiment,31,30,17.6,86,7.13,18,95,hard,medium,8,0,41.6,6,1
Computer Vision Lab (Sem 6),lab_experiment,27,23,6.4,66,7.22,25,88,medium,medium,6,3,45.3,5,1
ML Model Project #2,project,6,6,3.9,30,6.35,34,14,medium,medium,0,2,44.4,-2,0
Algorithms Assignment (Sem 2),assignment,8,4,24.0,80,5.62,32,37,easy,high,7,6,62.2,10,1
Digital Electronics Lab #1,lab_experiment,25,25,10.0,1,5.2,34,65,very_hard,critical,9,0,88.2,10,1
Web Dev Assignment,assignment,27,25,37.0,86,6.69,11,12,medium,high,7,5,50.9,2,1
Embedded Systems Lab #2,lab_experiment,14,11,42.1,9,10.0,5,41,easy,low,1,1,23.7,0,0
Machine Learning Assignment,assignment,31,28,2.1,39,4.48,42,51,very_hard,medium,4,0,63.4,7,1
Module Exam (Sem 6),exam,26,25,58.4,72,9.79,47,19,hard,critical,5,1,59.3,12,1
Mid-Semester Exam #3,exam,17,15,46.0,81,8.95,18,15,hard,low,0,3,23.6,-2,0
Practical Exam,exam,28,27,47.6,3,9.03,47,31,medium,high,10,6,66.1,6,1
DS Lab - Linked List,lab_experiment,15,10,46.3,72,4.47,40,13,hard,critical,7,0,66.6,6,1
Network Lab - Packet Analysis #4,lab_experiment,32,27,13.7,17,9.46,17,77,very_hard,low,7,0,53.3,7,1
Networking Assignment #5,assignment,16,16,63.1,64,4.57,27,29,medium,critical,0,1,46.9,-1,0
Open Source Contribution #2,project,5,5,60.3,90,9.25,46,90,medium,high,6,0,46.6,5,1
Viva Voce #1,exam,18,14,46.0,77,7.29,19,20,very_hard,low,7,5,56.5,10,1
OS Assignment #1,assignment,15,13,27.9,5,6.44,20,11,easy,critical,0,0,46.0,7,1
IoT Based Project,project,3,1,11.7,2,7.85,15,28,very_hard,medium,0,2,75.1,3,1
Module Exam,exam,9,6,39.1,37,6.02,40,88,medium,high,0,4,54.6,6,1
IoT Based Project (Sem 2),project,8,7,31.3,38,5.66,29,49,medium,low,9,0,53.3,12,1
OS Lab - Process Scheduling #5,lab_experiment,22,20,73.6,27,7.78,36,24,hard,critical,7,4,73.2,13,1
Research Project #1,project,22,18,40.1,24,5.5,18,32,hard,medium,7,2,63.0,3,1
Open Source Contribution,project,16,14,5.8,59,6.87,22,67,hard,low,10,0,42.4,0,0
Math Assignment #4,assignment,15,13,58.4,85,9.94,31,81,easy,low,0,1,8.1,-3,0
Computer Graphics Assignment (Sem 1),assignment,12,9,33.1,79,5.99,23,14,hard,high,5,0,55.5,4,1
Research Project,project,9,9,44.9,2,7.12,24,81,easy,high,0,5,49.0,-1,0
Research Project,project,31,27,25.1,17,5.01,28,60,medium,critical,3,4,71.4,12,1
Mobile App Development (Sem 3),project,12,11,66.0,64,4.57,23,70,medium,medium,2,6,45.5,-1,0
Weekly Test,exam,29,25,19.1,3,6.61,27,98,very_hard,low,9,6,72.1,1,1
ML Model Project,project,21,18,45.9,88,8.63,16,27,very_hard,low,2,1,32.0,0,0
Networking Assignment (Sem 3),assignment,20,16,49.0,60,8.77,48,33,very_hard,high,0,0,44.8,-1,0
OS Lab - Process Scheduling,lab_experiment,28,24,23.7,3,8.86,29,84,very_hard,high,7,5,79.3,11,1
IoT Based Project,project,20,17,16.1,81,6.91,18,61,hard,low,7,4,45.6,6,1
Research Project (Sem 1),project,13,8,56.0,50,7.61,33,47,very_hard,low,3,4,50.3,-3,0
Industry Internship Project (Sem 2),project,5,1,70.5,13,9.46,24,50,medium,low,7,6,74.8,6,1
IOT Lab Experiment #1,lab_experiment,29,29,73.4,22,8.41,19,59,hard,high,4,0,53.5,2,1
Industry Internship Project #2,project,20,20,20.3,70,7.57,48,19,hard,critical,10,3,63.8,11,1
Surprise Test #1,exam,24,22,36.6,54,7.17,43,72,easy,high,1,4,41.5,-3,0
Data Structures Assignment #1,assignment,8,8,30.6,62,8.52,23,76,medium,low,3,4,31.9,-3,0
Mini Project #4,project,13,9,70.7,2,8.78,35,88,easy,low,5,1,40.1,-2,0
Group Project - Web App,project,5,0,27.1,56,6.41,49,16,hard,medium,6,3,81.7,14,1
DBMS Lab - SQL Queries (Sem 6),lab_experiment,26,24,14.7,90,7.9,38,65,easy,medium,5,3,31.8,-2,0
Module Exam,exam,6,4,17.1,37,7.51,42,35,hard,low,9,6,61.8,3,1
Group Project - Web App #3,project,18,17,1.5,14,9.44,28,49,medium,critical,8,4,68.0,7,1
OS Assignment (Sem 4),assignment,17,14,63.0,21,7.31,36,50,hard,medium,8,0,56.4,13,1
Group Project - Web App (Sem 6),project,27,22,72.9,15,4.14,11,68,medium,medium,5,2,57.1,14,1
DBMS Assignment #4,assignment,5,4,16.9,33,9.32,48,47,hard,low,0,3,44.2,0,0
Weekly Test #5,exam,27,24,28.6,10,8.14,24,39,hard,high,7,6,69.4,8,1
Research Project (Sem 7),project,26,22,31.4,86,5.49,40,64,easy,critical,0,6,46.8,5,1
Surprise Test #4,exam,20,15,51.7,100,5.52,21,89,medium,high,6,6,54.1,11,1
Compiler Lab - Lexical Analysis,lab_experiment,16,11,30.5,43,9.82,16,88,very_hard,medium,8,0,53.0,-2,0
Research Project (Sem 1),project,11,8,39.0,77,5.31,17,81,medium,medium,0,1,28.3,0,0
Research Project (Sem 4),project,27,27,21.9,11,5.37,7,34,hard,high,8,6,77.5,6,1
Algorithms Assignment,assignment,26,26,6.8,74,4.15,36,72,medium,medium,5,1,45.8,11,1
IOT Lab Experiment #3,lab_experiment,3,3,27.4,68,8.41,42,95,hard,high,8,6,74.6,5,1
Data Structures Assignment,assignment,26,26,29.2,18,4.55,21,12,hard,medium,6,3,66.5,9,1
Mini Project #5,project,11,9,16.9,66,5.2,19,36,easy,high,10,6,55.7,5,1
Mobile App Development,project,4,1,36.0,24,7.87,20,40,hard,medium,4,2,75.2,2,1
IOT Lab Experiment (Sem 8),lab_experiment,21,17,2.1,58,8.52,8,88,hard,high,5,1,50.2,6,1
DBMS Assignment #1,assignment,12,10,74.7,51,6.99,50,17,easy,medium,10,4,47.8,8,1
OS Assignment (Sem 1),assignment,14,14,16.1,12,9.57,12,60,easy,medium,0,0,23.8,-3,0
OS Lab - Process Scheduling,lab_experiment,15,10,51.1,100,6.69,40,12,easy,high,6,0,36.0,0,0
Digital Electronics Lab (Sem 2),lab_experiment,33,30,12.1,69,5.87,11,86,medium,medium,6,4,50.3,1,1
Weekly Test,exam,10,5,58.8,98,7.25,41,51,medium,high,5,1,51.5,9,1
DS Lab - Linked List,lab_experiment,24,22,9.9,44,4.5,40,61,medium,medium,9,1,52.2,8,1
Industry Internship Project #5,project,19,16,58.1,72,6.31,49,68,hard,medium,9,5,57.5,-1,0
Open Source Contribution (Sem 1),project,34,30,26.5,88,7.59,31,65,medium,low,6,6,35.5,-2,0
Module Exam (Sem 7),exam,12,8,2.9,6,5.98,12,93,easy,medium,2,5,51.0,12,1
ML Model Project,project,4,4,29.9,30,5.93,25,91,medium,high,0,5,61.5,9,1
Compiler Lab - Lexical Analysis,lab_experiment,26,23,20.3,85,9.49,16,66,medium,high,6,5,46.6,12,1
Final Year Project #4,project,4,0,7.4,85,6.83,46,88,easy,medium,1,0,45.6,10,1
Computer Graphics Assignment (Sem 7),assignment,4,1,52.2,78,5.43,16,41,easy,low,7,5,66.0,4,1
IoT Based Project,project,28,24,79.3,61,5.28,9,21,hard,low,2,6,46.7,0,0
Network Lab - Packet Analysis,lab_experiment,30,30,39.6,85,8.06,11,89,hard,medium,8,4,44.1,3,1
Group Project - Web App,project,24,19,27.5,50,5.47,23,65,hard,medium,2,3,51.3,13,1
Research Project (Sem 3),project,27,23,79.2,95,6.55,29,38,hard,critical,7,2,59.9,3,1
Mobile App Development (Sem 4),project,34,29,50.3,22,4.89,6,11,easy,medium,7,0,46.2,0,0
Computer Graphics Assignment #2,assignment,5,2,53.9,88,9.18,29,24,easy,high,3,4,49.3,2,1
Practical Exam #3,exam,26,26,55.4,87,9.27,15,40,hard,high,8,4,51.1,8,1
Compiler Lab - Lexical Analysis #1,lab_experiment,22,22,18.7,17,9.2,19,67,hard,high,0,4,50.5,1,1
DBMS Lab - SQL Queries #2,lab_experiment,11,9,73.2,77,4.06,10,52,hard,medium,9,2,51.6,9,1
DS Lab - Linked List #2,lab_experiment,5,1,2.0,22,10.0,9,74,medium,high,9,1,75.5,11,1
ML Model Project,project,32,27,5.1,7,6.32,41,85,easy,critical,3,2,60.7,7,1
Software Engineering Assignment #1,assignment,12,12,12.4,86,9.46,24,70,easy,medium,2,1,18.2,-1,0
Software Engineering Assignment #5,assignment,7,4,62.2,43,9.53,45,35,medium,medium,9,5,58.9,8,1
Web Dev Assignment (Sem 5),assignment,4,4,43.5,2,8.36,37,88,hard,medium,6,4,71.3,9,1
DS Lab - Linked List,lab_experiment,24,22,11.6,81,9.53,26,62,medium,low,7,1,28.4,-1,0
Embedded Systems Lab #4,lab_experiment,12,11,50.1,96,8.07,39,10,medium,high,0,6,31.7,-2,0
Mini Project #1,project,23,20,75.2,2,8.95,26,23,easy,low,9,5,47.2,10,1
Mid-Semester Exam,exam,14,12,69.9,18,6.7,31,68,medium,low,0,2,33.5,-2,0
Viva Voce #1,exam,24,23,19.6,63,5.56,21,69,very_hard,low,5,4,62.5,10,1
Computer Graphics Assignment (Sem 6),assignment,31,28,60.6,54,9.95,10,83,medium,medium,5,3,41.2,4,1
Software Engineering Assignment,assignment,24,20,53.3,65,7.53,21,95,medium,high,8,6,51.1,10,1
End-Semester Exam #4,exam,25,24,55.6,45,4.8,40,27,very_hard,medium,10,5,75.0,9,1
DS Lab - Linked List,lab_experiment,26,21,4.0,19,6.1,7,11,hard,high,9,6,70.9,12,1
Algorithms Assignment (Sem 7),assignment,26,22,4.6,61,7.26,25,40,medium,medium,0,4,33.3,0,0
Mid-Semester Exam #4,exam,3,2,10.3,19,9.64,34,77,medium,high,8,5,76.6,9,1
Software Engineering Assignment #2,assignment,32,29,49.3,60,5.61,13,30,very_hard,critical,3,4,76.3,13,1
Viva Voce,exam,5,2,45.9,97,9.75,24,86,hard,critical,7,6,75.0,2,1
Web Dev Assignment (Sem 5),assignment,32,30,51.8,39,7.9,9,56,very_hard,medium,1,2,45.1,-1,0
Machine Learning Assignment,assignment,4,4,67.2,67,4.66,29,70,hard,medium,9,0,59.5,6,1
Mini Project #1,project,7,4,5.9,48,7.07,27,19,medium,critical,0,5,61.1,14,1
ML Model Project #1,project,22,17,77.7,36,9.74,27,23,hard,low,2,3,39.5,13,1
Computer Vision Lab (Sem 3),lab_experiment,23,19,7.0,54,9.64,32,46,hard,high,2,5,52.4,5,1
Network Lab - Packet Analysis #3,lab_experiment,14,9,44.6,79,4.65,19,36,very_hard,medium,9,6,66.1,4,1
AI Lab - Search Algorithms,lab_experiment,21,17,8.0,62,4.67,42,42,medium,medium,5,3,52.8,9,1
Computer Vision Lab (Sem 5),lab_experiment,28,25,33.1,4,6.83,26,70,hard,medium,10,0,58.8,4,1
Math Assignment,assignment,16,13,52.8,19,4.62,48,65,hard,medium,9,2,67.0,14,1
Viva Voce #4,exam,6,4,29.0,85,6.92,43,85,hard,high,7,2,63.3,2,1
Computer Graphics Assignment (Sem 4),assignment,11,6,18.6,96,9.33,18,88,hard,critical,0,0,42.6,5,1
Weekly Test (Sem 6),exam,27,23,46.3,58,6.97,9,83,medium,high,5,4,54.3,6,1
Mini Project (Sem 1),project,31,28,36.8,39,4.51,37,46,easy,critical,6,2,64.9,14,1
Math Assignment,assignment,20,19,67.6,17,9.96,30,85,hard,low,10,0,46.6,6,1
Research Project #1,project,15,10,18.5,84,6.61,30,89,easy,critical,4,4,51.2,-2,0
Practical Exam #2,exam,26,22,63.8,66,8.81,27,50,hard,critical,0,0,41.5,0,0
Group Project - Web App (Sem 3),project,18,13,11.2,44,8.42,46,41,medium,medium,4,0,37.8,0,0
Research Project #5,project,7,2,13.6,71,7.3,31,41,easy,high,6,6,65.9,9,1
Research Project,project,17,14,61.8,32,7.23,38,19,very_hard,critical,6,6,87.4,9,1
OS Lab - Process Scheduling,lab_experiment,30,26,8.2,59,6.91,12,68,hard,medium,2,5,47.4,0,0
Internal Assessment,exam,9,8,37.4,64,8.69,22,13,hard,medium,0,5,36.4,-1,0
Computer Graphics Assignment,assignment,15,13,35.9,47,7.67,45,43,medium,high,7,2,51.1,4,1
Mid-Semester Exam,exam,22,17,24.4,48,8.95,37,96,hard,low,8,0,41.1,0,0
Data Structures Assignment,assignment,33,29,10.5,34,4.34,17,42,hard,medium,5,5,66.9,11,1
DS Lab - Linked List (Sem 8),lab_experiment,9,7,41.6,36,6.05,42,14,hard,medium,10,6,72.0,9,1
Networking Assignment,assignment,27,22,9.3,90,8.37,44,62,hard,medium,6,5,48.4,5,1
IoT Based Project,project,14,11,31.0,66,7.09,15,75,easy,medium,6,5,43.3,0,0
Capstone Project,project,19,17,78.2,74,8.71,25,17,medium,medium,10,1,34.7,4,1
Open Source Contribution (Sem 1),project,23,21,69.7,100,5.39,47,41,easy,low,5,6,39.7,-1,0
Mini Project #2,project,27,23,67.9,11,8.4,45,33,medium,high,6,5,64.3,8,1
DBMS Lab - SQL Queries (Sem 5),lab_experiment,8,3,52.7,32,8.89,14,92,medium,high,5,5,72.0,2,1
Machine Learning Assignment,assignment,1,0,52.3,11,5.94,46,31,easy,high,10,4,92.4,1,1
Mini Project (Sem 5),project,4,4,76.3,70,8.32,24,39,medium,high,7,6,58.4,4,1
Computer Graphics Assignment #5,assignment,13,10,12.5,24,7.12,11,63,hard,high,5,3,66.3,4,1
AI Lab - Search Algorithms (Sem 5),lab_experiment,5,0,29.4,55,4.0,25,64,medium,high,4,5,85.5,1,1
Unit Test (Sem 8),exam,16,15,51.0,72,6.62,14,84,easy,high,4,5,46.0,13,1
Capstone Project #1,project,13,13,53.0,24,4.84,24,41,easy,medium,10,5,57.6,11,1
Capstone Project,project,8,3,42.0,91,5.8,47,92,medium,medium,9,6,66.5,12,1
Internal Assessment,exam,14,14,12.5,6,7.3,21,95,medium,medium,2,0,41.9,-1,0
Research Project #2,project,7,3,5.7,81,9.93,38,77,hard,high,4,5,68.6,14,1
IOT Lab Experiment #1,lab_experiment,24,22,51.8,23,6.28,42,61,hard,critical,0,5,66.6,8,1
Mid-Semester Exam #4,exam,25,24,13.7,9,6.73,5,62,medium,medium,4,6,55.7,9,1
Machine Learning Assignment,assignment,27,22,6.3,25,8.14,32,74,very_hard,medium,6,1,60.2,4,1
Mini Project,project,12,10,71.8,96,8.34,28,68,easy,low,7,6,28.6,-3,0
End-Semester Exam #3,exam,10,5,19.7,4,4.95,36,17,hard,high,6,0,79.8,9,1
Capstone Project (Sem 2),project,15,13,6.7,15,5.58,31,16,medium,high,9,4,70.1,2,1
Computer Vision Lab,lab_experiment,25,24,12.6,3,9.39,47,31,hard,high,8,0,63.1,13,1
Networking Assignment,assignment,23,23,75.2,55,6.94,20,78,hard,medium,7,2,52.0,2,1
IoT Based Project #2,project,14,14,20.1,79,9.2,16,71,medium,critical,1,2,37.8,-2,0
Computer Vision Lab,lab_experiment,11,10,2.1,80,5.15,29,14,very_hard,medium,7,0,56.9,6,1
OS Assignment #5,assignment,2,1,13.6,21,5.78,37,88,easy,medium,4,1,73.5,8,1
Practical Exam (Sem 8),exam,15,12,62.4,92,5.48,24,12,medium,high,2,3,43.0,6,1
Module Exam #2,exam,15,11,25.0,57,7.62,15,69,hard,high,1,4,45.1,3,1
Online Quiz (Sem 6),exam,13,10,67.0,80,6.3,20,70,easy,critical,1,4,42.0,-2,0
End-Semester Exam (Sem 1),exam,14,14,33.9,6,7.17,12,69,easy,high,7,3,58.0,2,1
Compiler Lab - Lexical Analysis,lab_experiment,17,17,34.8,35,5.98,49,100,medium,medium,4,1,51.9,11,1
Research Project (Sem 5),project,30,27,28.3,25,8.75,45,80,medium,high,2,5,52.5,1,1
Algorithms Assignment (Sem 3),assignment,6,5,77.2,78,9.95,16,56,hard,high,10,4,61.0,7,1
IoT Based Project #1,project,0,0,68.6,10,6.41,26,77,very_hard,medium,1,0,78.6,6,1
Networking Assignment #3,assignment,17,17,64.3,69,8.07,48,97,hard,low,6,5,48.0,1,1
Online Quiz (Sem 8),exam,26,25,51.5,24,9.78,6,15,medium,medium,3,4,42.8,1,1
Software Engineering Assignment #2,assignment,17,16,62.5,31,6.53,49,24,easy,high,7,5,60.7,9,1
Research Project #1,project,11,6,1.5,84,8.56,12,65,medium,medium,0,0,22.4,-1,0
Research Project,project,13,10,71.3,4,4.12,18,52,medium,critical,7,0,71.0,3,1
Data Structures Assignment (Sem 6),assignment,11,11,52.6,13,8.5,33,77,hard,critical,0,5,62.7,6,1
Computer Vision Lab,lab_experiment,8,7,29.1,84,5.59,17,92,easy,high,10,6,59.9,4,1
DBMS Lab - SQL Queries,lab_experiment,25,25,12.1,65,7.95,17,41,hard,medium,10,0,40.7,-2,0
Network Lab - Packet Analysis (Sem 7),lab_experiment,18,18,71.4,83,8.04,35,93,medium,medium,10,6,41.9,-2,0
Computer Graphics Assignment,assignment,26,26,67.3,56,9.46,40,11,hard,high,7,3,57.8,14,1
Capstone Project #5,project,7,6,23.9,83,5.15,20,54,hard,medium,4,1,54.4,8,1
OS Assignment,assignment,11,6,78.7,10,5.23,18,71,hard,medium,6,0,69.8,6,1
Networking Assignment,assignment,28,28,32.2,93,7.96,35,81,hard,high,5,5,53.9,8,1
Embedded Systems Lab,lab_experiment,1,0,22.1,83,4.75,32,10,easy,high,2,1,61.6,7,1
IOT Lab Experiment,lab_experiment,5,4,48.7,95,4.08,42,72,medium,high,1,0,43.2,-2,0
Computer Vision Lab (Sem 1),lab_experiment,28,24,33.6,53,6.81,40,82,very_hard,high,4,5,72.4,6,1
Web Dev Assignment,assignment,8,7,71.5,18,8.71,23,48,easy,low,3,4,43.7,5,1
DS Lab - Linked List,lab_experiment,29,28,61.4,7,7.88,23,31,hard,medium,3,0,46.9,13,1
Computer Vision Lab (Sem 1),lab_experiment,14,10,39.7,23,4.16,6,67,medium,low,2,2,41.0,-1,0
Industry Internship Project (Sem 2),project,13,13,35.4,20,5.34,45,24,medium,medium,4,2,56.5,4,1
Group Project - Web App,project,15,11,34.2,62,6.48,5,14,hard,critical,7,3,66.1,13,1
Network Lab - Packet Analysis #3,lab_experiment,22,21,49.0,49,6.91,21,80,medium,medium,9,0,42.3,-1,0
OS Lab - Process Scheduling #2,lab_experiment,27,24,49.7,39,4.38,24,41,easy,medium,1,1,34.6,0,0
Unit Test,exam,23,22,57.9,59,4.62,42,42,very_hard,high,8,2,73.4,1,1
Online Quiz,exam,25,21,62.5,19,4.41,8,16,hard,high,6,2,70.0,9,1
End-Semester Exam (Sem 6),exam,30,27,21.7,61,8.96,17,27,very_hard,medium,0,1,36.5,-1,0
Machine Learning Assignment,assignment,26,25,53.7,46,7.71,5,27,hard,low,9,4,46.3,-3,0
Open Source Contribution #1,project,23,20,17.1,91,9.83,14,28,medium,medium,2,3,25.2,-1,0
Online Quiz (Sem 6),exam,20,15,36.6,29,6.03,27,20,very_hard,low,4,5,63.9,9,1
Weekly Test #5,exam,3,1,46.7,33,9.55,22,58,easy,medium,3,3,60.6,1,1
Open Source Contribution #3,project,28,23,1.2,92,8.18,24,10,hard,low,2,3,28.0,-3,0
Digital Electronics Lab,lab_experiment,26,23,60.8,13,4.16,23,75,easy,high,3,1,52.7,6,1
Industry Internship Project,project,28,24,43.3,12,5.71,24,79,hard,medium,10,6,72.0,6,1
End-Semester Exam #1,exam,23,22,77.1,76,6.47,8,64,hard,low,8,1,39.6,-3,0
Research Project,project,22,22,45.1,55,6.66,14,37,hard,high,6,3,60.4,-1,0
Capstone Project (Sem 6),project,14,9,71.2,50,5.34,40,70,hard,high,5,2,67.0,10,1
Mini Project (Sem 8),project,6,4,57.6,14,7.18,33,12,very_hard,low,7,5,78.5,9,1
ML Model Project (Sem 3),project,16,13,58.0,21,9.01,38,24,medium,low,10,5,49.6,10,1
Embedded Systems Lab #3,lab_experiment,25,22,11.5,89,9.85,16,96,medium,critical,0,3,34.8,-1,0
Surprise Test (Sem 3),exam,29,27,8.0,31,9.53,14,45,medium,critical,1,5,53.2,3,1
DBMS Lab - SQL Queries #3,lab_experiment,5,5,65.1,66,4.89,21,53,hard,high,1,2,57.9,4,1
Internal Assessment #5,exam,1,1,42.6,93,6.29,48,87,very_hard,high,0,2,72.2,2,1
Networking Assignment #3,assignment,20,18,60.4,79,8.69,47,27,hard,medium,4,4,45.9,5,1
Digital Electronics Lab,lab_experiment,14,14,34.1,57,6.89,46,19,medium,high,6,2,54.2,3,1
Embedded Systems Lab #5,lab_experiment,33,28,4.7,99,9.22,24,32,easy,medium,7,5,32.6,0,0
DBMS Lab - SQL Queries,lab_experiment,3,1,13.8,40,9.16,30,11,hard,low,7,6,77.0,2,1
Research Project,project,8,5,62.2,82,9.4,22,35,very_hard,medium,1,0,41.8,0,0
Web Dev Assignment (Sem 7),assignment,7,5,71.6,51,8.17,10,57,medium,medium,8,3,49.8,-1,0
IoT Based Project #1,project,16,12,31.6,98,8.49,15,76,medium,medium,10,5,36.9,0,0
Surprise Test (Sem 2),exam,33,30,77.2,97,4.44,49,35,very_hard,medium,5,6,65.5,5,1
DBMS Lab - SQL Queries,lab_experiment,7,2,12.2,62,8.47,32,46,medium,medium,8,6,60.8,4,1
Algorithms Assignment (Sem 8),assignment,22,22,2.4,5,8.39,19,70,hard,low,1,4,43.9,-1,0
DBMS Assignment #5,assignment,14,14,62.7,32,5.7,5,86,medium,low,5,3,50.1,8,1
Mini Project #3,project,23,18,13.1,2,4.26,23,29,hard,medium,7,2,67.9,1,1
End-Semester Exam #4,exam,11,9,76.9,31,9.91,38,79,hard,medium,10,1,51.6,-2,0
Practical Exam,exam,15,14,20.4,98,4.35,29,22,medium,high,8,4,53.3,1,1
Internal Assessment,exam,3,0,18.0,0,5.89,43,90,hard,high,0,3,89.3,13,1
Mini Project (Sem 1),project,12,8,34.9,59,4.68,47,65,hard,medium,3,6,58.9,4,1
DBMS Lab - SQL Queries,lab_experiment,5,1,9.5,35,7.62,38,87,easy,high,8,2,72.8,1,1
Weekly Test (Sem 4),exam,21,16,18.4,49,9.5,21,60,hard,high,6,5,61.3,2,1
Computer Graphics Assignment,assignment,29,28,42.1,19,9.52,14,97,hard,high,2,1,49.6,4,1
Internal Assessment #4,exam,24,21,78.6,59,8.15,26,88,easy,high,0,5,32.8,-3,0
Research Project (Sem 7),project,14,12,69.4,56,6.98,36,69,medium,high,7,0,49.4,4,1
Machine Learning Assignment (Sem 4),assignment,16,15,1.1,5,6.35,32,37,easy,medium,8,4,55.2,9,1
IoT Based Project (Sem 5),project,34,30,61.2,31,6.4,45,12,medium,low,7,2,47.3,1,1
Networking Assignment (Sem 2),assignment,30,28,52.2,32,5.23,40,79,easy,medium,3,0,41.6,-1,0
Data Structures Assignment #3,assignment,22,21,24.9,69,5.92,40,47,hard,medium,6,0,52.2,5,1
Web Dev Assignment,assignment,31,28,31.8,12,8.64,17,33,hard,medium,9,4,59.3,2,1
Industry Internship Project (Sem 4),project,28,26,12.8,86,8.36,42,34,hard,medium,4,6,46.0,-2,0
Surprise Test #5,exam,28,23,54.3,0,4.41,20,83,hard,high,8,4,79.0,9,1
Machine Learning Assignment (Sem 4),assignment,7,5,65.4,39,9.34,28,73,hard,high,4,5,69.0,3,1
Surprise Test,exam,31,30,45.0,97,7.5,14,84,hard,medium,10,4,42.0,-2,0
Data Structures Assignment (Sem 3),assignment,16,12,63.6,17,4.59,7,15,hard,medium,9,0,59.3,2,1
Network Lab - Packet Analysis,lab_experiment,22,20,23.7,10,8.77,37,28,easy,high,0,1,35.7,-1,0
Module Exam #5,exam,31,28,17.5,28,7.63,22,31,hard,medium,8,2,52.6,6,1
DBMS Assignment #4,assignment,29,25,49.3,34,8.55,20,50,medium,high,5,4,55.2,13,1
Online Quiz #5,exam,5,5,38.2,31,6.61,36,89,hard,high,9,6,79.4,4,1
Group Project - Web App,project,5,3,71.7,23,6.83,35,35,medium,high,1,0,58.9,9,1
Viva Voce (Sem 8),exam,18,18,29.2,73,4.6,23,47,easy,low,2,2,27.7,-1,0
Open Source Contribution #2,project,6,6,78.8,2,5.08,6,39,medium,high,10,2,74.2,5,1
Math Assignment (Sem 4),assignment,23,21,62.4,0,8.81,11,63,medium,high,10,3,59.1,9,1
Mid-Semester Exam (Sem 1),exam,33,28,19.1,63,4.41,39,58,medium,critical,1,0,49.3,3,1
Algorithms Assignment #4,assignment,17,17,45.5,98,8.0,16,31,very_hard,low,6,0,37.0,-1,0
Compiler Lab - Lexical Analysis (Sem 2),lab_experiment,25,25,35.6,77,9.55,50,66,hard,low,4,3,39.6,11,1
Data Structures Assignment,assignment,10,10,7.0,57,8.88,26,88,easy,high,8,5,48.2,10,1
Computer Graphics Assignment (Sem 4),assignment,26,25,33.3,2,8.2,46,45,medium,medium,10,0,49.2,0,0
Final Year Project (Sem 8),project,14,12,11.1,26,7.47,40,41,very_hard,high,2,5,71.8,14,1
Surprise Test,exam,29,29,41.7,76,7.22,5,24,medium,low,4,5,37.3,-1,0
Practical Exam (Sem 7),exam,33,30,7.5,62,4.09,21,13,hard,high,9,3,64.7,9,1
Internal Assessment (Sem 6),exam,2,1,78.0,80,6.73,23,40,hard,critical,1,6,81.3,10,1
Software Engineering Assignment #3,assignment,20,18,73.5,3,6.46,8,83,hard,high,7,4,72.2,6,1
Final Year Project #4,project,5,1,16.0,81,9.97,50,38,hard,low,0,6,55.8,7,1
Network Lab - Packet Analysis,lab_experiment,29,25,23.3,20,7.33,18,42,hard,medium,7,2,58.8,14,1
DS Lab - Linked List #2,lab_experiment,2,2,17.6,19,4.68,38,62,easy,high,0,5,67.0,3,1
Practical Exam,exam,32,28,60.7,75,7.73,16,87,medium,high,10,3,44.6,-1,0
Capstone Project,project,8,6,27.7,22,4.43,27,52,easy,critical,2,6,72.3,2,1
Industry Internship Project #1,project,15,11,63.0,38,4.69,41,11,medium,medium,9,0,51.5,7,1
Viva Voce (Sem 3),exam,6,4,5.4,78,7.01,29,64,medium,critical,10,0,60.3,14,1
Final Year Project #1,project,23,19,49.0,1,4.08,10,80,easy,critical,3,0,59.8,6,1
Online Quiz #4,exam,5,5,78.7,52,5.17,44,30,hard,high,4,6,78.0,6,1
Web Dev Assignment #4,assignment,18,14,79.7,65,7.46,25,57,hard,high,9,3,59.5,8,1
End-Semester Exam #3,exam,34,29,40.5,63,8.46,14,30,easy,low,3,6,27.8,0,0
Embedded Systems Lab,lab_experiment,11,9,15.7,30,5.06,13,89,easy,medium,10,0,45.3,5,1
Web Dev Assignment (Sem 4),assignment,20,18,18.3,37,5.15,35,19,hard,medium,6,0,58.1,10,1
Networking Assignment (Sem 2),assignment,12,8,5.0,26,5.31,19,22,medium,low,6,5,56.7,1,1
Weekly Test (Sem 1),exam,15,14,8.0,46,9.03,50,62,medium,critical,10,1,57.8,4,1
IoT Based Project #5,project,7,7,63.3,90,6.26,9,74,easy,low,10,1,32.9,0,0
Unit Test (Sem 4),exam,31,29,1.6,45,5.77,36,55,medium,medium,10,3,55.6,10,1
Network Lab - Packet Analysis (Sem 2),lab_experiment,29,25,71.5,20,7.04,45,10,hard,low,9,0,52.5,8,1
Final Year Project #1,project,19,14,76.9,14,6.74,26,61,medium,medium,10,4,57.8,8,1
Mobile App Development,project,25,22,39.7,94,8.45,21,49,easy,high,5,3,36.3,-1,0
IOT Lab Experiment #3,lab_experiment,34,30,6.9,18,9.55,12,74,very_hard,high,2,4,63.6,11,1
Practical Exam (Sem 5),exam,10,8,36.3,24,5.95,29,43,easy,medium,4,6,55.1,11,1
Networking Assignment #1,assignment,18,13,30.4,63,5.87,21,55,medium,medium,3,0,38.5,-2,0
Networking Assignment #5,assignment,10,10,13.1,75,5.53,16,83,hard,medium,3,1,44.6,0,0
Data Structures Assignment,assignment,3,2,66.3,77,9.18,10,96,hard,high,2,3,56.6,12,1
Mini Project,project,16,11,7.7,69,8.51,35,98,medium,low,3,0,23.7,-1,0
DBMS Lab - SQL Queries (Sem 3),lab_experiment,17,15,39.8,25,5.75,6,89,medium,low,8,0,45.6,5,1
Viva Voce,exam,23,20,76.5,34,7.12,11,81,medium,low,8,6,49.3,13,1
Unit Test #5,exam,10,9,65.5,65,5.52,29,80,medium,high,6,0,51.9,8,1
Module Exam #4,exam,27,22,23.4,84,7.67,46,16,medium,critical,6,0,47.8,1,1
Digital Electronics Lab,lab_experiment,30,30,39.7,38,4.12,50,73,medium,high,7,1,61.4,8,1
Module Exam,exam,8,3,55.3,93,4.02,7,73,very_hard,high,7,6,84.1,1,1
Software Engineering Assignment #2,assignment,8,4,25.9,8,9.51,33,71,easy,medium,7,3,55.7,8,1
End-Semester Exam,exam,14,12,44.3,70,9.88,38,79,hard,high,4,2,49.8,11,1
AI Lab - Search Algorithms #3,lab_experiment,27,23,60.0,65,6.42,27,38,medium,high,4,2,47.7,2,1
Embedded Systems Lab #3,lab_experiment,31,28,34.3,56,9.64,20,23,medium,low,4,0,27.8,0,0
Network Lab - Packet Analysis,lab_experiment,16,12,76.2,70,6.47,28,13,hard,medium,4,2,46.8,9,1
Online Quiz #5,exam,2,2,23.8,83,9.83,37,80,easy,critical,3,2,55.1,3,1
Unit Test (Sem 6),exam,9,5,70.1,81,6.85,6,52,easy,low,3,3,32.4,-2,0
Research Project,project,17,16,8.8,80,5.54,50,80,medium,critical,8,3,65.0,5,1
Embedded Systems Lab (Sem 6),lab_experiment,27,25,37.9,21,4.41,29,26,medium,medium,3,1,49.7,12,1
OS Lab - Process Scheduling,lab_experiment,8,3,54.4,100,5.34,40,88,medium,low,10,6,59.0,8,1
Module Exam (Sem 3),exam,7,6,51.2,45,4.96,25,76,hard,high,9,3,76.5,4,1
Digital Electronics Lab,lab_experiment,16,14,47.1,9,6.36,44,76,hard,medium,5,3,65.6,2,1
Computer Vision Lab (Sem 1),lab_experiment,12,9,52.0,97,4.7,45,10,medium,medium,2,2,35.1,-1,0
IoT Based Project,project,9,7,38.7,57,9.55,40,56,easy,high,4,4,52.6,10,1
Mid-Semester Exam (Sem 5),exam,17,14,77.8,60,7.69,33,29,medium,high,2,3,40.3,0,0
Algorithms Assignment (Sem 1),assignment,12,9,73.9,6,7.17,43,79,easy,medium,6,0,48.1,9,1
Weekly Test #3,exam,30,28,13.7,14,6.34,15,93,easy,critical,1,0,46.7,12,1
Machine Learning Assignment #2,assignment,24,20,75.2,40,4.8,10,93,easy,critical,5,4,66.0,5,1
Group Project - Web App (Sem 4),project,8,3,38.4,72,8.02,21,28,medium,medium,9,0,47.7,2,1
Capstone Project (Sem 7),project,20,20,55.5,42,9.62,17,69,easy,low,10,1,30.3,0,0
Computer Vision Lab (Sem 7),lab_experiment,10,10,71.5,81,9.41,18,62,medium,low,6,5,35.6,-3,0
Viva Voce,exam,18,18,62.8,21,6.37,12,33,very_hard,medium,4,0,59.0,5,1
Mobile App Development (Sem 4),project,3,0,20.5,35,6.52,5,72,hard,high,0,5,77.5,14,1
Mobile App Development #5,project,10,8,67.1,76,8.15,25,53,very_hard,medium,4,4,52.3,9,1
Industry Internship Project #3,project,17,17,1.4,22,9.71,47,88,medium,medium,5,1,47.3,2,1
IoT Based Project (Sem 6),project,14,13,55.2,80,6.84,13,37,medium,critical,1,6,48.3,-2,0
AI Lab - Search Algorithms,lab_experiment,10,7,27.9,50,9.2,31,75,medium,medium,9,0,46.1,7,1
Networking Assignment #5,assignment,21,17,19.2,16,6.91,30,21,medium,medium,8,2,53.8,9,1
OS Assignment,assignment,10,10,14.8,41,6.89,38,25,very_hard,high,2,2,62.6,7,1
Software Engineering Assignment (Sem 2),assignment,16,16,42.6,44,5.63,7,60,easy,high,3,4,50.9,13,1
Final Year Project (Sem 8),project,23,18,21.4,98,8.56,26,10,medium,critical,7,1,45.0,-2,0
OS Lab - Process Scheduling,lab_experiment,4,3,24.7,99,6.58,33,85,medium,critical,1,0,51.5,4,1
OS Lab - Process Scheduling #2,lab_experiment,0,0,39.5,86,4.96,10,50,hard,critical,5,6,95.8,12,1
Internal Assessment #1,exam,23,20,39.6,1,8.2,44,46,easy,medium,7,4,52.2,2,1
End-Semester Exam (Sem 6),exam,19,14,74.2,28,6.52,8,62,hard,critical,4,0,64.2,6,1
Networking Assignment #1,assignment,15,14,19.4,47,5.24,33,82,easy,low,3,6,42.9,2,1
Capstone Project,project,23,19,33.8,94,9.44,40,18,hard,high,4,4,49.2,2,1
Viva Voce,exam,12,11,53.6,40,6.43,14,37,hard,critical,4,6,72.4,14,1
ML Model Project (Sem 8),project,7,4,7.8,44,6.13,9,39,medium,medium,5,5,60.1,13,1
Industry Internship Project (Sem 1),project,19,15,51.1,37,4.6,37,63,very_hard,medium,10,6,76.3,4,1
Embedded Systems Lab (Sem 4),lab_experiment,14,9,60.2,76,7.52,26,72,easy,low,3,2,20.4,-2,0
Data Structures Assignment,assignment,28,26,74.6,67,7.79,20,78,hard,high,9,5,57.6,4,1
DBMS Lab - SQL Queries,lab_experiment,26,21,79.0,73,4.81,25,98,hard,high,4,4,61.9,4,1
Mini Project,project,17,14,15.7,71,9.51,49,23,very_hard,medium,0,6,45.7,14,1
Software Engineering Assignment (Sem 1),assignment,8,8,19.0,78,8.19,47,61,easy,low,8,0,24.1,0,0
Algorithms Assignment,assignment,14,9,41.5,8,7.65,41,24,easy,medium,4,2,43.5,-3,0
Mid-Semester Exam #1,exam,25,23,78.2,10,6.04,6,87,hard,critical,5,3,76.6,9,1
OS Assignment,assignment,4,2,18.6,23,7.61,11,43,hard,high,8,5,80.5,3,1
DS Lab - Linked List,lab_experiment,13,8,38.8,21,8.64,32,31,hard,high,1,4,54.0,13,1
Computer Vision Lab #1,lab_experiment,29,28,36.1,56,9.14,17,10,medium,high,10,2,46.5,1,1
Embedded Systems Lab,lab_experiment,33,28,14.0,45,8.94,47,46,easy,high,10,5,52.7,7,1
Mobile App Development #3,project,7,4,59.7,90,5.88,19,30,hard,critical,3,5,72.9,7,1
Practical Exam #4,exam,5,3,47.3,0,4.19,28,88,easy,critical,2,2,77.8,1,1
OS Lab - Process Scheduling,lab_experiment,35,30,41.1,100,5.86,29,44,very_hard,medium,6,1,54.9,1,1
Software Engineering Assignment (Sem 6),assignment,6,1,23.7,78,5.62,30,62,hard,medium,6,6,84.4,6,1
Math Assignment #4,assignment,25,21,13.0,29,9.89,5,27,medium,medium,4,4,44.7,-2,0
Viva Voce,exam,17,15,67.5,21,8.91,48,75,easy,medium,3,5,44.6,0,0
Viva Voce,exam,2,2,70.8,42,6.6,41,71,medium,low,6,6,65.7,5,1
ML Model Project (Sem 3),project,4,4,66.1,74,6.44,48,76,hard,low,8,3,56.0,10,1
Industry Internship Project #4,project,18,16,50.0,24,9.12,35,26,easy,critical,3,5,57.7,2,1
Unit Test #4,exam,25,22,47.9,70,4.41,34,50,medium,critical,0,0,44.4,12,1
Viva Voce #3,exam,3,2,21.6,47,6.94,35,96,hard,medium,8,6,76.1,1,1
DBMS Assignment,assignment,31,27,40.0,82,8.57,33,76,hard,critical,1,3,47.9,-2,0
Network Lab - Packet Analysis (Sem 1),lab_experiment,22,22,63.2,92,8.93,33,39,easy,critical,2,1,32.9,-2,0
Final Year Project #1,project,10,9,32.1,93,8.26,38,36,easy,critical,9,4,48.2,-3,0
AI Lab - Search Algorithms #2,lab_experiment,18,17,52.7,82,8.55,7,63,easy,medium,5,3,30.3,0,0
IOT Lab Experiment #5,lab_experiment,6,6,11.6,91,5.26,42,47,hard,medium,7,0,56.0,5,1
Capstone Project (Sem 4),project,23,18,58.2,79,4.92,20,66,easy,medium,2,3,33.2,-1,0
Networking Assignment (Sem 7),assignment,14,9,69.2,61,8.79,20,43,easy,medium,5,6,39.8,0,0
IoT Based Project,project,4,4,41.4,33,9.55,43,81,easy,high,1,2,44.7,-3,0
Mobile App Development,project,22,17,49.2,70,6.1,5,90,hard,critical,3,1,54.5,6,1
Compiler Lab - Lexical Analysis (Sem 6),lab_experiment,24,19,29.5,76,6.69,5,100,hard,medium,6,0,42.3,-3,0
ML Model Project (Sem 1),project,6,5,68.0,72,6.95,20,89,hard,medium,0,3,43.6,-3,0
Software Engineering Assignment (Sem 2),assignment,24,24,56.6,80,8.86,19,27,easy,critical,2,1,33.9,-1,0
Internal Assessment (Sem 8),exam,31,29,26.2,55,8.21,26,61,easy,low,7,5,36.6,-1,0
DBMS Assignment,assignment,34,30,14.1,40,7.5,29,33,easy,critical,9,5,59.9,8,1
AI Lab - Search Algorithms,lab_experiment,21,18,58.2,89,8.31,43,85,medium,low,7,4,34.5,-2,0
Data Structures Assignment #3,assignment,20,20,59.6,8,7.77,8,77,hard,medium,5,1,53.2,12,1
Surprise Test (Sem 6),exam,21,21,62.1,82,9.63,45,29,easy,high,8,1,37.1,-1,0
AI Lab - Search Algorithms (Sem 5),lab_experiment,21,19,1.7,10,5.92,15,97,medium,low,6,2,53.5,14,1
Mini Project (Sem 8),project,18,14,47.0,86,5.11,30,100,hard,medium,4,4,52.8,14,1
Digital Electronics Lab,lab_experiment,28,24,49.8,72,7.46,37,11,easy,high,6,4,49.3,12,1
OS Lab - Process Scheduling #1,lab_experiment,17,14,23.1,21,8.44,44,44,medium,high,2,6,53.2,9,1
Machine Learning Assignment #2,assignment,11,11,66.0,48,6.37,43,18,medium,medium,7,1,46.7,10,1
Research Project #1,project,24,19,2.8,50,6.57,15,26,hard,medium,6,2,52.5,14,1
OS Assignment,assignment,14,9,1.8,86,5.25,11,71,medium,high,9,3,51.9,2,1
IOT Lab Experiment (Sem 8),lab_experiment,10,6,30.9,2,5.57,6,44,hard,low,10,4,73.2,14,1
Mobile App Development (Sem 8),project,19,16,15.9,89,7.56,22,41,easy,high,2,1,24.4,0,0
End-Semester Exam (Sem 4),exam,12,10,65.2,15,7.03,5,92,very_hard,medium,0,4,55.5,9,1
Network Lab - Packet Analysis,lab_experiment,25,23,72.8,28,5.04,16,45,easy,high,8,6,63.0,5,1
Web Dev Assignment (Sem 4),assignment,9,7,71.2,52,4.84,20,28,medium,high,8,3,67.6,5,1
Mid-Semester Exam,exam,7,6,13.0,54,9.14,18,85,very_hard,high,9,0,66.0,7,1
Module Exam #1,exam,31,30,72.6,65,6.23,26,18,easy,high,6,3,47.6,12,1
DBMS Lab - SQL Queries #5,lab_experiment,17,16,64.3,1,7.68,30,84,easy,high,6,1,51.8,14,1
Mid-Semester Exam,exam,35,30,9.6,68,6.03,44,40,very_hard,medium,3,1,51.8,6,1
Mid-Semester Exam (Sem 6),exam,33,28,20.3,24,9.46,46,44,hard,high,3,6,62.8,12,1
Mid-Semester Exam #4,exam,8,7,58.8,79,4.12,25,44,medium,low,2,3,41.7,-3,0
Mobile App Development (Sem 5),project,16,11,77.5,61,8.75,49,58,medium,low,8,2,36.7,-1,0
DBMS Assignment (Sem 1),assignment,3,3,42.7,26,6.53,30,38,hard,critical,7,0,84.8,13,1
Practical Exam #3,exam,24,22,9.2,34,7.75,22,32,very_hard,high,8,3,68.4,2,1
Practical Exam,exam,12,7,52.5,21,4.93,27,75,easy,high,1,5,61.5,1,1
OS Assignment #5,assignment,6,1,24.9,39,8.4,47,79,easy,medium,5,4,69.9,12,1
Machine Learning Assignment (Sem 1),assignment,26,23,56.3,42,6.14,42,72,hard,medium,4,5,59.8,5,1
Practical Exam (Sem 6),exam,7,5,40.0,71,4.82,25,78,very_hard,medium,7,1,68.3,3,1
Math Assignment (Sem 2),assignment,5,2,2.7,17,6.57,24,96,hard,medium,7,3,77.0,12,1
Computer Graphics Assignment,assignment,21,18,32.7,56,6.68,27,56,hard,medium,4,5,55.5,4,1
Computer Graphics Assignment #2,assignment,14,14,8.2,21,8.85,17,52,easy,critical,3,6,56.5,9,1
Research Project (Sem 2),project,20,15,47.2,84,8.45,48,69,medium,high,10,3,46.0,11,1
IOT Lab Experiment,lab_experiment,4,2,42.1,48,4.86,6,70,easy,medium,8,4,64.0,5,1
Capstone Project #5,project,25,20,5.1,74,5.56,27,41,hard,medium,1,1,39.9,-2,0
ML Model Project (Sem 3),project,30,26,26.6,48,7.44,34,98,easy,critical,6,6,63.8,14,1
Weekly Test (Sem 1),exam,12,10,56.9,28,6.85,5,25,very_hard,high,0,2,55.9,6,1
Final Year Project (Sem 8),project,30,27,53.8,16,5.39,16,81,medium,medium,7,3,59.4,14,1
Online Quiz (Sem 3),exam,15,13,17.7,100,7.71,42,93,hard,high,4,3,46.2,-3,0
Capstone Project #3,project,19,16,39.5,88,5.67,41,89,medium,high,5,6,58.5,2,1
Final Year Project #1,project,10,9,29.7,68,5.37,26,23,easy,medium,7,0,39.0,0,0
Final Year Project #2,project,7,7,3.5,89,6.75,17,45,easy,low,4,6,38.9,-2,0
DBMS Assignment,assignment,6,6,49.1,37,5.45,38,17,easy,medium,0,4,47.4,0,0
Internal Assessment,exam,29,28,58.3,2,4.15,15,64,hard,high,4,2,71.1,11,1
Mini Project,project,24,24,31.3,37,7.22,34,74,easy,high,0,6,43.0,-2,0
Compiler Lab - Lexical Analysis #2,lab_experiment,27,25,12.8,2,5.88,39,46,hard,low,0,1,47.5,-1,0
Math Assignment #4,assignment,26,26,48.6,91,5.79,34,29,easy,low,10,2,34.2,-1,0
Machine Learning Assignment #3,assignment,2,2,17.4,25,9.03,47,54,easy,medium,5,2,58.7,8,1
IoT Based Project (Sem 5),project,27,22,59.1,100,8.62,24,100,hard,medium,0,3,25.4,-2,0
Module Exam,exam,14,14,73.2,23,4.65,43,71,medium,low,4,1,48.7,3,1
ML Model Project,project,30,25,15.6,46,4.72,27,80,hard,medium,0,0,40.5,9,1
Computer Vision Lab (Sem 1),lab_experiment,2,2,74.5,7,5.02,20,84,hard,low,1,4,68.6,10,1
Web Dev Assignment (Sem 5),assignment,28,24,20.5,0,9.17,43,14,medium,low,10,3,50.3,14,1
Machine Learning Assignment (Sem 3),assignment,15,15,16.0,40,4.33,28,79,very_hard,high,8,5,81.8,3,1
DBMS Assignment #3,assignment,25,21,23.5,26,7.68,35,47,easy,medium,7,4,46.3,-2,0
Algorithms Assignment #2,assignment,11,10,41.1,25,5.44,10,37,hard,low,9,1,55.0,9,1
Open Source Contribution #2,project,15,14,20.5,53,4.6,43,46,easy,low,7,6,48.7,6,1
Research Project (Sem 8),project,18,17,20.5,43,9.67,18,19,very_hard,critical,10,5,78.2,11,1
Viva Voce (Sem 7),exam,3,1,41.6,25,6.02,17,46,medium,high,6,4,86.7,11,1
OS Assignment,assignment,5,1,59.2,76,6.35,21,15,medium,critical,0,1,63.9,4,1
Online Quiz #3,exam,24,24,38.2,14,9.04,14,20,hard,low,4,1,44.6,-1,0
Networking Assignment (Sem 2),assignment,12,7,21.6,75,7.78,49,84,hard,high,9,0,56.9,1,1
Web Dev Assignment (Sem 6),assignment,18,16,49.2,80,7.59,48,88,easy,high,10,1,37.8,-3,0
Mobile App Development,project,30,29,77.7,30,5.57,38,65,easy,medium,1,5,45.8,0,0
Math Assignment (Sem 2),assignment,13,13,27.7,30,5.96,7,89,easy,high,8,6,61.7,7,1
OS Assignment (Sem 1),assignment,17,14,36.7,29,5.81,47,69,easy,medium,6,1,50.9,8,1
Online Quiz,exam,9,4,77.7,5,7.85,21,68,medium,low,8,6,59.1,10,1
Digital Electronics Lab (Sem 6),lab_experiment,7,7,6.9,64,8.7,41,66,easy,low,9,1,36.3,-1,0
IoT Based Project #1,project,4,2,24.4,88,4.15,17,46,easy,high,5,6,66.1,11,1
Capstone Project (Sem 2),project,3,3,10.9,49,6.31,16,66,hard,high,6,0,70.8,6,1
Mid-Semester Exam #5,exam,19,19,1.4,75,9.28,24,81,easy,low,3,2,20.4,-1,0
Computer Vision Lab (Sem 2),lab_experiment,17,15,58.0,18,4.56,28,84,medium,low,7,6,59.2,13,1
Networking Assignment (Sem 8),assignment,21,16,48.3,31,8.96,33,87,easy,medium,6,1,39.1,0,0
AI Lab - Search Algorithms #5,lab_experiment,30,25,67.8,23,7.68,11,37,easy,high,8,6,53.5,3,1
Mid-Semester Exam,exam,13,8,15.5,93,4.7,15,22,hard,critical,2,4,58.9,9,1
Computer Vision Lab #1,lab_experiment,12,9,4.5,84,5.92,23,41,medium,low,5,4,43.5,12,1
Viva Voce (Sem 3),exam,10,8,56.9,94,7.66,16,17,very_hard,medium,10,5,52.8,2,1
Math Assignment (Sem 5),assignment,23,23,59.8,88,8.44,30,90,very_hard,low,3,3,40.4,-2,0
End-Semester Exam,exam,18,16,6.0,27,5.73,18,56,medium,critical,9,2,70.4,2,1
Viva Voce #1,exam,6,3,22.9,40,6.46,36,81,hard,low,7,0,62.6,12,1
End-Semester Exam,exam,13,12,24.4,75,6.51,11,32,very_hard,critical,9,1,68.1,7,1
DS Lab - Linked List (Sem 2),lab_experiment,24,24,29.9,75,6.8,31,46,very_hard,medium,8,5,63.1,9,1
Mid-Semester Exam (Sem 1),exam,22,20,37.4,44,4.94,5,41,hard,high,5,5,70.7,1,1
DBMS Assignment (Sem 3),assignment,0,0,63.2,96,4.7,15,44,hard,medium,10,2,73.3,11,1
Network Lab - Packet Analysis,lab_experiment,26,24,7.0,5,7.31,5,99,hard,high,0,3,54.5,7,1
Surprise Test #2,exam,26,26,57.2,7,4.15,11,48,hard,low,10,6,66.7,9,1
Final Year Project,project,20,15,25.2,62,8.34,35,42,hard,high,2,1,43.1,5,1
Surprise Test #5,exam,29,28,46.0,48,4.18,33,60,hard,low,6,2,54.7,11,1
Final Year Project,project,33,29,28.5,96,8.86,20,53,medium,high,6,3,40.8,-1,0
OS Lab - Process Scheduling #3,lab_experiment,15,12,62.4,44,7.87,37,97,very_hard,high,10,6,71.9,7,1
Network Lab - Packet Analysis,lab_experiment,10,10,76.8,83,9.88,10,24,easy,medium,8,5,34.4,-3,0
Research Project,project,29,29,27.8,85,6.48,26,98,hard,high,3,1,45.6,11,1
Computer Graphics Assignment #4,assignment,14,11,17.3,80,7.19,28,62,hard,low,8,3,44.8,11,1
Mini Project (Sem 8),project,17,13,8.4,64,7.38,12,12,easy,low,7,5,38.4,-1,0
DBMS Assignment #5,assignment,15,10,58.2,5,8.42,20,18,hard,medium,7,4,61.0,14,1
Compiler Lab - Lexical Analysis,lab_experiment,5,5,41.5,81,6.26,13,16,medium,medium,8,3,49.1,1,1
Compiler Lab - Lexical Analysis #4,lab_experiment,30,26,76.2,11,8.99,47,90,medium,high,10,4,62.5,8,1
IOT Lab Experiment (Sem 3),lab_experiment,18,16,30.4,99,6.95,34,85,very_hard,medium,4,5,55.6,14,1
Machine Learning Assignment,assignment,19,16,7.8,76,7.17,33,28,medium,high,0,3,36.1,-1,0
Mobile App Development (Sem 3),project,23,19,61.5,60,4.88,16,49,easy,critical,9,3,60.6,9,1
Open Source Contribution,project,20,16,39.7,87,7.58,25,82,medium,critical,2,5,46.1,5,1
Computer Graphics Assignment,assignment,22,20,38.3,60,6.62,30,82,medium,high,8,4,56.0,3,1
Weekly Test #4,exam,29,27,72.6,33,6.59,28,87,hard,medium,4,1,52.2,1,1
Internal Assessment (Sem 2),exam,19,18,9.4,82,9.98,48,41,easy,high,6,6,45.4,-1,0
Module Exam (Sem 4),exam,20,16,4.5,63,4.65,11,73,medium,medium,1,4,39.5,0,0
IoT Based Project (Sem 7),project,32,29,9.0,99,6.71,28,26,medium,high,0,4,33.0,0,0
Module Exam,exam,24,20,19.2,60,5.56,47,84,medium,critical,0,2,51.7,5,1
Machine Learning Assignment,assignment,26,23,3.9,1,9.79,46,86,medium,medium,6,1,51.4,14,1
Module Exam #4,exam,26,23,26.3,65,9.78,43,34,medium,low,10,2,35.3,0,0
Digital Electronics Lab,lab_experiment,15,15,36.0,60,4.17,47,34,hard,high,1,2,53.7,2,1
Machine Learning Assignment (Sem 7),assignment,4,1,55.8,99,6.33,15,20,medium,medium,6,2,60.7,14,1
Capstone Project #1,project,27,25,72.1,0,6.06,46,17,medium,critical,0,0,54.6,9,1
Embedded Systems Lab,lab_experiment,1,1,10.6,77,4.05,29,78,hard,critical,9,0,89.5,10,1
Algorithms Assignment,assignment,33,30,59.1,52,5.34,22,54,medium,medium,10,5,56.8,5,1
Web Dev Assignment,assignment,22,20,67.9,18,4.75,15,18,very_hard,high,5,6,84.9,3,1
Web Dev Assignment (Sem 5),assignment,28,27,28.1,27,4.91,31,25,very_hard,medium,3,5,71.7,14,1
Final Year Project #1,project,29,26,25.2,10,7.83,32,29,easy,high,9,4,56.2,5,1
Weekly Test (Sem 7),exam,29,24,46.2,28,6.53,11,73,hard,medium,2,5,53.5,14,1
Open Source Contribution (Sem 5),project,5,3,26.9,3,9.51,45,47,medium,medium,0,2,52.9,11,1
OS Assignment (Sem 4),assignment,10,7,27.4,11,4.62,15,77,hard,high,3,0,70.3,13,1
Computer Vision Lab #3,lab_experiment,1,1,34.2,12,6.56,47,88,hard,high,5,6,100.0,10,1
Unit Test #3,exam,25,24,69.9,30,6.7,44,48,easy,high,6,2,54.4,10,1
Viva Voce (Sem 1),exam,5,0,47.3,40,7.36,14,93,hard,low,1,5,68.4,6,1
Surprise Test,exam,17,16,49.1,88,6.87,35,27,hard,medium,8,4,50.9,-2,0
Digital Electronics Lab,lab_experiment,13,9,78.8,4,5.07,29,38,hard,high,4,4,76.1,4,1
Viva Voce,exam,16,14,69.2,37,6.17,39,79,very_hard,low,10,5,66.5,5,1
Computer Graphics Assignment,assignment,28,24,78.3,72,5.92,36,49,very_hard,critical,2,3,71.2,8,1
Digital Electronics Lab #2,lab_experiment,22,18,74.5,48,7.15,7,69,hard,high,0,6,50.1,6,1
Networking Assignment #1,assignment,19,18,46.9,79,5.31,45,74,medium,high,4,2,51.7,9,1
Research Project,project,23,20,12.9,42,8.5,37,46,very_hard,high,8,0,62.3,2,1
Practical Exam (Sem 6),exam,26,23,18.6,68,9.3,39,77,easy,low,7,2,29.3,-1,0
OS Assignment #3,assignment,14,14,77.8,94,6.64,10,12,hard,low,3,0,28.2,-3,0
Compiler Lab - Lexical Analysis #2,lab_experiment,6,3,51.2,67,6.36,13,45,hard,high,8,3,72.9,13,1
Embedded Systems Lab,lab_experiment,23,19,24.9,82,8.2,46,55,hard,low,8,0,35.2,-1,0
Mini Project #4,project,0,0,44.9,14,5.26,40,73,hard,low,7,5,93.2,3,1
Embedded Systems Lab (Sem 7),lab_experiment,15,12,68.0,64,8.51,22,42,medium,high,9,1,43.4,-3,0
Group Project - Web App,project,3,0,68.2,35,9.88,40,13,medium,low,7,2,66.0,4,1
Module Exam (Sem 7),exam,7,6,40.7,62,8.46,21,99,medium,critical,4,1,56.7,14,1
Math Assignment #1,assignment,5,1,66.7,45,4.25,45,36,hard,critical,4,2,98.5,1,1
IOT Lab Experiment,lab_experiment,20,19,70.8,83,6.3,41,32,medium,critical,10,1,54.5,7,1
Web Dev Assignment #3,assignment,29,27,7.9,69,7.91,50,32,very_hard,medium,0,0,36.2,-2,0
Networking Assignment,assignment,23,19,45.9,21,5.25,18,85,hard,high,4,5,73.6,11,1
Practical Exam,exam,17,14,52.4,84,4.02,33,78,medium,low,7,5,46.5,0,0
Viva Voce #2,exam,4,1,39.6,29,9.63,28,96,hard,low,3,1,65.0,2,1
Digital Electronics Lab,lab_experiment,6,2,59.4,94,8.07,5,54,medium,low,1,0,24.7,-2,0
Research Project #3,project,34,30,77.6,35,6.37,50,73,medium,high,5,0,55.0,6,1
IoT Based Project,project,9,8,27.6,64,4.84,25,95,easy,medium,1,0,27.7,-1,0
Surprise Test (Sem 8),exam,28,26,69.0,1,8.12,32,57,medium,high,5,2,59.0,11,1
Network Lab - Packet Analysis (Sem 1),lab_experiment,12,7,13.1,0,5.02,35,92,hard,high,4,6,87.5,9,1
Math Assignment (Sem 7),assignment,31,26,44.8,85,8.92,18,54,easy,low,8,4,27.8,0,0
Mini Project (Sem 1),project,32,28,36.3,55,9.84,7,30,hard,critical,6,3,62.7,14,1
Internal Assessment (Sem 2),exam,30,26,66.4,45,8.92,34,89,very_hard,high,2,0,52.4,5,1
Open Source Contribution (Sem 3),project,11,7,56.9,45,6.07,47,54,easy,high,9,1,57.7,5,1
Mobile App Development,project,20,16,75.3,33,7.26,5,77,easy,high,2,6,46.9,8,1
Online Quiz,exam,24,24,8.0,55,9.54,31,40,very_hard,low,1,0,35.1,-1,0
Practical Exam (Sem 4),exam,22,21,66.8,66,4.61,14,42,easy,high,7,3,51.2,7,1
ML Model Project #5,project,4,2,49.6,3,4.68,25,31,very_hard,critical,10,6,100.0,2,1
Group Project - Web App,project,21,21,74.4,8,5.14,33,51,easy,high,1,5,56.7,1,1
Mini Project #4,project,24,22,53.5,79,7.7,12,71,medium,low,1,3,19.4,0,0
Mid-Semester Exam,exam,14,10,28.0,32,6.16,34,88,hard,low,10,0,49.0,9,1
IOT Lab Experiment (Sem 6),lab_experiment,14,11,9.4,92,7.21,40,35,very_hard,high,0,0,42.6,5,1
Data Structures Assignment,assignment,29,24,19.9,35,8.29,27,99,medium,low,10,6,45.7,-3,0
Unit Test,exam,24,21,65.4,39,9.49,25,49,medium,high,10,0,46.7,2,1
Unit Test #4,exam,13,9,31.4,91,7.73,26,75,very_hard,low,7,5,49.4,9,1
Weekly Test (Sem 2),exam,24,21,72.1,41,7.43,10,46,medium,medium,3,1,38.8,-2,0
DBMS Assignment #3,assignment,27,26,39.6,16,9.4,26,74,hard,medium,9,3,57.4,6,1
Practical Exam #5,exam,31,30,37.2,23,4.14,12,65,medium,high,9,5,68.6,5,1
AI Lab - Search Algorithms,lab_experiment,13,9,47.4,7,4.07,6,60,medium,critical,7,3,75.2,3,1
Mid-Semester Exam (Sem 3),exam,7,6,51.0,6,4.19,41,33,medium,medium,5,1,67.9,9,1
Compiler Lab - Lexical Analysis,lab_experiment,25,22,54.5,20,4.4,15,55,medium,high,5,3,65.5,8,1
DBMS Lab - SQL Queries,lab_experiment,28,25,18.9,56,7.23,29,93,hard,medium,1,6,46.7,14,1
Internal Assessment (Sem 7),exam,6,5,64.5,65,7.93,18,62,hard,high,7,0,55.8,8,1
OS Lab - Process Scheduling,lab_experiment,22,20,30.9,32,4.49,40,86,medium,high,10,3,65.6,14,1
Module Exam #2,exam,33,28,43.4,26,9.49,48,34,very_hard,low,8,6,64.6,11,1
Computer Vision Lab,lab_experiment,15,10,39.9,81,9.55,5,78,very_hard,high,1,6,49.3,12,1
Research Project (Sem 8),project,12,9,19.4,11,9.83,5,85,medium,low,4,4,43.3,14,1
Software Engineering Assignment,assignment,10,7,79.1,71,7.3,28,71,hard,low,5,4,56.6,12,1
Capstone Project #1,project,10,5,35.2,30,9.11,5,31,hard,medium,6,4,62.5,9,1
Networking Assignment (Sem 8),assignment,27,26,45.5,93,9.56,31,65,medium,high,9,0,36.5,-2,0
ML Model Project (Sem 3),project,26,25,57.9,87,4.43,33,54,hard,medium,3,6,51.9,6,1
Machine Learning Assignment (Sem 3),assignment,27,27,67.5,35,6.96,48,98,hard,low,9,1,51.8,5,1
Web Dev Assignment #3,assignment,7,3,78.3,82,8.94,27,63,medium,low,10,6,51.3,11,1
Computer Graphics Assignment #1,assignment,25,22,18.6,35,8.45,13,69,easy,critical,0,4,42.3,10,1
Module Exam (Sem 1),exam,5,3,63.8,9,6.78,23,94,medium,high,8,3,78.5,3,1
OS Lab - Process Scheduling #4,lab_experiment,10,7,79.7,30,7.76,43,44,easy,medium,3,2,44.3,-2,0
DBMS Assignment,assignment,17,12,61.4,47,9.32,28,18,medium,medium,2,1,31.4,-1,0
Embedded Systems Lab #4,lab_experiment,18,14,42.5,84,5.75,32,52,hard,low,3,2,41.4,1,1
Online Quiz (Sem 1),exam,26,26,26.3,17,6.69,30,54,easy,high,0,1,38.6,1,1
IoT Based Project #5,project,24,19,62.8,25,8.98,49,89,hard,critical,2,6,67.9,14,1
Computer Vision Lab (Sem 2),lab_experiment,13,8,51.1,88,6.91,29,40,hard,medium,3,4,44.3,0,0
DBMS Assignment,assignment,4,1,10.3,28,9.6,33,95,hard,high,0,3,72.7,2,1
Open Source Contribution (Sem 2),project,19,14,6.2,49,7.93,41,35,medium,low,5,6,44.3,-1,0
Capstone Project,project,16,14,11.4,81,7.9,37,47,easy,medium,7,5,37.5,-3,0
IOT Lab Experiment #3,lab_experiment,20,17,66.2,95,8.57,21,38,medium,critical,9,1,45.1,14,1
Mini Project (Sem 6),project,30,30,70.7,65,7.76,35,98,very_hard,low,2,2,40.5,-3,0
Digital Electronics Lab,lab_experiment,7,5,73.0,30,5.57,9,24,very_hard,low,0,0,52.9,4,1
DBMS Lab - SQL Queries (Sem 1),lab_experiment,32,28,74.5,19,9.51,44,34,medium,high,9,5,62.6,10,1
Research Project,project,8,4,16.5,28,7.99,8,11,easy,medium,8,5,53.2,6,1
DBMS Lab - SQL Queries,lab_experiment,4,1,67.3,16,5.62,35,48,hard,medium,0,3,78.3,5,1
AI Lab - Search Algorithms (Sem 7),lab_experiment,5,0,69.2,21,7.55,16,69,medium,high,9,0,74.4,14,1
Practical Exam,exam,31,26,73.0,99,9.78,32,89,easy,high,10,4,38.4,0,0
Compiler Lab - Lexical Analysis (Sem 4),lab_experiment,31,28,23.9,28,6.66,8,19,hard,medium,4,6,59.2,10,1
Machine Learning Assignment #3,assignment,7,6,52.2,52,8.74,26,89,very_hard,medium,2,2,55.2,9,1
Digital Electronics Lab (Sem 8),lab_experiment,4,1,50.8,40,9.83,24,53,medium,medium,8,5,74.4,6,1
End-Semester Exam,exam,16,13,75.0,9,6.5,28,33,medium,critical,10,4,74.0,2,1
Group Project - Web App (Sem 5),project,11,9,12.4,1,5.51,14,45,easy,critical,5,1,68.2,7,1
Group Project - Web App (Sem 1),project,17,14,58.2,31,4.72,49,80,hard,high,3,5,71.7,13,1
Viva Voce,exam,27,26,1.7,20,9.27,32,68,hard,high,6,4,66.2,6,1
DBMS Assignment #4,assignment,15,15,57.2,61,5.14,6,97,very_hard,medium,2,0,49.4,-3,0
Data Structures Assignment,assignment,3,3,45.2,6,7.4,16,81,very_hard,low,0,1,62.4,14,1
Open Source Contribution,project,30,28,9.3,64,7.48,15,64,medium,critical,1,6,51.7,13,1
Research Project (Sem 3),project,16,11,71.8,47,9.5,37,71,easy,medium,9,0,34.3,-1,0
Unit Test #2,exam,22,17,16.7,17,8.25,19,70,easy,medium,8,3,44.5,-1,0
Viva Voce,exam,7,5,67.7,37,9.54,30,61,easy,medium,9,2,47.6,9,1
Unit Test (Sem 1),exam,0,0,9.4,37,5.34,11,15,very_hard,medium,0,4,81.7,8,1
Software Engineering Assignment #4,assignment,24,23,1.9,34,4.66,44,37,very_hard,low,0,2,51.6,-1,0
DS Lab - Linked List #2,lab_experiment,9,9,29.1,70,8.55,12,40,very_hard,medium,2,5,48.2,9,1
Math Assignment #1,assignment,24,23,45.8,73,4.06,19,69,hard,high,10,4,64.3,10,1
Math Assignment,assignment,22,17,39.2,70,5.81,11,76,hard,medium,8,1,51.1,7,1
Networking Assignment #4,assignment,12,7,24.1,15,7.45,34,95,hard,high,9,2,76.4,10,1
Network Lab - Packet Analysis #5,lab_experiment,13,8,74.0,3,6.01,25,44,hard,medium,10,1,60.9,2,1
IOT Lab Experiment #1,lab_experiment,29,24,69.9,17,6.58,31,22,hard,high,4,2,64.7,14,1
Mobile App Development #1,project,23,19,67.2,67,7.38,48,30,medium,medium,4,1,40.4,-2,0
Computer Vision Lab,lab_experiment,14,10,41.4,39,7.42,30,98,easy,low,5,4,43.2,-3,0
DBMS Lab - SQL Queries (Sem 4),lab_experiment,25,23,64.4,8,9.87,17,19,medium,high,1,2,44.1,-1,0
IoT Based Project #1,project,7,7,48.9,23,9.58,45,62,easy,critical,7,6,72.9,12,1
DBMS Lab - SQL Queries #3,lab_experiment,8,5,52.4,38,5.12,37,94,medium,medium,1,4,55.1,11,1
Online Quiz #1,exam,4,0,10.1,2,6.91,47,53,very_hard,medium,10,6,100.0,9,1
Mini Project (Sem 1),project,13,11,9.8,6,9.17,39,12,very_hard,low,6,5,67.7,2,1
Viva Voce,exam,13,10,43.4,7,5.49,34,23,medium,low,9,2,56.0,11,1
IOT Lab Experiment,lab_experiment,9,6,65.7,55,9.5,5,65,medium,high,7,4,57.5,9,1
Math Assignment (Sem 5),assignment,33,28,27.6,94,4.37,41,91,very_hard,critical,10,5,80.3,10,1
Math Assignment,assignment,20,15,25.8,7,7.65,11,58,hard,low,3,5,50.7,11,1
ML Model Project,project,13,12,18.5,3,9.03,5,13,medium,medium,10,1,46.9,14,1
Machine Learning Assignment #2,assignment,4,0,30.9,68,9.73,37,97,very_hard,high,3,0,76.1,2,1
Surprise Test (Sem 4),exam,19,16,40.1,69,5.53,21,45,easy,high,2,0,36.3,-3,0
Final Year Project,project,20,20,40.5,74,5.85,31,10,easy,low,3,5,37.3,-3,0
Computer Vision Lab #1,lab_experiment,6,4,49.1,89,4.91,20,84,hard,low,2,0,40.2,1,1
Surprise Test,exam,10,5,21.6,35,9.37,49,35,medium,high,5,3,63.9,8,1
Network Lab - Packet Analysis #2,lab_experiment,4,3,20.7,23,4.32,43,51,hard,critical,0,4,84.7,4,1
Internal Assessment (Sem 7),exam,5,3,44.5,27,4.17,31,57,very_hard,medium,9,1,84.7,1,1
Computer Graphics Assignment (Sem 4),assignment,24,21,26.3,42,6.49,33,59,very_hard,medium,2,4,58.9,3,1
DS Lab - Linked List,lab_experiment,26,26,55.9,60,4.54,16,72,easy,high,5,0,46.6,12,1
Computer Vision Lab,lab_experiment,13,9,69.9,96,6.55,12,92,hard,low,8,2,38.0,-2,0
Online Quiz,exam,29,28,61.5,81,6.42,39,63,easy,low,3,3,27.7,0,0
IOT Lab Experiment #4,lab_experiment,13,11,48.5,65,5.69,38,36,easy,medium,4,2,41.8,7,1
Internal Assessment #1,exam,33,29,75.2,64,9.02,49,32,easy,high,7,6,49.1,0,0
DBMS Assignment,assignment,21,20,12.6,79,7.39,10,87,easy,high,2,4,36.2,-1,0
Unit Test,exam,28,28,65.8,4,6.53,26,72,very_hard,low,2,4,60.8,8,1
Internal Assessment (Sem 5),exam,5,0,74.7,71,8.63,9,35,very_hard,high,4,6,85.7,10,1
Weekly Test,exam,9,8,27.6,94,8.16,39,33,medium,high,9,4,45.1,1,1
Practical Exam (Sem 7),exam,6,5,45.6,20,6.14,40,99,very_hard,high,10,0,80.0,8,1
DBMS Lab - SQL Queries (Sem 7),lab_experiment,34,29,54.4,75,8.17,28,89,easy,medium,4,2,28.8,-2,0
Computer Graphics Assignment,assignment,13,12,75.2,82,9.06,28,89,very_hard,medium,0,0,31.4,0,0
Mid-Semester Exam,exam,21,18,18.2,14,8.66,42,10,very_hard,high,10,1,70.4,2,1
Open Source Contribution (Sem 6),project,4,2,55.6,79,5.46,30,58,very_hard,high,3,4,81.2,2,1
Data Structures Assignment (Sem 2),assignment,22,22,71.2,29,7.77,11,76,hard,high,5,0,54.3,5,1
Computer Graphics Assignment #4,assignment,32,28,32.0,57,8.1,10,68,hard,medium,4,2,42.6,13,1
Web Dev Assignment (Sem 7),assignment,24,21,44.3,37,8.67,36,99,very_hard,high,0,0,48.2,13,1
Digital Electronics Lab (Sem 6),lab_experiment,19,14,43.7,9,7.47,10,41,hard,low,7,0,51.2,12,1
Surprise Test #3,exam,21,18,9.4,33,9.7,35,84,hard,high,3,4,57.9,10,1
Embedded Systems Lab (Sem 5),lab_experiment,3,2,53.7,93,6.24,13,85,hard,high,4,5,68.7,1,1
Math Assignment,assignment,2,0,11.6,13,5.71,20,20,hard,medium,6,2,90.4,2,1
Mid-Semester Exam (Sem 7),exam,33,28,21.6,17,7.47,10,65,medium,critical,8,5,72.6,4,1
Network Lab - Packet Analysis,lab_experiment,0,0,18.8,69,6.02,44,44,medium,high,5,2,76.6,2,1
Unit Test #1,exam,23,22,17.9,90,4.17,10,91,medium,high,0,3,36.0,0,0
DBMS Assignment,assignment,11,9,7.0,50,7.25,13,93,hard,high,2,3,52.3,11,1
Surprise Test (Sem 5),exam,1,1,57.3,79,8.92,41,32,medium,low,9,1,55.3,13,1
Capstone Project (Sem 1),project,23,20,30.1,93,4.23,15,32,hard,high,7,0,51.9,4,1
Surprise Test (Sem 6),exam,12,11,22.3,60,6.33,35,86,very_hard,medium,6,3,62.5,10,1
Embedded Systems Lab (Sem 2),lab_experiment,12,11,4.5,67,5.85,49,41,very_hard,medium,7,2,65.5,2,1
Viva Voce (Sem 4),exam,26,25,24.9,38,9.6,12,88,easy,low,0,1,15.6,-3,0
Internal Assessment,exam,24,24,71.7,33,7.01,9,52,medium,medium,0,2,33.3,0,0
Unit Test,exam,20,19,60.2,80,7.29,34,57,very_hard,high,9,3,65.4,8,1
Machine Learning Assignment (Sem 4),assignment,21,16,75.4,1,6.57,34,40,hard,low,2,4,54.2,8,1
Web Dev Assignment #2,assignment,9,5,59.7,13,6.13,11,34,medium,high,2,4,62.5,8,1
Data Structures Assignment,assignment,31,27,62.8,57,9.01,22,38,easy,medium,5,0,30.8,0,0
Digital Electronics Lab,lab_experiment,20,16,78.1,56,8.07,12,15,medium,medium,9,4,43.0,-3,0
OS Assignment (Sem 1),assignment,17,17,33.3,87,9.25,39,82,hard,critical,9,0,53.5,12,1
DBMS Assignment #5,assignment,33,30,8.8,30,7.31,23,14,easy,critical,5,6,66.3,11,1
Mid-Semester Exam #2,exam,22,19,67.3,7,4.36,34,15,medium,medium,9,3,63.0,3,1
Capstone Project (Sem 7),project,19,16,43.3,25,4.36,33,73,medium,medium,9,5,63.3,5,1
IOT Lab Experiment,lab_experiment,19,15,30.3,82,6.41,31,80,easy,high,0,5,33.7,0,0
Digital Electronics Lab,lab_experiment,18,14,50.7,71,7.22,18,15,medium,medium,0,1,24.6,0,0
Mobile App Development,project,30,26,69.6,41,4.36,40,45,hard,high,1,0,52.8,7,1
Group Project - Web App,project,16,13,66.9,19,5.49,10,17,very_hard,low,0,4,55.2,5,1
Surprise Test (Sem 6),exam,4,3,3.4,21,4.06,36,38,easy,medium,6,1,66.4,5,1
OS Assignment,assignment,7,4,61.4,42,7.88,34,32,medium,critical,5,4,71.0,12,1
Internal Assessment (Sem 2),exam,8,5,16.0,44,7.37,39,94,easy,low,8,6,53.1,3,1
Digital Electronics Lab #1,lab_experiment,13,12,53.3,27,6.31,20,83,easy,high,3,5,52.6,6,1
DBMS Assignment #3,assignment,26,25,27.6,50,7.08,33,98,hard,low,8,0,45.3,0,0
Compiler Lab - Lexical Analysis (Sem 3),lab_experiment,21,16,48.2,18,4.26,27,49,easy,medium,2,4,48.1,-2,0
DBMS Assignment #4,assignment,31,29,19.3,80,6.41,26,92,medium,low,6,4,39.6,5,1
OS Assignment,assignment,20,20,69.1,95,9.51,15,28,very_hard,high,5,4,57.5,13,1
Weekly Test (Sem 4),exam,16,14,41.7,36,7.04,49,39,hard,medium,8,0,54.7,12,1
Network Lab - Packet Analysis (Sem 1),lab_experiment,4,3,30.5,93,6.8,47,81,hard,medium,4,1,57.1,13,1
Algorithms Assignment #1,assignment,4,0,48.8,16,9.17,8,44,medium,low,9,4,70.6,10,1
Embedded Systems Lab,lab_experiment,23,21,66.6,93,9.52,47,62,hard,high,1,5,43.1,14,1
Surprise Test #3,exam,2,0,5.9,29,8.89,31,74,easy,high,10,6,79.3,11,1
Weekly Test (Sem 5),exam,24,22,14.3,40,6.22,37,87,medium,high,5,2,56.7,1,1
Practical Exam,exam,3,3,42.0,82,9.2,25,49,easy,high,9,1,50.1,3,1
AI Lab - Search Algorithms,lab_experiment,22,19,13.6,92,9.69,40,38,medium,high,9,4,45.6,-1,0
Research Project #4,project,21,16,30.6,42,7.96,8,29,medium,high,9,5,54.4,11,1
Research Project (Sem 7),project,18,14,70.2,69,6.38,10,83,medium,critical,5,4,60.2,1,1
Mid-Semester Exam,exam,23,18,25.2,28,8.79,12,11,very_hard,high,0,0,47.6,13,1
OS Lab - Process Scheduling,lab_experiment,7,4,75.8,31,7.59,40,62,medium,high,6,3,63.8,9,1
Capstone Project (Sem 5),project,16,16,69.7,87,5.44,41,21,easy,critical,1,4,47.7,1,1
Internal Assessment #4,exam,17,13,5.4,97,5.43,49,48,hard,medium,10,6,57.5,7,1
Viva Voce (Sem 2),exam,2,2,33.4,1,7.69,45,15,very_hard,medium,0,1,66.3,3,1
Mini Project (Sem 2),project,34,30,37.4,4,5.54,48,49,medium,medium,6,1,61.0,9,1
Network Lab - Packet Analysis,lab_experiment,4,2,58.5,94,7.78,36,83,easy,high,10,2,50.8,11,1
Group Project - Web App #3,project,32,30,9.7,31,4.63,43,30,very_hard,medium,5,0,68.1,13,1
Software Engineering Assignment,assignment,11,10,49.2,3,8.1,5,51,very_hard,high,7,5,76.9,12,1
Module Exam (Sem 8),exam,30,26,57.0,7,5.21,45,39,very_hard,critical,9,1,90.1,8,1
Module Exam (Sem 4),exam,5,0,8.9,17,4.54,6,88,hard,medium,9,2,88.2,8,1
Machine Learning Assignment #1,assignment,3,3,15.6,76,4.16,12,59,hard,high,8,6,80.0,6,1
Embedded Systems Lab #1,lab_experiment,15,15,38.0,50,9.23,29,71,very_hard,low,8,4,55.9,2,1
IOT Lab Experiment #1,lab_experiment,8,7,32.4,83,5.96,46,73,medium,critical,0,6,61.0,6,1
Digital Electronics Lab,lab_experiment,18,13,55.5,54,8.79,9,74,very_hard,medium,2,5,51.1,6,1
Capstone Project (Sem 8),project,18,14,53.2,0,5.93,24,25,very_hard,medium,6,4,80.4,2,1
Math Assignment,assignment,35,30,78.4,40,4.87,24,27,medium,high,9,6,66.4,10,1
Industry Internship Project #4,project,19,16,49.6,73,8.89,8,69,hard,medium,1,3,32.2,-3,0
End-Semester Exam (Sem 8),exam,32,27,51.8,34,8.02,23,82,very_hard,high,0,1,49.5,9,1
AI Lab - Search Algorithms,lab_experiment,2,2,6.7,45,6.91,45,71,easy,medium,0,5,50.5,11,1
Open Source Contribution (Sem 1),project,7,5,79.4,48,4.08,50,89,medium,medium,2,0,49.4,2,1
OS Lab - Process Scheduling,lab_experiment,23,18,20.7,44,5.63,20,57,medium,medium,3,6,52.2,9,1
Viva Voce (Sem 3),exam,18,14,6.8,14,7.57,46,50,very_hard,high,7,1,70.8,14,1
End-Semester Exam (Sem 5),exam,12,12,54.1,55,4.37,50,65,medium,medium,2,2,44.0,4,1
Online Quiz #5,exam,18,16,24.4,58,6.05,48,52,hard,high,0,0,42.2,-1,0
Network Lab - Packet Analysis (Sem 8),lab_experiment,10,7,5.2,29,9.82,8,19,medium,critical,8,5,73.0,3,1
Data Structures Assignment (Sem 6),assignment,8,5,44.8,31,9.32,19,32,medium,high,6,6,65.7,9,1
AI Lab - Search Algorithms,lab_experiment,18,13,7.1,7,9.89,29,54,easy,high,3,4,50.5,3,1
Network Lab - Packet Analysis (Sem 3),lab_experiment,25,24,30.9,43,7.07,19,45,hard,high,9,3,63.3,14,1
Math Assignment (Sem 1),assignment,31,29,44.2,18,9.33,14,58,hard,medium,9,0,49.8,12,1
Digital Electronics Lab,lab_experiment,15,11,32.7,36,9.26,44,48,hard,critical,7,0,64.2,9,1
Computer Vision Lab (Sem 2),lab_experiment,18,14,1.5,98,6.98,30,63,easy,medium,5,5,38.4,-3,0
Mini Project,project,0,0,78.5,52,5.88,14,33,easy,medium,5,3,72.0,7,1
Networking Assignment (Sem 5),assignment,15,14,68.4,42,7.56,27,58,medium,low,1,5,32.3,-2,0
Digital Electronics Lab,lab_experiment,26,24,65.5,13,5.57,7,22,hard,high,4,1,66.1,7,1
Group Project - Web App,project,10,10,29.0,11,4.26,50,43,hard,low,0,2,48.8,6,1
DBMS Lab - SQL Queries,lab_experiment,14,10,4.6,57,6.23,49,71,medium,low,1,1,28.5,-1,0
End-Semester Exam #5,exam,30,26,55.9,60,4.9,24,70,hard,low,1,4,43.4,-2,0
Research Project (Sem 2),project,30,26,56.6,68,9.06,20,39,medium,medium,5,5,43.4,10,1
Mobile App Development #1,project,11,10,56.8,0,8.19,14,26,very_hard,medium,6,0,61.4,11,1
Capstone Project,project,27,26,43.2,70,6.07,26,98,easy,low,9,2,32.6,-2,0
DBMS Lab - SQL Queries (Sem 7),lab_experiment,9,7,24.9,47,4.83,25,92,medium,medium,6,0,56.1,11,1
Online Quiz,exam,32,28,1.9,65,7.3,26,11,hard,low,7,5,51.6,3,1
IoT Based Project (Sem 7),project,12,7,33.6,19,7.62,16,30,medium,medium,8,3,56.8,6,1
DBMS Lab - SQL Queries #2,lab_experiment,19,17,42.0,33,4.92,8,83,medium,medium,4,2,50.2,7,1
OS Lab - Process Scheduling #3,lab_experiment,15,10,40.5,74,6.81,33,34,hard,high,10,6,62.5,10,1
DBMS Lab - SQL Queries (Sem 1),lab_experiment,32,27,61.2,20,7.98,19,79,easy,medium,8,2,41.9,0,0
Computer Vision Lab,lab_experiment,7,2,35.0,15,9.68,25,56,medium,critical,7,1,76.5,12,1
IOT Lab Experiment,lab_experiment,15,14,63.5,59,7.95,40,99,medium,medium,5,5,47.2,12,1
Group Project - Web App #2,project,2,0,53.4,96,9.5,7,54,easy,low,1,0,29.5,-2,0
Mid-Semester Exam #3,exam,26,22,69.4,42,8.62,34,16,hard,medium,10,6,57.0,6,1
Unit Test #4,exam,17,13,54.7,30,9.77,24,34,easy,low,2,4,30.4,-2,0
Research Project,project,10,5,40.1,23,4.75,6,48,medium,medium,10,0,59.0,1,1
Practical Exam #2,exam,11,8,65.3,23,8.92,36,87,hard,medium,7,1,53.0,8,1
AI Lab - Search Algorithms #2,lab_experiment,17,14,14.2,2,5.59,39,100,medium,medium,7,3,64.5,13,1
Digital Electronics Lab (Sem 6),lab_experiment,15,11,48.7,71,5.73,15,73,medium,medium,5,4,50.3,9,1
Mobile App Development,project,31,30,75.0,0,7.04,48,66,easy,medium,3,2,47.8,13,1
Software Engineering Assignment,assignment,17,16,54.0,33,8.47,22,59,hard,high,6,5,64.6,7,1
Online Quiz,exam,21,21,40.0,82,4.85,25,20,very_hard,medium,0,4,49.1,7,1
DBMS Assignment #4,assignment,26,22,67.1,61,8.83,47,49,very_hard,medium,8,2,56.5,12,1
Unit Test (Sem 6),exam,12,8,51.3,28,6.64,7,57,medium,high,4,4,57.1,5,1
Math Assignment #5,assignment,12,8,10.7,85,4.07,14,30,hard,medium,8,5,56.4,6,1
Mobile App Development,project,17,12,25.9,0,8.98,49,76,hard,medium,0,6,51.9,9,1
Mobile App Development #5,project,16,14,44.8,3,4.36,37,95,very_hard,critical,9,0,88.1,9,1
DBMS Assignment (Sem 8),assignment,17,16,13.7,73,4.09,43,40,medium,high,7,2,55.7,10,1
Open Source Contribution #3,project,6,5,40.8,8,6.22,9,50,medium,high,4,4,69.3,10,1
IOT Lab Experiment (Sem 6),lab_experiment,34,29,67.4,89,4.81,22,36,easy,medium,4,1,33.4,0,0
IOT Lab Experiment (Sem 8),lab_experiment,24,23,78.0,64,5.84,45,76,very_hard,medium,5,3,67.7,7,1
Math Assignment #1,assignment,15,11,61.2,73,6.83,50,35,hard,critical,9,5,72.4,2,1
Computer Graphics Assignment #3,assignment,12,8,79.1,32,6.48,27,32,hard,low,8,4,56.3,4,1
Module Exam (Sem 6),exam,29,28,5.0,49,8.88,13,96,hard,critical,4,6,65.5,3,1
Final Year Project #2,project,9,4,10.5,61,8.31,37,46,hard,low,7,2,50.5,4,1
Open Source Contribution,project,14,14,6.3,89,5.81,16,39,medium,medium,0,2,27.8,-1,0
Math Assignment,assignment,31,26,79.6,16,4.19,46,14,easy,low,1,0,34.4,-1,0
DBMS Assignment (Sem 7),assignment,3,1,48.2,50,4.0,46,30,medium,high,10,0,81.6,2,1
Computer Graphics Assignment #5,assignment,8,5,7.7,17,7.1,49,27,medium,low,6,0,54.5,3,1
Surprise Test (Sem 8),exam,18,15,74.4,32,4.27,33,24,medium,high,3,6,62.9,1,1
Data Structures Assignment (Sem 5),assignment,28,26,12.6,33,4.23,5,37,medium,critical,1,6,61.9,11,1
AI Lab - Search Algorithms #3,lab_experiment,32,30,45.6,56,7.03,42,68,hard,medium,10,5,60.0,10,1
OS Assignment #4,assignment,27,22,21.4,48,6.36,45,37,easy,medium,10,5,49.9,12,1
Machine Learning Assignment (Sem 3),assignment,33,30,40.8,82,9.17,34,58,medium,high,4,2,40.0,9,1
Module Exam #3,exam,14,13,75.0,54,5.34,33,51,medium,medium,4,2,48.5,-2,0
Mid-Semester Exam,exam,17,13,16.6,25,4.72,21,32,easy,high,4,3,57.1,3,1
Digital Electronics Lab,lab_experiment,14,14,74.2,42,5.79,5,31,medium,medium,1,6,45.1,3,1
Internal Assessment (Sem 1),exam,14,10,47.8,20,4.18,35,88,hard,high,10,1,70.5,7,1
Mini Project (Sem 7),project,17,14,79.7,39,7.75,38,56,easy,medium,10,1,38.0,-1,0
Networking Assignment,assignment,4,3,59.6,21,8.45,43,60,medium,medium,9,6,70.1,7,1
Unit Test #1,exam,32,29,70.0,70,9.03,5,31,medium,critical,5,4,54.5,4,1
Networking Assignment #1,assignment,30,25,10.7,63,8.0,6,31,hard,medium,2,6,41.0,-3,0
Open Source Contribution,project,3,3,37.5,85,4.8,48,11,easy,high,9,4,67.8,6,1
OS Lab - Process Scheduling (Sem 1),lab_experiment,9,8,41.1,18,8.98,10,41,medium,low,9,6,47.4,14,1
End-Semester Exam,exam,16,14,14.7,77,5.16,10,69,medium,high,3,3,47.6,4,1
OS Assignment (Sem 7),assignment,21,19,50.5,38,9.44,48,19,hard,medium,0,4,42.2,-1,0
Weekly Test #4,exam,8,3,56.8,23,6.24,12,64,medium,high,3,3,68.6,4,1
OS Lab - Process Scheduling (Sem 6),lab_experiment,34,29,37.5,35,4.58,13,88,very_hard,high,0,5,66.3,11,1
IOT Lab Experiment #4,lab_experiment,9,8,26.2,28,9.66,35,91,easy,low,7,3,38.9,-2,0
Web Dev Assignment (Sem 8),assignment,8,4,62.5,65,9.71,29,53,easy,critical,3,0,46.9,12,1
DS Lab - Linked List (Sem 5),lab_experiment,24,23,35.4,20,5.91,44,58,medium,medium,3,1,51.4,13,1
Computer Vision Lab,lab_experiment,4,4,28.0,72,6.09,14,37,very_hard,high,10,6,77.0,4,1
Math Assignment,assignment,16,11,8.4,93,9.89,7,93,medium,high,7,6,44.1,-2,0
Digital Electronics Lab (Sem 1),lab_experiment,21,17,9.8,88,7.03,5,76,hard,medium,0,0,24.9,-2,0
OS Assignment,assignment,10,7,2.7,50,4.17,19,73,medium,critical,1,1,59.9,7,1
Web Dev Assignment #2,assignment,20,19,55.9,37,8.75,32,87,medium,low,9,0,35.8,-3,0
DS Lab - Linked List #1,lab_experiment,23,18,66.6,95,8.38,37,17,medium,critical,0,0,29.7,0,0
Computer Graphics Assignment,assignment,14,10,55.7,84,4.96,16,72,very_hard,critical,0,6,64.8,5,1
Open Source Contribution #1,project,24,24,9.4,35,5.32,11,23,very_hard,high,6,3,77.1,1,1
End-Semester Exam,exam,17,15,20.4,41,5.19,48,47,hard,low,3,3,53.6,6,1
IOT Lab Experiment (Sem 6),lab_experiment,12,8,8.6,81,7.3,29,49,easy,high,4,6,45.7,9,1
Surprise Test (Sem 2),exam,21,19,66.7,41,7.93,39,53,medium,medium,3,6,44.7,10,1
OS Lab - Process Scheduling,lab_experiment,8,5,74.7,18,5.79,29,26,very_hard,critical,1,6,90.3,6,1
Web Dev Assignment (Sem 7),assignment,19,18,76.8,18,8.65,12,72,easy,medium,7,2,41.6,4,1
OS Assignment,assignment,12,10,36.4,4,9.06,22,41,hard,critical,2,6,69.4,8,1
Capstone Project (Sem 2),project,17,16,22.7,35,4.05,14,78,medium,medium,0,0,34.4,-1,0
End-Semester Exam,exam,29,25,38.0,88,6.44,30,47,easy,medium,3,5,34.4,-2,0
Networking Assignment #2,assignment,27,26,7.7,22,7.79,22,20,very_hard,high,4,0,61.8,12,1
Practical Exam (Sem 7),exam,25,24,60.0,59,6.8,14,88,easy,low,6,4,37.6,-2,0
Surprise Test #4,exam,30,28,32.3,70,6.71,50,74,easy,medium,10,4,44.0,-1,0
OS Lab - Process Scheduling #4,lab_experiment,2,0,63.0,99,8.79,22,78,hard,critical,10,6,84.4,8,1
Math Assignment,assignment,18,15,16.0,14,6.92,22,74,easy,high,6,3,57.4,5,1
DBMS Lab - SQL Queries (Sem 2),lab_experiment,18,17,37.3,44,7.39,31,68,medium,medium,7,2,48.3,-2,0
Web Dev Assignment (Sem 5),assignment,27,27,77.9,54,7.92,21,69,very_hard,medium,6,0,51.3,14,1
Math Assignment #4,assignment,5,3,36.9,54,4.72,21,29,hard,low,4,1,62.3,12,1
OS Lab - Process Scheduling (Sem 8),lab_experiment,19,16,79.4,19,5.49,25,39,very_hard,high,2,0,66.7,4,1
Digital Electronics Lab (Sem 8),lab_experiment,23,18,72.2,27,4.98,41,81,hard,critical,0,4,68.7,10,1
Computer Vision Lab #3,lab_experiment,19,17,50.0,77,5.47,21,40,easy,medium,1,4,32.7,-1,0
Computer Graphics Assignment,assignment,17,14,47.8,89,4.65,9,54,hard,high,9,2,56.1,10,1
Mid-Semester Exam (Sem 4),exam,32,29,11.0,30,6.59,5,66,hard,high,6,1,60.5,8,1
Mid-Semester Exam (Sem 6),exam,15,13,33.7,17,8.87,9,52,very_hard,critical,4,4,77.5,10,1
Online Quiz #4,exam,15,13,18.0,65,9.45,41,84,medium,high,0,5,38.1,0,0
Data Structures Assignment #3,assignment,13,13,57.8,98,8.89,28,97,easy,high,6,5,40.2,-3,0
AI Lab - Search Algorithms,lab_experiment,28,28,27.1,0,6.37,50,13,very_hard,critical,1,4,81.0,11,1
Web Dev Assignment #1,assignment,19,18,26.1,65,7.65,50,93,easy,low,1,6,25.0,-3,0
Mid-Semester Exam #5,exam,14,10,9.2,62,9.41,38,37,medium,high,7,0,43.4,-1,0
Compiler Lab - Lexical Analysis,lab_experiment,18,15,4.7,51,4.42,42,38,easy,medium,10,5,54.0,8,1
Unit Test #3,exam,31,27,65.4,44,9.59,16,61,medium,medium,9,5,47.8,8,1
IoT Based Project #2,project,4,4,75.4,11,8.59,43,25,medium,medium,9,6,65.1,12,1
Surprise Test (Sem 3),exam,13,12,73.7,99,5.86,42,47,hard,medium,9,0,46.4,6,1
IOT Lab Experiment (Sem 5),lab_experiment,19,19,22.8,80,6.02,12,18,hard,low,0,0,22.2,-3,0
Research Project #4,project,32,28,63.1,57,4.58,36,34,hard,critical,6,3,75.2,10,1
Surprise Test (Sem 2),exam,17,16,61.5,91,4.03,42,44,medium,medium,1,6,39.0,-2,0
Viva Voce,exam,17,15,8.5,72,7.77,36,63,medium,low,2,4,28.2,0,0
ML Model Project,project,32,29,19.9,11,7.5,38,56,easy,medium,7,4,49.6,9,1
Compiler Lab - Lexical Analysis (Sem 7),lab_experiment,13,13,15.6,69,7.77,15,48,easy,medium,8,6,37.7,0,0
IOT Lab Experiment #3,lab_experiment,12,9,65.0,5,7.2,33,14,medium,medium,1,5,50.3,7,1
Web Dev Assignment,assignment,20,15,73.2,82,7.2,42,42,very_hard,critical,2,5,68.8,1,1
Mid-Semester Exam (Sem 1),exam,30,25,22.1,27,6.34,43,64,hard,high,7,2,66.9,5,1
Viva Voce,exam,9,6,1.7,98,8.2,21,34,hard,medium,9,5,52.5,0,0
Network Lab - Packet Analysis,lab_experiment,23,18,46.7,73,9.22,10,67,hard,critical,8,2,57.4,14,1
Module Exam #1,exam,12,8,64.2,93,7.78,5,96,hard,low,2,2,23.9,-1,0
Research Project,project,6,6,61.0,38,6.04,49,46,hard,high,4,1,68.3,1,1
Internal Assessment #4,exam,24,22,39.9,86,4.23,24,97,medium,high,9,4,55.2,7,1
Networking Assignment (Sem 7),assignment,14,11,55.8,60,4.74,6,74,easy,low,10,4,41.6,0,0
Unit Test (Sem 3),exam,10,8,76.7,53,7.38,17,57,very_hard,low,1,3,45.1,2,1
Machine Learning Assignment,assignment,3,2,77.2,15,6.66,19,58,hard,medium,10,6,80.9,13,1
Data Structures Assignment (Sem 2),assignment,14,10,70.5,38,9.55,38,91,hard,medium,9,2,52.2,1,1
DS Lab - Linked List #3,lab_experiment,2,0,37.2,57,5.21,47,44,easy,medium,2,1,61.3,7,1
Online Quiz (Sem 1),exam,12,8,67.1,90,7.84,10,81,easy,medium,2,6,24.0,-2,0
Internal Assessment,exam,30,30,6.8,26,7.79,46,18,hard,high,1,5,56.4,8,1
Internal Assessment,exam,35,30,2.4,64,8.24,30,78,easy,low,4,0,22.2,-2,0
Compiler Lab - Lexical Analysis (Sem 7),lab_experiment,22,17,68.1,22,4.38,21,99,hard,medium,10,5,69.7,7,1
Group Project - Web App #1,project,34,30,68.3,98,4.04,10,22,medium,medium,6,4,44.4,-1,0
Internal Assessment,exam,17,17,67.9,13,8.08,23,60,medium,medium,10,4,52.7,1,1
Open Source Contribution #5,project,4,1,39.9,2,7.47,20,89,easy,critical,2,4,85.6,3,1
Data Structures Assignment #2,assignment,30,29,16.5,87,8.95,24,25,medium,high,1,4,33.0,-2,0
Network Lab - Packet Analysis,lab_experiment,17,14,48.4,65,6.13,30,49,easy,critical,7,1,52.0,3,1
Networking Assignment #4,assignment,28,28,66.6,74,8.25,38,68,easy,medium,8,5,39.0,-1,0
Practical Exam (Sem 7),exam,17,14,54.5,15,8.49,12,99,medium,low,9,1,40.2,-2,0
Network Lab - Packet Analysis (Sem 5),lab_experiment,20,15,43.2,100,4.25,27,13,very_hard,medium,1,2,44.7,0,0
Group Project - Web App #4,project,20,16,53.5,8,4.21,45,87,hard,high,3,2,69.9,9,1
Computer Vision Lab #1,lab_experiment,2,0,39.9,16,8.43,45,60,easy,medium,2,5,67.3,6,1
Research Project #2,project,4,0,62.5,34,5.86,47,93,medium,medium,5,6,87.9,9,1
DBMS Lab - SQL Queries #4,lab_experiment,22,19,61.1,84,9.92,7,89,easy,medium,7,3,29.9,-2,0
Research Project (Sem 3),project,16,14,5.3,37,6.15,50,97,easy,critical,8,1,59.6,14,1
Module Exam,exam,24,22,37.3,79,7.49,40,57,medium,low,7,1,35.2,-1,0
Data Structures Assignment #5,assignment,9,9,37.7,69,8.18,40,51,hard,critical,8,4,65.2,6,1
Internal Assessment #5,exam,8,6,28.4,26,8.96,38,56,easy,medium,1,0,34.6,-3,0
Math Assignment (Sem 8),assignment,23,18,57.4,23,5.03,20,45,easy,low,2,3,39.4,-2,0
Embedded Systems Lab (Sem 2),lab_experiment,14,11,26.5,35,6.14,31,10,medium,medium,1,4,42.1,8,1
Computer Vision Lab #5,lab_experiment,5,2,75.0,96,6.37,45,95,medium,critical,7,3,71.3,10,1
Surprise Test,exam,2,1,11.3,65,7.92,29,34,medium,low,6,6,64.9,10,1
Final Year Project,project,33,28,35.4,89,6.78,35,37,hard,medium,7,4,50.7,8,1
Networking Assignment (Sem 3),assignment,15,15,53.6,11,5.3,18,28,medium,low,8,3,55.6,11,1
Embedded Systems Lab #2,lab_experiment,27,26,39.1,38,4.96,39,61,easy,low,9,0,41.3,-2,0
End-Semester Exam #4,exam,23,20,49.9,52,9.19,39,30,medium,high,2,1,38.5,-3,0
ML Model Project (Sem 5),project,19,16,58.0,14,6.25,5,36,easy,medium,5,2,46.7,-3,0
Mini Project #4,project,11,7,19.9,50,8.7,44,46,medium,medium,3,2,45.4,5,1
Online Quiz,exam,13,11,20.5,93,6.55,48,97,medium,medium,5,4,44.2,-2,0
DS Lab - Linked List #5,lab_experiment,6,3,72.4,74,4.74,19,100,hard,critical,6,4,87.1,4,1
DBMS Assignment (Sem 3),assignment,10,10,19.9,10,5.16,26,88,easy,high,6,3,63.6,2,1
End-Semester Exam #3,exam,30,25,57.1,70,8.4,16,24,very_hard,critical,0,0,47.6,9,1
Open Source Contribution (Sem 4),project,9,5,47.3,10,4.56,12,24,hard,critical,2,5,85.2,13,1
Industry Internship Project,project,16,11,76.9,17,6.95,22,56,hard,critical,8,3,76.8,6,1
OS Lab - Process Scheduling (Sem 6),lab_experiment,26,25,22.2,40,8.79,5,34,hard,medium,3,6,48.5,1,1
Group Project - Web App (Sem 6),project,27,23,43.6,58,9.53,27,19,easy,critical,2,5,47.1,-1,0
IOT Lab Experiment (Sem 5),lab_experiment,9,4,44.4,86,5.56,10,17,hard,critical,0,5,63.8,8,1
Data Structures Assignment #1,assignment,8,7,46.9,66,8.44,45,70,medium,high,6,5,61.3,5,1
Surprise Test,exam,31,27,64.3,24,4.2,36,49,easy,low,8,4,51.8,4,1
Data Structures Assignment #3,assignment,20,18,22.4,52,9.76,34,27,easy,high,6,3,46.0,13,1
Math Assignment (Sem 3),assignment,18,17,15.3,75,6.6,38,30,medium,medium,7,0,38.8,7,1
Web Dev Assignment (Sem 6),assignment,9,9,20.2,4,7.09,28,96,easy,high,0,0,39.0,-3,0
Math Assignment,assignment,29,27,64.6,28,5.8,45,27,medium,high,1,2,52.9,12,1
Mini Project #2,project,29,26,30.8,72,4.1,17,75,medium,medium,10,3,48.3,-3,0
OS Assignment (Sem 5),assignment,25,20,46.6,37,8.49,9,28,medium,critical,4,5,60.5,2,1
IoT Based Project (Sem 3),project,22,17,37.1,31,7.32,33,43,medium,high,5,3,60.1,3,1
IoT Based Project #4,project,24,21,44.7,25,5.01,45,77,hard,medium,3,1,57.5,12,1
Research Project #4,project,25,21,16.8,21,9.18,8,46,medium,high,5,2,52.6,-3,0
End-Semester Exam #4,exam,8,7,55.6,43,4.32,12,49,easy,medium,1,4,46.6,10,1
DS Lab - Linked List,lab_experiment,9,8,41.4,25,9.95,21,28,hard,low,7,0,44.1,3,1
DS Lab - Linked List #1,lab_experiment,11,6,1.9,0,8.81,35,29,medium,low,8,5,61.5,5,1
Viva Voce #3,exam,4,3,53.3,57,9.22,45,79,medium,low,5,2,52.1,13,1
Data Structures Assignment (Sem 8),assignment,7,5,61.5,73,7.89,21,49,hard,low,9,5,52.5,10,1
DS Lab - Linked List,lab_experiment,12,11,72.7,21,7.11,16,37,medium,high,1,4,50.4,7,1
Software Engineering Assignment (Sem 7),assignment,11,9,79.6,6,7.52,7,68,medium,low,1,0,27.5,-2,0
Weekly Test,exam,6,5,39.6,79,5.18,48,16,hard,high,8,5,76.0,3,1
Practical Exam (Sem 7),exam,7,7,28.4,92,8.79,34,92,very_hard,medium,0,1,40.0,-1,0
Capstone Project,project,25,24,18.0,48,9.16,6,64,easy,high,10,4,46.0,10,1
Software Engineering Assignment,assignment,12,7,9.0,58,8.61,7,77,easy,medium,5,1,39.1,-3,0
Research Project #2,project,5,4,9.2,14,9.72,38,63,medium,medium,1,1,44.0,4,1
End-Semester Exam,exam,19,19,56.3,90,6.26,39,61,very_hard,critical,2,2,60.9,14,1
Embedded Systems Lab (Sem 4),lab_experiment,16,16,74.9,66,5.62,33,77,hard,medium,7,3,58.1,2,1
Data Structures Assignment (Sem 1),assignment,19,18,76.2,83,8.49,15,11,very_hard,medium,6,1,46.9,6,1
Group Project - Web App (Sem 7),project,14,11,74.8,19,7.32,41,94,hard,critical,9,0,72.3,6,1
OS Lab - Process Scheduling,lab_experiment,28,28,19.6,54,6.59,25,78,easy,medium,7,1,38.7,-2,0
Capstone Project (Sem 8),project,34,29,72.0,98,8.46,9,100,medium,medium,9,5,36.3,-2,0
IoT Based Project (Sem 5),project,18,16,41.5,66,6.04,35,99,medium,low,7,2,39.3,-1,0
DS Lab - Linked List (Sem 8),lab_experiment,28,27,76.8,24,5.51,11,42,easy,medium,9,4,54.3,11,1
OS Assignment (Sem 7),assignment,28,24,77.4,53,5.12,12,22,very_hard,medium,5,4,68.6,7,1
Module Exam (Sem 8),exam,5,5,30.8,77,9.27,47,31,easy,medium,8,6,47.3,2,1
Embedded Systems Lab (Sem 6),lab_experiment,13,9,76.2,7,4.45,6,38,very_hard,critical,1,1,74.2,2,1
AI Lab - Search Algorithms (Sem 7),lab_experiment,7,6,5.7,73,6.68,41,84,medium,high,2,6,55.5,8,1
Mid-Semester Exam (Sem 4),exam,5,5,19.4,67,5.25,43,96,very_hard,high,6,5,85.9,12,1
Mid-Semester Exam,exam,13,10,17.2,28,6.2,20,10,medium,high,9,1,55.4,12,1
OS Assignment (Sem 4),assignment,2,1,63.9,39,4.9,39,83,hard,high,1,4,86.1,11,1
AI Lab - Search Algorithms #2,lab_experiment,32,29,27.8,90,7.45,49,80,medium,high,4,6,50.9,13,1
Practical Exam,exam,29,28,32.5,44,5.68,20,25,hard,medium,3,2,53.2,8,1
IoT Based Project (Sem 5),project,8,7,38.5,25,4.93,42,88,hard,medium,4,6,76.2,4,1
OS Lab - Process Scheduling,lab_experiment,4,4,77.0,58,8.31,22,37,medium,medium,5,0,43.6,-1,0
DS Lab - Linked List #4,lab_experiment,8,3,64.7,39,7.53,44,66,hard,medium,9,4,71.6,2,1
Mini Project,project,6,1,58.1,62,5.52,19,69,medium,low,7,6,74.5,13,1
Capstone Project,project,11,11,4.5,71,4.53,26,93,medium,medium,7,0,43.4,2,1
Capstone Project #3,project,11,10,70.7,49,4.89,34,88,medium,medium,6,6,58.6,10,1
Practical Exam #1,exam,2,1,63.6,19,7.31,14,65,easy,medium,3,6,71.6,7,1
Mobile App Development,project,21,17,25.2,12,8.16,28,50,medium,critical,1,6,58.4,12,1
IoT Based Project (Sem 6),project,10,6,53.6,67,4.91,27,66,easy,critical,10,3,68.3,5,1
Research Project #5,project,15,14,18.0,0,7.04,25,45,hard,medium,6,6,69.5,13,1
Viva Voce #5,exam,12,9,46.7,88,7.34,35,64,medium,high,8,6,52.9,11,1
Surprise Test (Sem 7),exam,15,15,59.7,56,8.21,30,99,hard,critical,9,2,62.8,9,1
Software Engineering Assignment #2,assignment,28,23,8.0,99,7.15,14,61,hard,medium,7,6,48.6,-3,0
Embedded Systems Lab #4,lab_experiment,6,3,37.1,7,7.78,6,31,medium,critical,1,4,70.2,4,1
DBMS Assignment,assignment,27,25,26.0,9,8.94,32,27,medium,medium,4,0,43.4,-3,0
Networking Assignment,assignment,12,9,13.7,19,8.88,19,16,medium,critical,6,5,68.1,11,1
Math Assignment (Sem 1),assignment,5,4,74.4,3,6.39,41,87,easy,medium,6,1,58.5,10,1
Practical Exam #3,exam,27,26,12.5,0,9.66,47,78,easy,critical,5,4,67.7,8,1
OS Assignment (Sem 1),assignment,3,1,77.5,76,8.39,24,84,hard,low,1,2,51.2,9,1
Module Exam #5,exam,21,16,6.4,23,8.61,8,93,hard,low,7,1,45.2,6,1
OS Assignment #3,assignment,20,16,27.9,98,9.98,27,66,very_hard,critical,3,1,54.1,9,1
End-Semester Exam,exam,21,18,21.9,16,7.12,31,70,medium,high,0,1,43.9,-2,0
Embedded Systems Lab (Sem 3),lab_experiment,30,25,36.3,93,8.69,40,100,very_hard,high,7,0,52.4,8,1
Weekly Test #2,exam,29,28,47.9,93,6.97,27,92,easy,medium,9,1,31.1,0,0
Mobile App Development (Sem 5),project,6,6,9.6,36,7.79,44,94,hard,high,8,5,74.2,14,1
Final Year Project #3,project,17,13,48.1,41,6.96,23,24,easy,medium,5,3,45.1,5,1
DS Lab - Linked List #1,lab_experiment,10,5,61.9,78,9.0,20,49,medium,high,0,5,41.4,11,1
IoT Based Project,project,18,14,62.9,53,9.61,39,20,easy,low,7,5,38.3,-2,0
Open Source Contribution (Sem 5),project,10,7,63.3,11,6.39,30,100,easy,high,4,0,57.8,14,1
Compiler Lab - Lexical Analysis #1,lab_experiment,7,7,1.1,60,5.76,28,26,medium,medium,8,1,55.8,11,1
OS Assignment,assignment,14,12,25.9,27,5.8,43,51,medium,critical,4,0,65.9,2,1
Digital Electronics Lab #3,lab_experiment,17,13,71.9,36,7.13,5,99,medium,high,10,1,52.3,14,1
Digital Electronics Lab (Sem 5),lab_experiment,17,15,51.2,24,4.85,31,31,very_hard,high,10,1,77.3,6,1
Practical Exam #1,exam,22,22,30.7,92,9.66,22,16,easy,high,6,3,36.8,-1,0
Mini Project,project,6,1,78.7,8,8.53,32,97,very_hard,critical,8,1,100.0,14,1
Math Assignment #3,assignment,7,3,56.9,83,4.03,49,39,hard,high,10,5,82.3,8,1
Computer Graphics Assignment #4,assignment,20,19,14.7,1,9.12,26,62,easy,low,9,5,47.4,0,0
Unit Test #3,exam,21,21,35.8,69,5.26,44,85,hard,medium,7,1,54.6,11,1
End-Semester Exam,exam,4,0,79.0,80,8.72,49,51,easy,high,7,0,60.9,2,1
Internal Assessment (Sem 6),exam,34,30,24.9,10,6.4,22,43,easy,low,3,3,40.2,-3,0
AI Lab - Search Algorithms #1,lab_experiment,29,29,10.8,23,6.82,38,33,medium,high,1,3,50.2,7,1
DBMS Assignment,assignment,25,22,19.7,88,5.94,32,80,very_hard,medium,5,2,59.6,3,1
Data Structures Assignment,assignment,29,25,79.9,54,7.6,32,71,very_hard,medium,2,1,45.4,9,1
Open Source Contribution,project,18,17,54.6,4,8.65,8,20,hard,low,7,3,53.0,5,1
Data Structures Assignment #2,assignment,4,1,3.1,18,6.46,16,42,medium,medium,7,2,77.0,14,1
Online Quiz (Sem 7),exam,8,5,69.1,32,6.9,33,27,very_hard,medium,2,2,64.9,10,1
Industry Internship Project (Sem 7),project,28,25,11.4,7,6.02,47,52,easy,medium,8,1,50.3,4,1
Final Year Project #5,project,31,30,16.0,27,7.56,43,87,hard,high,6,1,59.9,11,1
Capstone Project (Sem 3),project,17,15,77.7,70,8.61,42,99,easy,high,3,6,41.2,-3,0
DBMS Lab - SQL Queries (Sem 8),lab_experiment,24,19,63.7,17,5.44,32,90,medium,medium,3,1,50.8,6,1
Web Dev Assignment (Sem 7),assignment,12,9,43.8,80,6.58,11,87,medium,critical,4,1,49.1,11,1
End-Semester Exam (Sem 2),exam,32,29,14.3,98,4.03,20,83,medium,medium,10,1,39.4,14,1
Networking Assignment #2,assignment,5,3,76.2,37,7.86,32,48,medium,critical,7,0,70.8,11,1
Math Assignment (Sem 6),assignment,16,15,56.4,26,5.25,9,58,easy,critical,6,1,62.7,10,1
Web Dev Assignment,assignment,4,2,12.0,40,6.18,15,61,medium,medium,5,3,64.5,13,1
OS Assignment,assignment,7,5,48.4,69,7.77,22,99,very_hard,medium,1,2,48.4,10,1
Mobile App Development #5,project,22,18,11.4,7,5.57,10,61,easy,low,2,3,41.6,-3,0
Weekly Test (Sem 2),exam,13,10,20.0,93,4.09,41,16,medium,high,6,5,57.5,2,1
DBMS Lab - SQL Queries,lab_experiment,31,27,44.9,66,6.75,21,63,hard,high,3,2,50.9,2,1
Mini Project #2,project,29,26,57.3,9,7.45,30,36,medium,high,0,4,51.2,1,1
IoT Based Project,project,18,17,68.8,0,4.04,22,59,medium,critical,1,4,68.2,7,1
Practical Exam,exam,31,28,54.6,96,7.31,42,91,easy,high,9,0,37.0,-2,0
DBMS Assignment (Sem 4),assignment,20,20,44.8,22,8.11,18,64,hard,medium,6,2,53.4,7,1
IoT Based Project #4,project,26,24,15.2,75,9.59,25,80,hard,low,7,5,44.5,6,1
Algorithms Assignment #3,assignment,30,25,71.3,57,4.2,49,63,hard,high,9,4,70.5,9,1
Module Exam #3,exam,27,25,42.3,38,7.55,22,47,easy,medium,6,0,34.6,-1,0
Compiler Lab - Lexical Analysis (Sem 4),lab_experiment,23,21,48.8,94,7.06,26,11,medium,medium,8,4,41.8,-2,0
Viva Voce,exam,19,19,74.7,93,5.54,15,20,very_hard,high,3,5,63.9,14,1
DS Lab - Linked List #1,lab_experiment,32,28,37.6,90,8.76,17,44,hard,critical,0,0,35.7,-3,0
ML Model Project,project,28,23,30.4,63,5.14,47,57,hard,high,8,6,71.1,1,1
Online Quiz #4,exam,15,13,48.8,31,4.81,11,58,medium,high,8,3,62.9,5,1
IOT Lab Experiment (Sem 2),lab_experiment,20,16,37.7,20,8.86,43,74,very_hard,high,8,3,73.3,10,1
Software Engineering Assignment #4,assignment,11,10,22.0,71,9.95,19,14,medium,medium,6,6,42.7,0,0
OS Lab - Process Scheduling (Sem 1),lab_experiment,0,0,50.3,27,6.25,46,65,medium,medium,9,6,84.2,3,1
Open Source Contribution,project,23,22,61.7,99,7.25,22,24,medium,medium,10,1,34.4,0,0
DBMS Assignment (Sem 7),assignment,5,0,44.9,63,6.88,36,78,very_hard,low,5,4,84.0,14,1
Viva Voce #4,exam,9,5,53.8,29,6.11,24,64,easy,low,6,3,50.6,6,1
IOT Lab Experiment (Sem 6),lab_experiment,24,19,31.0,45,4.93,41,75,easy,low,1,3,34.1,0,0
Mobile App Development (Sem 8),project,27,27,26.3,85,7.78,6,91,hard,critical,5,4,58.6,3,1
Weekly Test #5,exam,23,20,31.1,71,4.29,7,12,easy,medium,1,1,26.5,0,0
Embedded Systems Lab,lab_experiment,12,10,45.3,60,7.71,13,57,very_hard,medium,10,0,49.3,3,1
OS Assignment #5,assignment,10,9,70.9,54,7.75,33,68,hard,medium,7,5,54.5,8,1
Surprise Test #2,exam,2,1,9.1,97,5.05,20,58,hard,high,2,0,67.6,10,1
Software Engineering Assignment,assignment,25,25,42.4,50,9.06,22,67,hard,critical,0,1,46.2,-2,0
IOT Lab Experiment (Sem 2),lab_experiment,19,15,46.9,45,8.03,35,75,medium,critical,0,5,49.5,4,1
Data Structures Assignment,assignment,9,5,68.1,56,8.84,48,86,easy,critical,6,5,66.6,8,1
Software Engineering Assignment #1,assignment,29,29,9.1,86,9.79,12,22,easy,medium,5,2,28.0,-2,0
Open Source Contribution (Sem 6),project,4,3,36.0,90,4.38,28,94,hard,high,8,1,70.8,5,1
Capstone Project,project,14,11,38.6,56,8.09,48,76,easy,medium,4,3,36.6,7,1
Compiler Lab - Lexical Analysis #5,lab_experiment,6,5,16.6,49,9.16,9,98,medium,high,7,3,57.1,2,1
DBMS Assignment #1,assignment,20,17,21.4,15,7.26,48,47,medium,medium,7,4,59.8,10,1
Digital Electronics Lab (Sem 7),lab_experiment,12,8,39.4,68,6.48,20,81,easy,medium,8,3,39.4,2,1
Open Source Contribution,project,28,27,7.7,62,7.8,35,37,easy,high,2,6,39.1,-3,0
Surprise Test,exam,17,12,8.5,17,7.56,11,100,medium,low,6,1,39.7,-1,0
End-Semester Exam (Sem 6),exam,20,16,79.7,24,8.56,37,86,medium,low,7,4,46.9,14,1
OS Assignment,assignment,27,25,77.0,94,5.26,20,16,hard,high,7,6,62.2,5,1
Software Engineering Assignment,assignment,11,7,42.4,78,4.61,18,100,very_hard,high,9,3,77.2,10,1
Open Source Contribution (Sem 8),project,23,19,40.1,22,8.72,17,73,easy,high,3,3,44.3,12,1
IoT Based Project (Sem 4),project,25,23,63.9,53,5.45,34,22,easy,high,8,5,59.8,10,1
Group Project - Web App (Sem 6),project,13,13,62.8,81,9.48,5,78,medium,medium,1,4,25.3,-1,0
Compiler Lab - Lexical Analysis (Sem 1),lab_experiment,33,30,36.5,16,8.93,12,75,medium,medium,3,2,41.0,-1,0
Open Source Contribution (Sem 4),project,23,18,60.3,37,4.71,28,39,easy,high,3,5,56.4,5,1
Industry Internship Project (Sem 8),project,27,26,36.0,6,9.39,13,45,very_hard,critical,0,6,70.1,14,1
Data Structures Assignment (Sem 4),assignment,27,26,18.4,10,4.94,33,87,medium,medium,4,2,57.3,3,1
Mobile App Development #5,project,22,21,52.7,38,4.9,16,35,medium,medium,7,4,57.0,9,1
DBMS Lab - SQL Queries #2,lab_experiment,16,13,9.1,81,5.22,36,78,medium,high,3,1,45.4,-2,0
ML Model Project (Sem 5),project,30,26,12.9,31,7.79,28,43,medium,high,1,3,42.6,7,1
Algorithms Assignment (Sem 8),assignment,3,3,41.7,97,8.68,15,89,medium,critical,2,4,56.1,3,1
Practical Exam (Sem 1),exam,11,8,12.7,43,9.11,50,54,medium,low,5,1,38.4,-1,0
Module Exam,exam,23,21,5.7,27,7.01,21,12,hard,high,4,4,65.7,14,1
Computer Graphics Assignment,assignment,3,2,17.0,84,8.69,47,52,very_hard,medium,8,0,62.9,10,1
Group Project - Web App #3,project,14,10,72.4,47,7.76,47,54,very_hard,low,10,3,56.3,3,1
Open Source Contribution (Sem 4),project,27,23,57.2,59,5.57,26,98,hard,medium,6,2,56.8,2,1
Surprise Test #2,exam,21,21,10.1,99,4.48,10,94,easy,low,0,1,13.2,-3,0
Web Dev Assignment (Sem 7),assignment,30,29,74.3,50,7.64,13,10,medium,low,9,6,41.3,11,1
Network Lab - Packet Analysis,lab_experiment,10,5,29.1,71,6.09,16,13,very_hard,low,9,4,63.4,2,1
Compiler Lab - Lexical Analysis,lab_experiment,20,16,11.8,94,6.02,48,100,hard,high,7,4,58.0,14,1
Capstone Project (Sem 7),project,11,6,5.3,29,9.01,27,83,medium,medium,6,0,49.9,1,1
Data Structures Assignment (Sem 5),assignment,16,12,17.0,18,8.26,11,92,medium,medium,5,1,44.5,12,1
DS Lab - Linked List,lab_experiment,23,23,46.8,53,5.92,41,27,hard,critical,0,3,61.5,14,1
End-Semester Exam #3,exam,29,29,8.4,19,8.18,22,10,hard,low,9,6,55.4,7,1
Mobile App Development #3,project,24,19,59.3,38,9.42,31,73,easy,low,2,6,31.5,-1,0
Open Source Contribution,project,28,23,19.6,17,6.08,38,13,hard,medium,10,1,59.4,10,1
IOT Lab Experiment (Sem 7),lab_experiment,12,11,52.0,50,4.63,49,20,easy,low,7,4,47.9,-2,0
Algorithms Assignment,assignment,9,5,41.5,92,8.44,37,69,medium,medium,4,0,35.3,-2,0
Mid-Semester Exam (Sem 4),exam,9,8,57.3,67,9.72,37,40,medium,medium,10,6,45.3,2,1
Math Assignment #5,assignment,23,23,13.4,80,9.27,28,31,medium,high,2,1,31.8,-1,0
Online Quiz,exam,2,2,6.9,97,5.52,7,18,very_hard,low,2,5,62.3,4,1
Group Project - Web App (Sem 1),project,21,21,55.9,88,7.83,34,90,medium,medium,8,2,34.8,-1,0
Capstone Project,project,25,20,4.6,55,6.99,24,38,very_hard,low,1,6,49.4,-2,0
Software Engineering Assignment,assignment,26,23,36.7,29,7.52,38,89,medium,medium,2,4,42.0,0,0
Online Quiz,exam,15,12,20.6,43,7.54,37,92,medium,high,2,4,46.1,3,1
DS Lab - Linked List #1,lab_experiment,16,15,35.1,37,8.5,46,40,medium,high,4,3,52.2,9,1
Web Dev Assignment #3,assignment,33,29,26.2,63,7.9,8,58,medium,high,6,6,50.2,1,1
Open Source Contribution #3,project,14,11,75.4,53,5.26,30,32,medium,medium,4,0,44.4,-3,0
Web Dev Assignment (Sem 6),assignment,26,26,75.1,35,7.63,28,63,hard,low,5,3,48.8,12,1
DS Lab - Linked List,lab_experiment,12,10,30.4,70,4.52,42,46,very_hard,low,10,4,63.2,6,1
Algorithms Assignment #4,assignment,14,14,52.5,26,6.8,30,96,very_hard,high,0,2,58.8,3,1
Viva Voce (Sem 3),exam,26,24,60.0,11,6.56,50,93,medium,high,4,4,64.8,13,1
Module Exam,exam,27,25,70.5,25,8.82,12,75,easy,high,1,6,41.2,-3,0
Algorithms Assignment,assignment,13,13,68.2,56,7.47,32,41,medium,critical,4,0,54.0,7,1
Machine Learning Assignment #5,assignment,20,15,47.7,16,7.92,15,88,very_hard,medium,3,6,62.3,1,1
Web Dev Assignment (Sem 3),assignment,10,5,49.4,25,8.36,48,84,medium,critical,0,5,62.8,9,1
Practical Exam #2,exam,20,15,37.8,4,6.14,47,16,very_hard,critical,7,0,83.9,9,1
Computer Graphics Assignment #4,assignment,33,28,38.4,52,8.09,50,85,easy,critical,3,2,47.6,0,0
Weekly Test #3,exam,2,2,9.5,86,6.14,40,42,medium,medium,5,6,61.8,7,1
DS Lab - Linked List #2,lab_experiment,18,18,22.7,86,9.96,5,23,hard,high,4,1,41.3,-1,0
Mini Project #4,project,1,0,48.4,60,8.62,36,27,easy,critical,2,4,70.6,5,1
Practical Exam (Sem 7),exam,26,23,14.6,11,5.59,22,49,medium,critical,4,0,67.0,12,1
IoT Based Project,project,5,1,49.5,8,8.1,46,62,very_hard,medium,6,2,92.0,13,1
End-Semester Exam #4,exam,5,4,23.5,86,5.4,37,28,medium,high,5,3,62.5,6,1
Online Quiz #4,exam,25,22,56.4,100,4.92,35,45,very_hard,critical,2,5,69.5,6,1
Internal Assessment (Sem 4),exam,15,11,51.3,68,4.38,37,10,very_hard,high,9,5,77.1,11,1
Weekly Test (Sem 7),exam,8,5,18.8,59,4.78,40,79,medium,medium,9,1,57.2,3,1
Software Engineering Assignment,assignment,17,15,53.5,81,8.82,17,61,very_hard,medium,2,6,46.5,7,1
Internal Assessment (Sem 7),exam,22,17,13.2,6,7.66,48,21,hard,critical,10,6,80.6,2,1
Network Lab - Packet Analysis (Sem 6),lab_experiment,12,9,2.6,32,7.77,43,87,hard,critical,1,4,60.9,13,1
Embedded Systems Lab (Sem 3),lab_experiment,28,24,66.0,64,4.97,10,68,medium,medium,4,2,44.2,10,1
Capstone Project (Sem 3),project,3,3,12.0,73,6.35,38,69,easy,critical,0,0,49.2,2,1
DBMS Assignment #5,assignment,7,3,11.8,88,7.71,5,84,hard,medium,7,2,53.9,1,1
IoT Based Project #1,project,26,26,57.1,86,4.75,36,23,medium,low,7,1,38.4,0,0
Practical Exam #1,exam,29,26,7.3,39,9.98,49,24,very_hard,medium,7,3,63.1,12,1
Industry Internship Project,project,4,0,44.9,81,8.21,49,79,easy,high,7,6,70.7,12,1
Computer Vision Lab #3,lab_experiment,11,6,33.4,38,4.58,7,44,hard,low,4,3,61.1,5,1
Unit Test (Sem 4),exam,10,7,63.6,30,7.5,50,11,very_hard,low,10,1,64.0,7,1
Surprise Test #1,exam,7,3,17.1,100,6.08,43,65,very_hard,high,4,3,74.3,2,1
Web Dev Assignment,assignment,30,28,49.0,41,4.71,34,31,medium,medium,5,3,56.2,14,1
DBMS Assignment (Sem 3),assignment,25,21,12.5,14,5.85,29,26,easy,high,8,4,65.1,10,1
AI Lab - Search Algorithms,lab_experiment,28,28,52.0,5,9.99,50,75,medium,medium,1,3,43.0,6,1
Embedded Systems Lab (Sem 4),lab_experiment,25,20,62.2,57,7.84,37,78,hard,medium,5,4,52.3,9,1
Digital Electronics Lab #1,lab_experiment,15,14,71.0,14,7.1,25,13,hard,critical,1,2,63.7,7,1
Compiler Lab - Lexical Analysis (Sem 1),lab_experiment,27,27,29.8,61,7.55,32,36,medium,high,2,5,44.0,-2,0
OS Assignment,assignment,13,8,17.5,2,8.19,11,21,hard,low,10,5,57.7,4,1
IoT Based Project,project,17,12,62.0,48,6.43,26,93,medium,medium,1,4,39.0,-1,0
DS Lab - Linked List #5,lab_experiment,19,19,2.1,51,9.35,20,27,easy,medium,6,0,31.8,-2,0
DS Lab - Linked List (Sem 8),lab_experiment,24,20,21.9,7,9.67,21,98,hard,high,2,5,60.7,3,1
AI Lab - Search Algorithms #5,lab_experiment,33,29,52.4,20,4.85,28,97,medium,critical,2,6,69.8,8,1
IoT Based Project,project,24,20,53.5,86,6.91,19,29,very_hard,high,2,4,55.7,13,1
Algorithms Assignment (Sem 3),assignment,7,4,67.5,4,7.24,23,60,hard,high,5,2,77.5,13,1
Software Engineering Assignment (Sem 7),assignment,32,27,26.0,5,8.87,35,85,easy,high,7,0,49.5,6,1
Mini Project,project,30,27,52.4,86,5.0,19,50,very_hard,critical,2,5,70.7,6,1
Open Source Contribution (Sem 3),project,7,2,31.0,36,5.69,30,51,medium,low,1,1,50.8,-2,0
OS Lab - Process Scheduling (Sem 8),lab_experiment,9,6,9.4,89,8.93,22,15,easy,low,7,0,27.4,-2,0
Capstone Project (Sem 2),project,2,2,8.8,32,7.9,7,77,easy,critical,10,4,72.3,3,1
Computer Graphics Assignment,assignment,31,28,28.9,58,6.02,28,32,hard,high,2,3,52.2,7,1
Group Project - Web App,project,31,30,45.9,0,7.31,39,53,hard,high,1,0,55.9,7,1
Machine Learning Assignment (Sem 7),assignment,28,27,61.9,14,6.6,44,45,hard,low,2,3,50.6,14,1
Machine Learning Assignment #2,assignment,7,5,25.1,100,6.08,18,23,medium,low,8,1,36.8,-3,0
Practical Exam (Sem 8),exam,6,2,76.7,1,4.45,21,74,hard,critical,1,3,87.9,2,1
Viva Voce (Sem 4),exam,12,12,43.3,3,6.93,39,34,easy,low,4,4,48.3,10,1
IOT Lab Experiment (Sem 7),lab_experiment,21,19,8.8,73,7.94,12,34,easy,critical,5,4,49.6,6,1
IOT Lab Experiment (Sem 6),lab_experiment,3,1,42.4,96,7.77,30,91,medium,critical,10,1,70.8,7,1
Computer Vision Lab #1,lab_experiment,26,23,15.1,1,7.36,7,89,easy,medium,3,3,45.5,11,1
DBMS Lab - SQL Queries #1,lab_experiment,19,14,77.2,88,5.39,37,14,medium,medium,5,3,47.1,12,1
Final Year Project,project,10,9,25.8,46,6.39,8,27,hard,medium,5,1,50.6,12,1
Practical Exam (Sem 8),exam,8,8,24.3,32,7.47,15,71,easy,low,8,6,45.1,-2,0
Industry Internship Project (Sem 8),project,25,21,4.0,8,7.97,38,62,medium,medium,8,2,51.2,14,1
ML Model Project (Sem 1),project,0,0,53.7,41,8.37,44,14,medium,critical,2,6,82.2,2,1
Surprise Test #4,exam,2,0,1.0,91,4.78,23,54,hard,low,7,0,66.1,10,1
Surprise Test,exam,17,16,60.1,9,5.98,20,74,hard,low,10,0,57.2,6,1
Digital Electronics Lab #2,lab_experiment,23,21,16.9,72,8.15,25,76,hard,medium,7,6,50.1,5,1
Internal Assessment,exam,30,29,64.7,90,4.13,14,98,very_hard,critical,7,3,74.4,9,1
Web Dev Assignment,assignment,29,26,30.1,10,9.83,23,20,medium,medium,4,5,52.3,14,1
Capstone Project,project,14,12,46.8,77,7.12,24,39,medium,low,1,3,26.0,-3,0
OS Assignment,assignment,6,1,60.4,8,7.34,46,67,easy,critical,6,0,88.0,12,1
AI Lab - Search Algorithms,lab_experiment,18,14,49.5,23,5.49,36,41,hard,high,6,6,78.0,4,1
Industry Internship Project (Sem 7),project,8,3,35.8,57,8.45,6,23,very_hard,high,5,1,73.2,9,1
Network Lab - Packet Analysis (Sem 2),lab_experiment,17,15,1.0,65,9.93,20,19,medium,medium,0,1,21.0,-1,0
OS Assignment (Sem 2),assignment,2,2,13.6,15,7.78,27,17,very_hard,medium,3,4,76.7,2,1
OS Lab - Process Scheduling #3,lab_experiment,24,20,35.6,77,6.13,45,52,hard,high,10,3,59.1,6,1
Practical Exam,exam,30,26,55.0,1,7.28,25,84,medium,high,8,3,65.3,4,1
Module Exam (Sem 2),exam,8,7,47.9,4,6.36,6,78,hard,critical,0,4,72.8,10,1
Practical Exam #2,exam,6,2,59.5,69,8.25,39,11,easy,critical,2,3,57.1,5,1
AI Lab - Search Algorithms,lab_experiment,30,28,18.2,41,8.33,21,75,easy,high,4,4,45.9,-1,0
Computer Vision Lab,lab_experiment,19,17,47.7,35,7.7,20,45,medium,critical,7,1,57.0,6,1
Capstone Project #2,project,11,7,30.5,81,8.29,9,95,hard,low,0,3,30.7,-2,0
Unit Test (Sem 8),exam,18,15,13.8,22,6.06,36,63,easy,high,7,4,59.2,3,1
Module Exam (Sem 2),exam,6,4,26.5,46,5.36,33,31,medium,low,0,4,45.1,3,1
Industry Internship Project (Sem 3),project,3,0,76.1,61,8.36,34,18,medium,low,8,2,60.2,9,1
Network Lab - Packet Analysis #4,lab_experiment,13,12,77.4,45,7.54,31,52,very_hard,low,9,5,59.1,7,1
Final Year Project,project,20,16,17.2,73,4.57,10,29,hard,low,0,0,28.4,-3,0
Networking Assignment #5,assignment,21,20,2.2,24,6.04,13,94,very_hard,medium,4,0,58.5,5,1
DBMS Assignment #1,assignment,5,5,37.1,38,6.89,46,27,medium,high,3,4,64.0,2,1
Web Dev Assignment (Sem 3),assignment,12,7,66.1,41,4.72,39,99,hard,low,10,6,70.7,11,1
Final Year Project (Sem 6),project,15,11,16.7,72,6.99,35,29,very_hard,high,6,0,61.1,10,1
Industry Internship Project (Sem 2),project,16,12,72.2,89,6.98,27,43,very_hard,high,1,0,44.9,9,1
Weekly Test (Sem 3),exam,19,14,21.5,32,7.75,44,21,medium,low,1,6,36.0,-3,0
IOT Lab Experiment,lab_experiment,18,18,9.8,99,9.09,27,72,medium,low,5,1,24.9,-2,0
Computer Graphics Assignment #1,assignment,22,21,58.5,40,8.9,35,47,medium,medium,6,3,46.5,-1,0
Unit Test #1,exam,14,12,28.2,7,6.64,36,35,easy,medium,1,2,39.2,-1,0
DBMS Lab - SQL Queries (Sem 3),lab_experiment,4,0,59.0,80,4.54,35,46,hard,medium,6,5,84.5,2,1
Compiler Lab - Lexical Analysis (Sem 6),lab_experiment,25,24,24.4,55,7.12,40,81,hard,medium,8,5,60.0,2,1
Compiler Lab - Lexical Analysis #2,lab_experiment,10,5,22.5,5,5.11,48,71,hard,medium,2,2,68.8,4,1
Embedded Systems Lab #5,lab_experiment,18,18,68.0,2,7.59,16,94,very_hard,critical,0,4,69.2,10,1
Industry Internship Project (Sem 3),project,11,11,38.3,36,7.73,22,57,medium,high,2,2,42.0,-2,0
Online Quiz (Sem 6),exam,28,23,8.8,75,5.89,19,62,easy,medium,7,2,40.9,-2,0
Unit Test (Sem 6),exam,24,24,12.7,45,8.76,20,58,medium,medium,6,5,48.0,-1,0
DS Lab - Linked List #1,lab_experiment,28,26,63.5,77,9.63,41,98,easy,high,10,6,45.7,8,1
Final Year Project (Sem 4),project,16,11,22.8,55,5.48,11,58,easy,medium,4,5,47.1,-3,0
Practical Exam,exam,24,23,43.7,7,8.41,25,99,medium,low,1,1,31.1,-3,0
Mid-Semester Exam #4,exam,16,15,56.5,72,4.19,41,11,medium,critical,2,2,54.7,4,1
Embedded Systems Lab,lab_experiment,26,23,68.3,25,4.37,16,56,hard,medium,6,6,68.6,12,1
Open Source Contribution,project,13,12,59.4,80,5.39,23,65,very_hard,low,7,2,55.3,10,1
Internal Assessment #5,exam,18,14,42.3,76,6.71,31,48,medium,medium,2,2,32.9,-1,0
IoT Based Project (Sem 1),project,0,0,36.8,28,8.08,30,31,easy,low,10,0,57.4,10,1
Data Structures Assignment,assignment,19,15,63.0,24,6.64,50,91,medium,low,2,6,46.2,-3,0
Capstone Project (Sem 4),project,18,17,73.5,67,4.63,31,86,medium,medium,7,0,44.7,5,1
Digital Electronics Lab (Sem 5),lab_experiment,20,17,42.1,82,9.72,48,92,medium,high,3,4,42.4,-3,0
Computer Vision Lab #3,lab_experiment,31,28,68.8,84,4.21,13,44,hard,critical,4,3,64.5,10,1
DBMS Assignment (Sem 7),assignment,5,2,34.6,1,4.48,22,80,hard,critical,0,0,79.0,12,1
OS Lab - Process Scheduling (Sem 8),lab_experiment,32,28,72.1,25,4.97,8,64,hard,high,10,3,70.8,12,1
Algorithms Assignment (Sem 8),assignment,27,27,76.9,97,4.56,37,62,hard,high,10,1,55.3,12,1
DBMS Lab - SQL Queries (Sem 8),lab_experiment,11,10,79.7,23,8.16,24,38,hard,medium,2,6,50.8,3,1
DBMS Lab - SQL Queries (Sem 1),lab_experiment,11,11,35.9,42,6.76,40,11,medium,high,10,4,60.6,5,1
DBMS Assignment,assignment,21,17,35.7,57,4.31,20,28,medium,medium,6,3,51.6,8,1
OS Assignment (Sem 7),assignment,7,3,8.9,34,6.81,29,27,easy,low,7,5,61.1,2,1
Computer Graphics Assignment #3,assignment,28,25,28.5,25,4.16,33,67,hard,high,5,2,71.3,5,1
IoT Based Project (Sem 7),project,22,21,70.7,33,4.94,47,72,very_hard,low,8,6,73.1,6,1
End-Semester Exam #4,exam,1,1,6.0,71,5.64,22,55,medium,critical,8,5,93.0,1,1
Compiler Lab - Lexical Analysis (Sem 8),lab_experiment,13,13,6.8,53,5.71,8,50,medium,medium,2,1,38.2,-2,0
Internal Assessment,exam,25,21,10.8,56,8.61,12,42,very_hard,low,0,5,40.0,-2,0
Software Engineering Assignment (Sem 2),assignment,9,6,48.7,16,5.5,44,96,medium,low,3,6,63.2,8,1
Digital Electronics Lab (Sem 8),lab_experiment,6,4,50.5,96,8.16,7,27,medium,medium,4,0,31.5,-1,0
Algorithms Assignment,assignment,11,7,4.8,69,9.72,46,81,easy,critical,9,3,59.8,11,1
AI Lab - Search Algorithms #1,lab_experiment,6,5,53.5,52,9.73,25,42,hard,medium,0,0,37.1,-3,0
DBMS Lab - SQL Queries (Sem 4),lab_experiment,8,6,76.5,57,7.03,21,32,medium,high,6,1,57.7,3,1
IoT Based Project #5,project,19,16,26.3,87,5.44,25,94,medium,high,7,4,55.1,13,1
Industry Internship Project,project,6,5,42.2,55,6.56,24,32,hard,medium,4,5,63.4,3,1
AI Lab - Search Algorithms (Sem 2),lab_experiment,16,14,17.4,95,9.72,43,99,hard,medium,7,3,43.3,-1,0
Embedded Systems Lab,lab_experiment,7,4,19.0,42,7.31,9,17,medium,high,0,1,44.5,5,1
IoT Based Project (Sem 8),project,25,25,73.7,60,9.25,35,14,easy,low,7,6,36.5,-1,0
Practical Exam (Sem 2),exam,13,8,44.7,99,4.84,22,94,medium,high,3,0,38.4,-1,0
Weekly Test,exam,5,2,5.4,54,6.97,40,35,very_hard,medium,6,0,73.2,11,1
Industry Internship Project (Sem 8),project,24,19,60.3,16,8.68,29,40,hard,medium,5,6,61.7,14,1
Computer Vision Lab #1,lab_experiment,9,8,6.0,83,6.67,5,44,easy,critical,2,1,36.9,-2,0
Mid-Semester Exam (Sem 7),exam,13,13,62.5,51,5.52,29,43,medium,medium,8,6,57.7,13,1
Mobile App Development,project,7,6,9.2,98,8.55,28,77,hard,medium,7,3,49.2,0,0
Capstone Project,project,11,6,55.0,11,4.87,36,75,medium,medium,9,3,70.4,5,1
Computer Vision Lab,lab_experiment,32,27,10.0,26,7.53,25,44,medium,low,4,5,44.3,-3,0
Research Project (Sem 6),project,17,17,63.2,65,9.17,9,73,hard,medium,9,3,45.9,0,0
Digital Electronics Lab,lab_experiment,13,13,29.8,98,4.46,48,35,medium,medium,8,1,42.2,10,1
Unit Test,exam,4,0,35.2,10,7.16,7,83,medium,high,3,1,76.7,12,1
Software Engineering Assignment (Sem 6),assignment,10,7,18.2,40,4.3,7,36,medium,low,1,5,48.7,-1,0
Group Project - Web App (Sem 2),project,7,5,53.1,15,9.78,40,89,easy,medium,2,1,42.0,-2,0
Weekly Test (Sem 6),exam,15,10,10.4,11,6.02,45,30,very_hard,critical,4,4,87.3,13,1
Surprise Test (Sem 8),exam,2,2,50.2,52,7.8,43,13,easy,critical,8,3,69.9,9,1
Mini Project (Sem 4),project,14,9,50.3,99,5.92,36,96,easy,high,0,2,29.8,-2,0
Mid-Semester Exam #5,exam,12,9,9.3,67,4.73,24,48,medium,high,3,0,45.0,-3,0
Computer Graphics Assignment,assignment,23,19,76.3,10,9.17,19,87,easy,low,10,2,38.9,-3,0
Group Project - Web App #2,project,17,14,40.3,2,4.3,44,23,medium,critical,1,6,72.0,10,1
Math Assignment,assignment,28,28,42.0,53,9.24,34,42,medium,low,9,2,36.8,-1,0
DS Lab - Linked List,lab_experiment,19,19,16.0,52,4.45,29,52,medium,medium,4,0,44.5,-2,0
Group Project - Web App,project,10,7,50.5,98,8.47,18,44,medium,high,2,6,43.2,7,1
Compiler Lab - Lexical Analysis,lab_experiment,27,22,65.8,58,8.22,21,77,very_hard,medium,6,3,56.5,13,1
Computer Graphics Assignment #4,assignment,16,11,58.8,80,7.44,45,90,medium,medium,5,5,48.5,-3,0
Mobile App Development #3,project,28,24,20.0,61,5.44,21,78,very_hard,medium,7,3,65.9,2,1
Data Structures Assignment (Sem 5),assignment,27,26,76.1,60,9.58,31,86,very_hard,critical,7,5,76.1,2,1
DBMS Lab - SQL Queries,lab_experiment,33,29,28.3,6,4.91,5,76,easy,critical,10,5,74.3,7,1
Online Quiz (Sem 3),exam,32,28,54.8,25,6.45,28,72,medium,low,1,2,34.8,-3,0
Internal Assessment (Sem 4),exam,28,24,73.6,87,9.25,46,75,medium,high,7,2,43.2,14,1
Algorithms Assignment #3,assignment,25,20,17.5,6,6.96,16,16,very_hard,high,0,6,67.4,3,1
IOT Lab Experiment (Sem 1),lab_experiment,28,24,72.4,68,10.0,37,95,very_hard,medium,7,3,56.1,5,1
Mobile App Development,project,14,9,27.8,9,4.22,28,78,very_hard,medium,8,6,81.0,5,1
Final Year Project #1,project,6,4,6.6,65,6.61,38,88,easy,high,5,0,50.8,8,1
Open Source Contribution,project,22,18,79.3,47,7.93,47,12,very_hard,high,9,0,62.3,9,1
Algorithms Assignment #5,assignment,2,1,34.5,45,4.93,38,71,hard,critical,5,4,100.0,8,1
OS Lab - Process Scheduling #4,lab_experiment,34,30,9.7,68,8.46,11,41,easy,medium,4,0,24.5,-3,0
Networking Assignment (Sem 7),assignment,22,19,79.7,9,9.54,18,83,easy,medium,1,3,34.0,-1,0
Algorithms Assignment,assignment,8,4,22.7,20,7.82,14,76,hard,medium,0,3,48.4,-1,0
Internal Assessment #2,exam,7,5,36.5,77,8.57,45,43,easy,medium,5,3,43.1,2,1
Digital Electronics Lab,lab_experiment,27,26,17.0,100,9.4,11,88,medium,low,5,2,25.1,0,0
Final Year Project #5,project,27,24,39.6,33,4.36,44,11,hard,low,4,1,53.8,6,1
Group Project - Web App (Sem 1),project,5,4,15.4,9,4.66,26,11,medium,low,4,5,65.8,11,1
Mini Project,project,14,13,29.4,98,8.75,27,71,medium,medium,1,2,20.1,-1,0
ML Model Project #4,project,15,11,73.1,67,7.87,25,73,medium,high,6,6,51.1,13,1
AI Lab - Search Algorithms #3,lab_experiment,22,18,36.3,25,4.49,10,83,medium,medium,7,2,55.0,4,1
Algorithms Assignment #3,assignment,26,26,67.1,34,9.44,47,73,very_hard,medium,4,6,64.9,14,1
Computer Vision Lab #4,lab_experiment,6,2,53.2,67,9.5,15,97,hard,medium,9,5,65.1,4,1
Web Dev Assignment #3,assignment,16,14,37.8,7,8.68,45,66,medium,high,1,2,47.1,14,1
Web Dev Assignment,assignment,8,3,66.2,84,8.39,11,97,very_hard,high,9,6,76.3,4,1
Machine Learning Assignment (Sem 8),assignment,6,2,58.3,40,8.9,30,44,medium,critical,8,2,74.0,14,1
Viva Voce #2,exam,5,5,59.7,91,9.69,37,82,hard,high,7,2,56.5,9,1
Viva Voce (Sem 1),exam,25,23,78.4,93,9.18,48,25,medium,high,10,6,48.2,-1,0
Computer Graphics Assignment #1,assignment,14,14,41.4,89,6.85,5,76,medium,critical,6,1,49.7,7,1
DS Lab - Linked List #5,lab_experiment,4,2,8.0,36,8.02,10,69,medium,high,7,0,60.8,4,1
ML Model Project #1,project,25,23,10.3,75,9.62,6,76,very_hard,high,6,2,56.6,9,1
Capstone Project (Sem 8),project,20,17,25.8,57,7.45,40,92,medium,critical,2,2,52.6,3,1
ML Model Project #4,project,27,24,27.0,11,7.82,19,91,medium,medium,10,0,44.7,6,1
Open Source Contribution (Sem 3),project,22,21,1.2,0,8.91,39,83,hard,high,9,1,64.9,1,1
Digital Electronics Lab,lab_experiment,28,26,25.7,89,9.29,15,52,medium,critical,8,3,49.7,1,1
Network Lab - Packet Analysis (Sem 3),lab_experiment,32,30,64.0,52,9.09,24,23,hard,high,10,3,57.0,7,1
Practical Exam (Sem 5),exam,11,6,3.3,35,4.53,42,85,hard,high,10,2,78.2,5,1
Network Lab - Packet Analysis #5,lab_experiment,11,6,21.3,51,9.51,42,64,easy,critical,10,3,63.0,2,1
Computer Vision Lab (Sem 1),lab_experiment,10,6,47.7,8,6.61,14,100,hard,critical,4,0,76.8,7,1
Online Quiz (Sem 4),exam,34,29,55.0,70,8.29,25,65,easy,critical,2,0,34.5,0,0
Online Quiz (Sem 7),exam,5,4,18.6,71,5.32,20,18,easy,critical,7,3,66.8,14,1
Capstone Project (Sem 8),project,31,27,44.7,75,4.12,5,95,very_hard,medium,10,1,57.5,9,1
Module Exam #3,exam,26,22,30.8,70,9.38,18,26,easy,low,4,4,27.8,-1,0
Internal Assessment,exam,6,4,17.9,13,5.87,19,76,hard,medium,5,4,77.3,10,1
Unit Test (Sem 8),exam,26,25,61.1,7,9.06,49,62,very_hard,medium,4,6,70.5,7,1
Digital Electronics Lab,lab_experiment,8,5,33.8,4,7.29,30,35,hard,medium,10,3,73.2,2,1
Capstone Project #4,project,16,13,14.3,88,8.53,7,34,medium,high,0,4,28.1,-1,0
Online Quiz (Sem 8),exam,20,18,64.2,6,4.3,35,89,medium,low,2,2,47.3,0,0
Mobile App Development (Sem 7),project,18,17,45.9,71,7.68,47,81,hard,critical,2,4,56.5,2,1
Machine Learning Assignment #4,assignment,23,20,53.0,19,9.31,27,60,hard,medium,8,3,56.9,9,1
DBMS Assignment,assignment,11,8,70.0,35,7.95,10,94,medium,medium,10,3,45.0,8,1
Research Project,project,33,29,19.2,60,9.79,40,45,very_hard,high,7,0,59.0,12,1
Final Year Project #1,project,3,0,69.6,46,7.35,5,46,medium,high,7,2,77.3,6,1
Unit Test #4,exam,14,12,56.0,41,9.24,27,68,easy,high,9,0,41.5,10,1
Web Dev Assignment #5,assignment,20,20,37.5,85,9.86,38,80,hard,high,0,2,34.8,-3,0
Computer Graphics Assignment,assignment,26,21,45.5,33,8.27,19,29,hard,high,7,6,64.3,11,1
End-Semester Exam (Sem 2),exam,33,30,33.5,12,8.53,36,56,hard,critical,1,5,66.2,4,1
ML Model Project (Sem 7),project,5,5,51.4,63,6.28,8,34,hard,critical,3,1,64.2,8,1
IOT Lab Experiment #3,lab_experiment,28,23,12.6,32,5.97,33,76,easy,critical,9,5,71.9,7,1
Practical Exam (Sem 1),exam,13,12,3.9,48,6.6,22,27,very_hard,medium,0,5,52.6,1,1
Machine Learning Assignment #5,assignment,24,22,36.6,71,6.38,9,74,very_hard,high,8,0,58.7,14,1
Group Project - Web App,project,4,0,57.8,16,9.39,32,80,hard,medium,4,6,84.0,5,1
Computer Graphics Assignment #5,assignment,29,26,70.5,7,6.6,40,57,easy,medium,10,6,57.6,7,1
OS Lab - Process Scheduling (Sem 4),lab_experiment,18,14,41.7,11,8.79,25,77,easy,low,0,4,28.3,-2,0
IoT Based Project #2,project,16,11,72.8,54,7.58,33,80,hard,low,4,2,40.5,-3,0
Module Exam #4,exam,2,0,67.5,58,9.87,34,88,hard,high,7,2,79.8,12,1
Computer Vision Lab,lab_experiment,10,9,6.0,22,4.06,40,92,easy,critical,8,0,64.6,11,1
Computer Vision Lab #5,lab_experiment,5,2,75.9,21,7.21,30,68,hard,high,10,3,83.8,10,1
Mobile App Development,project,26,26,6.7,64,5.4,21,44,very_hard,critical,0,5,69.3,8,1
DBMS Lab - SQL Queries (Sem 4),lab_experiment,15,15,76.0,68,7.68,5,53,very_hard,medium,9,4,54.9,12,1
End-Semester Exam #5,exam,8,4,24.3,42,5.73,8,58,medium,high,9,3,68.4,8,1
Open Source Contribution (Sem 8),project,31,27,70.5,27,4.89,19,99,medium,high,9,2,62.5,14,1
Data Structures Assignment #1,assignment,27,22,45.9,88,6.33,18,96,medium,low,8,4,37.2,-2,0
OS Lab - Process Scheduling #5,lab_experiment,26,24,47.7,40,5.01,29,63,easy,high,3,3,51.9,14,1
Mini Project (Sem 8),project,28,24,47.5,29,6.98,7,34,hard,medium,6,1,53.9,12,1
Web Dev Assignment (Sem 3),assignment,31,30,54.2,95,4.45,22,49,hard,medium,9,2,49.2,8,1
Industry Internship Project #2,project,26,23,15.4,6,5.7,23,88,hard,high,5,5,80.1,3,1
Digital Electronics Lab (Sem 4),lab_experiment,23,23,45.8,70,8.69,5,29,medium,medium,5,1,33.5,-2,0
Module Exam (Sem 8),exam,4,3,21.6,74,9.82,35,79,medium,high,2,3,52.7,9,1
Online Quiz (Sem 6),exam,26,26,75.7,88,4.8,22,40,very_hard,medium,4,1,53.6,11,1
Unit Test #3,exam,26,24,13.6,5,5.37,23,81,easy,medium,3,6,55.3,12,1
DBMS Lab - SQL Queries #5,lab_experiment,10,7,43.3,23,9.01,32,91,easy,high,9,2,57.6,13,1
Module Exam,exam,4,2,48.7,58,8.18,44,52,medium,medium,6,0,52.8,3,1
Viva Voce,exam,30,28,16.3,97,4.29,22,77,medium,critical,7,1,54.8,2,1
Open Source Contribution (Sem 8),project,11,9,7.1,44,8.92,8,56,medium,high,2,4,43.0,0,0
Web Dev Assignment,assignment,22,18,30.7,98,6.2,23,28,easy,medium,9,1,29.7,-1,0
Research Project #1,project,8,5,68.1,85,6.1,13,57,medium,medium,4,1,41.3,-1,0
Research Project #2,project,8,3,7.7,13,8.99,16,23,medium,medium,1,0,47.0,0,0
Group Project - Web App (Sem 5),project,30,26,40.2,22,9.09,46,31,easy,low,4,6,42.2,-1,0
DS Lab - Linked List (Sem 4),lab_experiment,13,8,36.1,69,5.63,18,69,medium,low,7,5,48.0,13,1
Software Engineering Assignment (Sem 1),assignment,26,25,14.0,43,4.6,40,89,medium,critical,5,1,67.4,14,1
OS Lab - Process Scheduling (Sem 6),lab_experiment,20,20,55.9,20,5.8,41,65,medium,low,9,6,60.1,10,1
ML Model Project #1,project,20,18,31.7,68,7.22,9,86,very_hard,low,2,4,46.3,2,1
ML Model Project (Sem 7),project,8,8,70.5,99,9.91,33,97,easy,high,10,3,36.5,0,0
Networking Assignment (Sem 1),assignment,0,0,19.5,12,6.97,38,71,easy,low,6,6,76.4,4,1
Networking Assignment (Sem 8),assignment,4,4,61.8,73,4.26,50,28,hard,high,10,0,67.4,8,1
Machine Learning Assignment,assignment,17,12,38.2,35,7.19,45,89,hard,low,3,1,45.5,1,1
Data Structures Assignment (Sem 4),assignment,13,11,41.6,97,4.46,6,65,easy,low,8,6,36.2,-3,0
Industry Internship Project #3,project,21,18,20.0,52,6.0,6,79,hard,critical,2,4,61.2,1,1
DBMS Lab - SQL Queries,lab_experiment,32,28,5.9,83,4.67,29,59,medium,critical,10,0,56.3,14,1
Online Quiz #2,exam,32,30,27.6,66,9.33,10,97,easy,low,2,4,21.8,-1,0
IoT Based Project,project,29,28,70.9,78,6.91,15,72,medium,medium,5,4,43.9,14,1
Algorithms Assignment,assignment,11,6,69.5,44,7.65,42,82,very_hard,low,4,6,65.4,13,1
Mobile App Development #2,project,30,25,38.6,40,9.96,26,67,hard,low,8,3,47.6,9,1
Web Dev Assignment (Sem 4),assignment,1,0,48.7,35,4.2,37,26,easy,medium,9,2,75.7,11,1
Software Engineering Assignment (Sem 6),assignment,30,26,34.8,11,9.72,38,72,hard,high,7,4,68.6,9,1
DS Lab - Linked List (Sem 2),lab_experiment,18,13,2.6,72,6.23,29,17,medium,high,5,2,49.5,9,1
Algorithms Assignment,assignment,7,5,10.1,61,6.04,37,15,very_hard,low,5,4,67.5,12,1
Surprise Test (Sem 3),exam,18,18,60.1,32,4.6,11,15,hard,high,10,1,65.7,10,1
Embedded Systems Lab (Sem 6),lab_experiment,9,9,57.5,2,8.5,42,35,hard,critical,3,6,74.8,14,1
Embedded Systems Lab (Sem 1),lab_experiment,9,5,35.9,23,8.62,39,81,medium,high,5,3,65.3,7,1
Viva Voce (Sem 7),exam,4,4,11.2,84,6.28,29,87,medium,low,0,5,34.1,-1,0
Software Engineering Assignment (Sem 6),assignment,26,21,25.4,53,6.08,46,24,easy,critical,10,1,56.0,10,1
DBMS Lab - SQL Queries,lab_experiment,34,29,18.9,84,8.27,37,61,medium,medium,7,3,37.9,0,0
Algorithms Assignment (Sem 6),assignment,33,28,10.6,75,6.05,42,16,medium,medium,9,2,43.2,7,1
Practical Exam #5,exam,31,26,74.9,39,5.94,11,77,medium,medium,1,6,46.3,-1,0
Viva Voce #2,exam,19,18,2.1,91,9.2,20,47,very_hard,low,2,2,33.8,0,0
DS Lab - Linked List,lab_experiment,16,16,15.5,80,6.8,18,51,medium,high,1,0,30.8,0,0
IOT Lab Experiment (Sem 8),lab_experiment,11,9,42.2,43,7.3,46,32,hard,high,7,2,64.0,4,1
DBMS Lab - SQL Queries #1,lab_experiment,18,14,47.8,8,4.34,17,64,very_hard,high,7,2,81.1,12,1
DS Lab - Linked List (Sem 1),lab_experiment,3,0,28.3,38,8.65,19,22,medium,high,9,4,79.3,9,1
Final Year Project,project,32,28,6.3,77,5.5,18,58,medium,high,3,0,42.4,-3,0
Software Engineering Assignment #1,assignment,5,2,69.9,65,8.76,47,41,medium,high,7,5,68.7,7,1
DBMS Lab - SQL Queries (Sem 8),lab_experiment,10,5,76.6,15,7.02,10,99,medium,medium,7,2,60.0,6,1
Compiler Lab - Lexical Analysis (Sem 8),lab_experiment,33,30,17.9,43,9.64,23,68,medium,low,10,3,39.7,0,0
Mid-Semester Exam #2,exam,33,29,45.3,5,7.86,18,34,easy,medium,5,4,48.8,8,1
Module Exam #5,exam,22,19,71.4,39,5.1,7,30,medium,high,10,4,62.9,10,1
DBMS Assignment,assignment,23,22,76.1,34,4.18,21,92,very_hard,critical,7,4,88.3,9,1
Open Source Contribution (Sem 3),project,27,22,72.8,49,7.35,32,73,hard,low,9,0,45.4,0,0
Open Source Contribution #1,project,25,20,46.4,71,5.96,5,19,hard,medium,4,5,55.3,3,1
Unit Test,exam,10,10,39.3,42,7.11,13,18,hard,high,5,4,64.9,6,1
DBMS Lab - SQL Queries,lab_experiment,26,26,49.0,43,9.8,43,23,very_hard,critical,7,3,76.7,14,1
ML Model Project #1,project,4,4,17.5,21,8.23,14,53,hard,high,5,6,74.2,14,1
Research Project (Sem 3),project,15,10,49.7,13,4.85,26,70,medium,medium,10,2,59.0,9,1
Open Source Contribution (Sem 5),project,20,17,65.5,90,6.04,43,47,easy,low,9,1,28.3,-3,0
Capstone Project (Sem 8),project,17,14,7.6,61,5.97,20,14,hard,low,1,5,44.8,0,0
Open Source Contribution #5,project,10,8,70.2,11,7.98,46,71,hard,low,0,1,36.4,0,0
Group Project - Web App,project,14,10,62.7,26,9.17,7,24,medium,low,4,4,40.5,0,0
Unit Test #2,exam,28,24,72.5,27,5.96,24,100,easy,medium,8,6,57.0,5,1
OS Assignment (Sem 5),assignment,21,17,1.8,39,5.61,37,17,easy,low,7,3,46.9,4,1
Open Source Contribution (Sem 3),project,29,24,78.5,97,5.9,45,88,hard,critical,4,1,61.1,5,1
Algorithms Assignment (Sem 3),assignment,32,28,47.5,80,9.73,10,42,easy,critical,0,2,29.0,-3,0
Group Project - Web App (Sem 7),project,24,20,55.4,64,9.84,33,51,hard,low,6,2,41.5,0,0
Algorithms Assignment #1,assignment,13,8,21.8,51,9.19,6,53,very_hard,low,8,6,55.4,10,1
ML Model Project (Sem 7),project,15,15,13.8,0,6.51,38,36,medium,medium,9,6,63.8,8,1
AI Lab - Search Algorithms (Sem 3),lab_experiment,14,14,42.1,31,5.76,35,37,easy,low,0,1,29.3,-1,0
Computer Vision Lab #4,lab_experiment,22,21,45.4,29,9.86,48,35,very_hard,low,7,5,64.0,13,1
OS Lab - Process Scheduling #3,lab_experiment,26,23,29.8,69,5.64,30,58,easy,medium,3,0,33.2,-2,0
Mid-Semester Exam (Sem 4),exam,8,5,28.2,57,5.41,19,82,very_hard,medium,0,1,55.5,8,1
Unit Test #2,exam,16,11,21.7,78,7.96,7,75,medium,high,0,0,22.1,-2,0
AI Lab - Search Algorithms (Sem 4),lab_experiment,15,13,55.5,14,8.53,19,30,medium,critical,3,5,63.1,10,1
Online Quiz,exam,13,8,11.6,27,6.9,8,45,hard,medium,1,1,42.4,-3,0
Digital Electronics Lab (Sem 4),lab_experiment,32,29,31.1,9,5.17,49,75,very_hard,high,10,4,88.1,9,1
Practical Exam (Sem 8),exam,23,21,3.0,21,7.78,34,54,hard,high,9,4,66.2,13,1
Data Structures Assignment,assignment,17,17,46.2,3,6.17,39,52,very_hard,critical,3,5,87.3,14,1
Machine Learning Assignment,assignment,18,14,6.5,5,7.04,35,73,hard,high,0,4,59.5,8,1
Practical Exam #4,exam,20,15,51.4,30,6.67,40,40,easy,high,0,3,41.0,4,1
Digital Electronics Lab #4,lab_experiment,2,1,13.2,57,8.68,47,29,hard,low,8,5,75.3,3,1
Capstone Project #1,project,22,22,67.3,10,8.23,40,39,easy,high,1,1,39.0,-3,0
Digital Electronics Lab (Sem 1),lab_experiment,8,7,50.1,24,5.29,23,65,easy,medium,4,1,54.5,5,1
Data Structures Assignment #1,assignment,26,25,29.6,12,5.69,21,71,medium,medium,3,6,58.7,4,1
Capstone Project #1,project,10,5,77.5,66,4.11,43,97,hard,high,0,2,57.1,3,1
Viva Voce #1,exam,29,26,76.0,89,4.65,7,28,medium,high,8,4,52.9,9,1
Open Source Contribution (Sem 8),project,3,3,35.3,79,4.3,24,79,easy,medium,9,3,57.6,14,1
IoT Based Project (Sem 7),project,18,15,18.0,57,4.99,39,67,easy,high,5,6,59.5,8,1
DBMS Lab - SQL Queries (Sem 3),lab_experiment,27,23,9.5,97,5.19,19,41,hard,high,7,4,59.5,3,1
ML Model Project,project,6,5,26.9,38,6.25,46,41,hard,critical,3,6,81.0,11,1
Embedded Systems Lab (Sem 2),lab_experiment,18,15,69.7,50,5.18,17,10,easy,medium,1,2,33.7,-1,0
Surprise Test (Sem 8),exam,20,18,43.2,100,5.87,11,61,medium,high,9,5,53.1,5,1
Online Quiz (Sem 4),exam,4,0,63.5,64,7.6,8,80,easy,medium,10,3,59.0,12,1
Mid-Semester Exam (Sem 4),exam,25,23,52.4,87,4.98,23,96,hard,medium,9,2,50.9,6,1
Algorithms Assignment #5,assignment,9,4,55.2,71,4.6,7,51,hard,medium,5,1,58.5,7,1
Mini Project #4,project,22,17,64.1,9,7.58,29,68,hard,high,3,0,54.1,5,1
DBMS Assignment (Sem 8),assignment,14,11,4.2,85,9.16,49,29,hard,medium,5,0,39.9,-1,0
Research Project #1,project,25,20,9.9,95,7.73,6,54,medium,low,3,4,23.6,0,0
Digital Electronics Lab (Sem 7),lab_experiment,3,1,51.9,48,4.92,31,97,medium,medium,1,4,69.5,14,1
OS Assignment,assignment,28,25,43.0,16,8.04,11,71,medium,medium,9,4,50.9,7,1
Software Engineering Assignment,assignment,11,8,55.6,46,4.12,46,18,easy,medium,2,2,40.4,0,0
Networking Assignment (Sem 3),assignment,17,15,20.8,19,7.91,42,13,easy,medium,4,0,37.4,-2,0
Internal Assessment,exam,10,8,43.7,72,4.39,17,15,easy,medium,5,5,47.3,8,1
Industry Internship Project #4,project,5,3,38.4,16,7.74,21,36,easy,medium,9,3,59.9,7,1
Computer Vision Lab,lab_experiment,6,1,70.2,61,5.5,44,40,very_hard,critical,7,1,100.0,5,1
Online Quiz (Sem 6),exam,14,9,45.8,0,7.83,50,95,hard,medium,9,1,59.0,8,1
Weekly Test #5,exam,28,28,57.3,47,6.21,9,58,medium,high,0,2,37.5,-2,0
Viva Voce #5,exam,18,13,71.5,14,7.8,33,69,easy,low,0,1,22.5,-1,0
Computer Vision Lab,lab_experiment,23,22,4.5,91,6.96,27,71,medium,low,2,2,24.5,-1,0
Module Exam #2,exam,29,28,57.5,72,5.29,12,22,medium,medium,5,0,41.8,-1,0
Mid-Semester Exam #5,exam,24,19,7.1,37,8.45,32,65,hard,low,0,0,27.8,-1,0
Group Project - Web App,project,17,14,2.4,13,5.84,37,85,easy,low,4,6,53.1,-1,0
Group Project - Web App,project,2,2,72.5,15,6.97,43,100,hard,low,7,3,74.3,1,1
Weekly Test (Sem 3),exam,17,15,16.1,27,8.8,26,63,medium,low,2,4,36.2,-1,0
Final Year Project (Sem 3),project,20,16,55.3,33,6.05,42,59,hard,critical,10,1,71.6,4,1
Weekly Test (Sem 7),exam,32,27,38.8,60,9.91,50,33,hard,medium,0,4,38.0,0,0
DS Lab - Linked List (Sem 2),lab_experiment,16,12,38.7,45,4.36,40,39,hard,medium,5,2,61.0,9,1
Networking Assignment #3,assignment,25,22,51.9,18,4.83,41,68,very_hard,critical,3,4,87.5,13,1
Open Source Contribution,project,2,2,77.8,43,6.39,46,85,medium,high,7,5,78.0,7,1
Mini Project (Sem 7),project,32,28,43.3,50,9.15,45,35,very_hard,critical,7,2,73.5,5,1
Math Assignment,assignment,29,25,51.1,96,5.57,40,45,easy,medium,2,4,33.8,-1,0
Viva Voce #3,exam,19,18,43.0,76,6.89,41,31,very_hard,high,8,4,68.9,9,1
DBMS Assignment (Sem 2),assignment,19,17,45.3,68,6.0,18,87,hard,high,2,6,53.2,10,1
Weekly Test (Sem 7),exam,11,11,65.9,76,6.07,46,26,medium,medium,3,0,33.4,-3,0
Data Structures Assignment (Sem 4),assignment,17,17,3.0,57,5.64,12,32,medium,high,0,6,46.8,10,1
Data Structures Assignment,assignment,16,16,36.2,80,4.85,50,88,hard,medium,10,5,61.0,5,1
ML Model Project,project,16,12,31.6,4,6.99,20,79,medium,high,8,3,64.2,14,1
AI Lab - Search Algorithms #3,lab_experiment,26,24,62.8,1,6.5,7,90,medium,low,4,0,42.5,0,0
DBMS Assignment (Sem 8),assignment,0,0,7.4,91,6.56,10,52,very_hard,medium,3,0,66.8,5,1
Mid-Semester Exam,exam,12,11,17.7,46,5.02,50,51,easy,low,0,4,33.8,-3,0
IOT Lab Experiment (Sem 4),lab_experiment,6,2,5.1,0,8.43,11,21,easy,medium,0,6,51.1,-3,0
Research Project (Sem 5),project,11,8,58.2,62,7.79,49,90,hard,high,2,6,52.5,0,0
Machine Learning Assignment (Sem 7),assignment,4,2,21.8,30,7.26,42,20,hard,high,8,4,85.2,1,1
Surprise Test #1,exam,26,26,52.3,14,9.74,28,87,easy,high,7,3,53.0,1,1
ML Model Project (Sem 4),project,23,21,78.3,80,8.41,14,21,hard,critical,10,5,62.4,4,1
Algorithms Assignment,assignment,14,11,51.6,39,7.85,48,95,hard,low,4,2,45.0,0,0
Unit Test (Sem 6),exam,28,26,12.4,43,4.99,48,83,easy,high,2,5,54.2,1,1
Algorithms Assignment (Sem 6),assignment,24,22,19.4,81,7.6,10,34,hard,critical,8,0,51.8,8,1
Research Project #2,project,5,3,61.0,28,5.13,34,76,hard,high,4,2,82.8,13,1
OS Lab - Process Scheduling #3,lab_experiment,24,19,47.5,62,6.25,50,50,easy,medium,2,2,32.6,-2,0
Surprise Test #5,exam,8,8,61.0,5,8.53,30,83,medium,medium,0,0,32.0,0,0
Viva Voce (Sem 4),exam,14,14,7.3,82,5.74,26,56,easy,low,5,6,41.2,2,1
Capstone Project (Sem 8),project,29,26,7.6,19,5.43,28,92,hard,critical,7,3,82.0,7,1
Embedded Systems Lab (Sem 1),lab_experiment,2,2,70.2,55,5.44,15,39,medium,high,5,1,69.5,8,1
Group Project - Web App,project,8,3,50.4,99,8.02,12,96,hard,high,8,4,63.4,10,1
Open Source Contribution,project,26,21,60.8,29,4.59,24,83,very_hard,medium,4,6,73.6,10,1
Web Dev Assignment (Sem 6),assignment,25,25,18.0,7,6.9,11,47,very_hard,medium,1,0,52.7,10,1
Module Exam #4,exam,9,9,61.8,80,4.48,20,83,medium,medium,3,6,45.0,-3,0
Math Assignment (Sem 7),assignment,4,2,59.1,54,8.54,49,24,easy,critical,6,2,68.1,4,1
Embedded Systems Lab #2,lab_experiment,7,5,18.4,68,4.86,14,42,hard,critical,9,2,76.8,2,1
Internal Assessment,exam,2,1,25.6,76,6.89,16,60,easy,medium,5,5,66.4,5,1
DBMS Lab - SQL Queries (Sem 4),lab_experiment,22,22,50.2,30,6.65,23,17,hard,high,1,4,56.3,13,1
Unit Test,exam,5,5,25.6,25,5.4,5,91,easy,critical,3,0,62.5,6,1
Algorithms Assignment #4,assignment,16,15,25.3,44,6.78,17,91,medium,high,2,5,50.9,7,1
ML Model Project #5,project,28,23,8.1,76,4.75,33,41,medium,medium,0,3,34.1,-2,0
Surprise Test #2,exam,7,5,26.2,36,5.59,12,54,medium,medium,6,0,57.0,9,1
Final Year Project,project,20,20,45.2,11,9.2,23,84,medium,medium,3,3,45.1,-1,0
Online Quiz (Sem 2),exam,27,26,23.6,93,5.19,10,58,very_hard,medium,0,5,47.4,4,1
Data Structures Assignment (Sem 4),assignment,28,24,41.6,79,6.18,17,68,hard,medium,6,6,52.9,8,1
OS Assignment,assignment,6,5,8.5,16,9.87,11,22,very_hard,high,2,2,67.9,4,1
Mid-Semester Exam #3,exam,22,20,1.0,58,9.32,10,19,very_hard,high,2,2,51.4,10,1
Mobile App Development #4,project,3,3,17.7,24,8.29,20,15,easy,medium,6,1,54.2,4,1
Surprise Test #4,exam,19,15,48.5,61,8.69,36,59,easy,medium,6,2,35.4,-3,0
Surprise Test (Sem 5),exam,26,26,1.6,73,6.46,7,12,hard,low,1,6,36.1,-2,0
Mobile App Development #2,project,15,12,7.9,21,8.54,10,21,hard,medium,1,5,46.8,13,1
AI Lab - Search Algorithms,lab_experiment,2,2,9.4,93,4.19,8,10,medium,high,8,2,63.2,10,1
Group Project - Web App #4,project,4,3,67.3,41,6.2,12,84,medium,low,2,1,46.0,11,1
Embedded Systems Lab,lab_experiment,23,19,3.0,61,7.81,8,90,hard,medium,4,4,45.6,-3,0
Practical Exam #4,exam,5,3,50.8,45,4.44,5,15,medium,high,1,2,60.5,9,1
Digital Electronics Lab #3,lab_experiment,13,10,77.4,92,6.22,40,59,hard,high,4,2,50.6,13,1
OS Lab - Process Scheduling (Sem 8),lab_experiment,19,19,7.2,92,9.37,26,65,easy,medium,1,1,14.2,-3,0
Viva Voce (Sem 5),exam,8,6,28.7,92,6.78,39,26,very_hard,medium,1,1,48.5,-2,0
Algorithms Assignment #4,assignment,19,15,67.8,9,9.27,23,36,very_hard,high,9,6,77.5,6,1
Open Source Contribution #3,project,29,27,1.2,38,7.0,36,43,hard,high,3,0,54.0,4,1
Capstone Project,project,14,13,73.9,63,9.93,46,81,medium,critical,2,5,53.0,4,1
ML Model Project (Sem 6),project,5,2,56.7,9,8.72,28,71,very_hard,critical,2,1,84.0,9,1
Embedded Systems Lab (Sem 4),lab_experiment,5,3,15.4,86,8.68,13,79,medium,critical,10,2,63.1,12,1
Networking Assignment #4,assignment,22,20,31.8,74,6.07,13,47,easy,medium,6,3,37.5,-1,0
Unit Test #1,exam,21,21,39.3,76,9.07,37,23,medium,high,1,6,38.5,-3,0
Final Year Project #1,project,34,29,2.1,24,6.56,17,63,easy,low,8,0,36.9,-1,0
IoT Based Project (Sem 5),project,20,17,29.2,45,8.74,45,30,medium,low,0,5,30.5,-2,0
Computer Graphics Assignment (Sem 4),assignment,21,18,18.9,47,5.12,10,39,medium,critical,8,5,71.6,7,1
Embedded Systems Lab,lab_experiment,11,7,26.9,98,4.05,22,44,hard,critical,6,5,77.6,1,1
Data Structures Assignment (Sem 7),assignment,7,6,50.2,0,4.29,48,31,easy,high,8,5,79.8,10,1
Computer Vision Lab #4,lab_experiment,7,6,9.9,47,6.52,30,19,very_hard,critical,0,3,72.6,3,1
Algorithms Assignment #1,assignment,22,18,53.4,69,7.41,46,47,hard,low,7,6,52.8,14,1
OS Assignment,assignment,6,6,15.5,83,8.96,23,21,hard,medium,2,3,42.7,8,1
IoT Based Project #3,project,8,7,65.8,34,4.99,22,98,hard,medium,5,3,71.4,7,1
AI Lab - Search Algorithms (Sem 3),lab_experiment,28,24,50.2,84,4.63,34,51,easy,high,2,4,42.6,-3,0
Final Year Project,project,10,8,43.9,16,4.9,23,95,medium,medium,7,1,56.1,1,1
Digital Electronics Lab (Sem 5),lab_experiment,24,21,7.9,2,7.12,15,33,medium,high,5,4,66.1,2,1
Mid-Semester Exam (Sem 7),exam,28,26,11.7,4,9.1,26,58,hard,high,5,2,64.8,10,1
DS Lab - Linked List,lab_experiment,23,18,35.4,14,9.5,37,54,hard,high,10,0,59.9,6,1
Internal Assessment #5,exam,23,18,36.7,85,5.43,23,69,very_hard,medium,5,4,63.3,14,1
IOT Lab Experiment,lab_experiment,8,3,16.9,92,6.87,12,52,hard,high,8,5,71.8,7,1
Mid-Semester Exam,exam,33,29,36.3,20,9.44,45,46,easy,low,6,3,41.5,0,0
Practical Exam #3,exam,13,13,74.7,21,9.15,50,95,very_hard,medium,3,1,56.8,9,1
Online Quiz (Sem 1),exam,34,29,49.1,44,8.65,45,40,medium,medium,3,2,38.7,0,0
Mid-Semester Exam #2,exam,22,22,68.3,26,4.15,5,99,medium,high,10,2,61.3,11,1
Unit Test (Sem 5),exam,23,19,18.0,60,9.62,31,40,medium,medium,6,0,36.1,0,0
Embedded Systems Lab #3,lab_experiment,16,14,33.7,7,4.49,10,92,easy,medium,3,4,51.6,14,1
OS Assignment #4,assignment,19,16,28.9,32,6.37,8,27,medium,low,9,6,49.4,6,1
Mid-Semester Exam #2,exam,23,19,58.2,92,7.42,50,42,easy,critical,7,2,50.6,10,1
Mid-Semester Exam #2,exam,12,8,79.3,16,5.88,19,16,medium,medium,1,1,43.7,-1,0
End-Semester Exam (Sem 7),exam,8,8,3.0,76,8.32,40,94,very_hard,medium,9,6,58.8,9,1
Open Source Contribution (Sem 7),project,15,12,61.8,25,4.18,33,34,medium,medium,2,3,50.3,14,1
Group Project - Web App,project,19,17,41.3,57,6.75,21,52,medium,medium,8,5,50.7,13,1
OS Assignment,assignment,16,15,52.3,89,8.5,23,32,easy,low,9,0,19.5,-1,0
DBMS Lab - SQL Queries (Sem 1),lab_experiment,21,18,4.6,61,4.65,7,29,hard,high,10,6,67.5,4,1
Surprise Test,exam,24,19,32.8,70,9.81,6,39,hard,critical,2,4,52.6,10,1
Machine Learning Assignment,assignment,19,17,68.4,7,8.91,37,27,medium,high,9,1,56.3,2,1
Network Lab - Packet Analysis (Sem 2),lab_experiment,25,25,5.7,6,8.08,16,26,very_hard,high,1,3,61.4,4,1
AI Lab - Search Algorithms (Sem 4),lab_experiment,32,30,15.5,14,4.11,28,79,hard,critical,1,0,65.0,10,1
DBMS Lab - SQL Queries,lab_experiment,28,23,29.2,99,6.71,17,42,medium,low,10,2,30.9,-1,0
Algorithms Assignment #2,assignment,30,28,29.4,34,9.76,7,52,hard,high,10,2,56.9,11,1
Module Exam #4,exam,11,10,32.7,50,6.19,35,31,hard,medium,10,1,52.5,5,1
Computer Graphics Assignment,assignment,21,17,24.5,68,5.32,36,53,medium,low,4,4,45.0,-3,0
Data Structures Assignment,assignment,12,7,19.2,18,7.71,31,20,hard,medium,0,0,44.5,3,1
Web Dev Assignment #5,assignment,29,27,36.2,77,8.41,50,77,easy,high,10,0,36.6,0,0
Viva Voce #1,exam,4,1,13.4,30,9.35,50,79,hard,high,6,3,89.0,7,1
Computer Vision Lab (Sem 2),lab_experiment,30,26,37.4,66,5.13,37,91,hard,low,10,0,47.5,0,0
IoT Based Project #1,project,1,0,48.4,77,5.29,27,96,easy,medium,9,4,70.3,2,1
Computer Graphics Assignment #5,assignment,28,25,26.1,17,5.82,38,81,easy,medium,3,2,48.4,4,1
Algorithms Assignment,assignment,6,4,59.0,18,7.38,29,85,very_hard,low,5,1,69.3,5,1
Math Assignment #3,assignment,24,19,56.7,42,8.9,9,99,medium,critical,0,0,37.5,-2,0
Machine Learning Assignment,assignment,30,30,33.4,24,5.61,5,25,hard,high,5,2,68.7,2,1
Digital Electronics Lab (Sem 3),lab_experiment,26,21,17.7,53,8.84,11,70,hard,high,1,4,45.5,8,1
OS Lab - Process Scheduling (Sem 5),lab_experiment,2,2,8.5,5,8.89,23,95,very_hard,medium,9,0,76.3,11,1
Online Quiz (Sem 6),exam,31,28,21.5,87,7.63,36,89,medium,medium,0,2,20.2,-2,0
OS Assignment,assignment,13,8,5.6,55,6.39,18,22,medium,medium,7,1,42.8,7,1
Web Dev Assignment #5,assignment,24,20,46.9,64,8.87,28,79,very_hard,medium,4,4,55.0,6,1
DBMS Lab - SQL Queries,lab_experiment,20,15,30.6,96,8.8,48,63,medium,high,8,6,47.6,0,0
Algorithms Assignment (Sem 5),assignment,0,0,10.1,94,5.65,42,20,easy,medium,9,5,70.4,5,1
Research Project,project,30,27,66.2,8,6.03,34,63,easy,medium,3,2,44.8,-1,0
Networking Assignment (Sem 5),assignment,12,7,2.3,12,9.81,29,89,hard,high,2,4,66.5,12,1
Capstone Project (Sem 5),project,9,7,52.8,4,4.49,44,31,medium,low,0,6,56.6,3,1
Industry Internship Project (Sem 5),project,28,27,41.1,2,6.34,41,14,medium,medium,10,3,59.7,5,1
OS Lab - Process Scheduling (Sem 5),lab_experiment,22,19,61.3,77,6.58,46,89,medium,critical,10,6,64.2,2,1
Weekly Test #4,exam,20,15,1.5,96,8.43,10,32,very_hard,medium,0,1,28.8,-1,0
DBMS Lab - SQL Queries,lab_experiment,4,0,41.0,20,8.37,28,99,very_hard,medium,4,1,82.8,7,1
Surprise Test,exam,9,5,10.7,52,5.1,19,59,medium,high,5,3,67.5,8,1
Mini Project (Sem 7),project,29,24,30.3,34,8.76,24,53,easy,medium,10,1,37.6,-1,0
Machine Learning Assignment (Sem 4),assignment,26,23,37.8,5,7.97,14,31,very_hard,critical,5,2,79.4,9,1
Industry Internship Project,project,33,29,41.7,78,7.02,14,53,medium,critical,3,6,54.8,11,1
ML Model Project,project,23,18,40.7,81,4.22,25,36,medium,medium,8,1,43.3,-2,0
Networking Assignment,assignment,25,22,4.6,85,5.2,36,69,easy,critical,6,0,51.6,4,1
Software Engineering Assignment,assignment,25,24,76.2,67,7.77,36,35,easy,medium,0,2,19.2,-3,0
Weekly Test (Sem 5),exam,5,2,76.2,19,5.36,28,30,medium,low,9,1,66.0,4,1
Weekly Test #3,exam,30,28,30.2,69,4.97,46,92,medium,medium,3,3,45.8,0,0
OS Lab - Process Scheduling (Sem 4),lab_experiment,8,6,77.7,26,4.1,44,91,medium,high,6,4,77.2,8,1
Mini Project,project,12,7,70.4,66,9.98,22,37,easy,medium,8,5,47.0,12,1
Computer Graphics Assignment (Sem 3),assignment,29,29,48.7,55,6.72,46,33,very_hard,medium,5,5,68.6,7,1
Weekly Test,exam,12,9,27.0,45,4.04,8,75,hard,low,5,5,58.8,8,1
Embedded Systems Lab (Sem 3),lab_experiment,33,28,70.1,32,6.37,10,51,hard,medium,3,4,53.6,2,1
Math Assignment #1,assignment,14,11,69.4,66,7.24,45,66,medium,critical,10,1,58.3,3,1
IoT Based Project,project,26,26,67.2,78,7.88,20,25,very_hard,high,2,1,46.4,-3,0
Math Assignment #1,assignment,22,20,12.4,26,9.58,19,18,hard,medium,7,2,52.7,10,1
Software Engineering Assignment #3,assignment,30,29,22.3,28,8.21,12,47,very_hard,medium,0,1,42.6,-1,0
OS Assignment,assignment,15,11,64.5,42,8.51,11,29,hard,low,9,2,43.7,-2,0
Math Assignment #3,assignment,6,1,3.4,39,6.47,23,77,easy,medium,1,2,56.5,6,1
IoT Based Project (Sem 4),project,15,10,6.1,82,6.73,32,12,medium,critical,8,0,51.8,14,1
DBMS Lab - SQL Queries #2,lab_experiment,34,29,29.2,94,4.02,14,32,hard,high,5,2,55.6,3,1
Math Assignment (Sem 3),assignment,7,7,21.4,70,7.48,33,90,medium,critical,5,4,70.3,7,1
End-Semester Exam (Sem 3),exam,21,17,37.8,49,9.41,50,88,hard,critical,5,6,72.2,13,1
Industry Internship Project,project,22,17,61.4,43,4.8,37,67,medium,high,5,3,63.1,7,1
Group Project - Web App (Sem 6),project,29,25,58.4,15,6.8,22,69,hard,medium,8,2,60.2,2,1
Web Dev Assignment,assignment,12,11,3.0,99,5.27,7,74,medium,medium,6,0,35.9,0,0
Open Source Contribution (Sem 5),project,27,24,21.7,15,8.86,28,94,very_hard,medium,10,6,69.8,10,1
IOT Lab Experiment (Sem 1),lab_experiment,16,12,45.2,19,4.52,14,87,easy,critical,4,2,63.6,1,1
Mobile App Development (Sem 5),project,14,12,21.8,98,8.09,39,23,very_hard,high,5,0,51.3,11,1
Capstone Project #3,project,2,1,7.3,63,8.82,15,12,medium,medium,4,4,63.9,4,1
DS Lab - Linked List,lab_experiment,8,8,29.9,20,4.61,40,63,medium,medium,10,3,61.0,14,1
Algorithms Assignment (Sem 6),assignment,19,19,63.1,8,5.47,40,42,medium,medium,4,2,58.4,9,1
Mini Project #4,project,31,27,22.7,28,8.76,40,75,very_hard,high,3,5,69.4,1,1
Viva Voce (Sem 2),exam,21,16,49.4,40,9.01,12,28,medium,high,10,5,55.2,14,1
Capstone Project (Sem 8),project,12,12,3.1,53,8.33,46,72,medium,medium,9,0,39.0,-2,0
Network Lab - Packet Analysis,lab_experiment,10,5,61.1,82,10.0,47,69,medium,high,3,5,52.3,7,1
Mini Project (Sem 1),project,19,17,68.6,7,7.12,21,29,medium,low,2,6,46.7,9,1
IOT Lab Experiment #2,lab_experiment,10,9,7.9,16,6.14,39,69,easy,medium,7,6,55.7,-3,0
AI Lab - Search Algorithms,lab_experiment,5,1,42.7,37,7.1,40,57,medium,low,5,5,76.6,1,1
Computer Graphics Assignment,assignment,33,30,40.7,1,5.91,41,41,medium,medium,0,3,49.9,14,1
IOT Lab Experiment (Sem 1),lab_experiment,30,26,11.1,45,6.68,29,50,hard,medium,4,4,55.9,1,1
Group Project - Web App (Sem 5),project,16,12,4.2,30,5.75,36,12,easy,critical,10,3,68.6,12,1
Embedded Systems Lab (Sem 2),lab_experiment,31,27,61.1,30,7.14,12,47,medium,low,9,3,46.2,1,1
Open Source Contribution (Sem 5),project,30,26,55.6,37,7.42,23,22,easy,medium,4,4,44.9,0,0
Surprise Test (Sem 8),exam,5,1,33.9,38,7.45,25,43,medium,low,0,5,59.9,11,1
Web Dev Assignment,assignment,28,28,27.1,27,5.66,23,27,hard,high,10,4,73.9,2,1
Module Exam (Sem 8),exam,11,7,3.0,0,7.49,34,24,medium,low,0,1,43.4,12,1
OS Assignment,assignment,19,15,2.2,14,4.52,41,23,very_hard,medium,3,3,71.3,8,1
Compiler Lab - Lexical Analysis,lab_experiment,21,19,48.8,83,6.04,26,62,medium,low,0,3,22.0,-3,0
Mid-Semester Exam #2,exam,11,6,29.7,73,6.27,14,35,hard,critical,6,3,72.8,13,1
Internal Assessment #5,exam,19,15,11.3,72,6.0,23,14,hard,medium,3,3,44.9,0,0
DBMS Assignment #5,assignment,23,22,47.6,89,9.14,37,12,easy,critical,4,6,47.9,0,0
Algorithms Assignment,assignment,28,26,76.1,0,5.53,47,75,very_hard,high,5,5,91.7,2,1
Data Structures Assignment (Sem 6),assignment,15,12,77.2,17,8.21,35,78,medium,high,5,3,58.1,8,1
Group Project - Web App #2,project,6,5,47.2,53,6.12,36,33,hard,critical,4,2,74.0,11,1
Digital Electronics Lab #1,lab_experiment,28,26,21.6,10,5.76,26,15,very_hard,high,9,2,81.6,14,1
Mobile App Development (Sem 5),project,5,3,66.4,89,9.0,44,96,medium,critical,5,1,63.6,3,1
Mobile App Development,project,29,25,38.2,11,6.57,49,47,medium,medium,10,5,62.7,5,1
Industry Internship Project #4,project,19,15,23.6,8,4.61,17,77,medium,critical,3,6,74.1,13,1
DBMS Assignment,assignment,1,0,59.8,89,8.32,35,27,easy,high,6,6,67.7,3,1
Mid-Semester Exam #3,exam,21,20,10.1,72,6.87,21,27,very_hard,low,6,5,57.7,13,1
ML Model Project #4,project,10,7,66.7,4,9.51,34,59,hard,low,9,2,61.6,3,1
DBMS Assignment (Sem 3),assignment,29,27,63.0,67,6.21,13,90,medium,high,1,3,38.9,-1,0
Industry Internship Project #5,project,22,20,3.2,71,4.37,31,76,very_hard,critical,0,5,68.9,12,1
Data Structures Assignment #2,assignment,21,21,21.8,94,7.76,45,96,very_hard,high,9,1,54.7,4,1
Mini Project #1,project,17,15,36.4,59,5.25,19,91,medium,high,1,0,40.1,0,0
DBMS Assignment (Sem 3),assignment,28,23,20.7,93,6.1,35,41,easy,high,6,4,44.9,0,0
Web Dev Assignment,assignment,7,5,40.9,76,7.53,14,14,hard,high,10,2,57.2,6,1
Digital Electronics Lab (Sem 8),lab_experiment,28,25,69.0,23,9.73,14,34,very_hard,medium,5,2,60.8,2,1
End-Semester Exam #5,exam,22,20,62.7,35,4.57,5,63,medium,medium,8,6,58.5,9,1
AI Lab - Search Algorithms #4,lab_experiment,26,22,5.0,14,7.5,9,18,easy,medium,8,0,38.1,-2,0
DBMS Assignment #3,assignment,7,5,4.9,80,5.47,23,27,medium,low,4,3,47.3,2,1
Module Exam (Sem 1),exam,3,1,68.0,38,8.47,42,56,medium,medium,3,0,60.6,7,1
Mobile App Development #4,project,11,10,60.4,29,6.52,41,27,medium,medium,2,0,39.3,-1,0
DBMS Assignment,assignment,21,17,21.7,95,8.57,17,13,hard,medium,7,6,44.7,9,1
Mid-Semester Exam #5,exam,16,16,48.8,49,5.66,38,64,hard,high,6,2,67.0,10,1
Compiler Lab - Lexical Analysis (Sem 4),lab_experiment,14,11,57.4,20,4.73,14,30,hard,critical,1,0,62.4,10,1
DS Lab - Linked List,lab_experiment,20,15,57.5,26,7.58,16,57,hard,low,9,1,45.4,3,1
Mini Project (Sem 7),project,20,15,58.1,1,5.35,5,51,hard,high,1,6,67.3,9,1
Computer Graphics Assignment,assignment,29,27,75.7,31,7.94,34,96,very_hard,medium,1,1,47.2,9,1
Weekly Test,exam,7,7,29.8,80,4.85,30,65,medium,medium,4,6,57.0,6,1
Web Dev Assignment,assignment,19,15,40.4,92,5.36,8,54,very_hard,medium,5,3,58.4,6,1
Embedded Systems Lab (Sem 3),lab_experiment,26,22,76.9,51,9.26,40,19,easy,medium,3,0,27.8,-3,0
Research Project #1,project,24,22,20.5,42,9.12,19,79,easy,critical,1,0,36.5,0,0
Unit Test (Sem 5),exam,26,25,14.8,33,6.79,42,39,very_hard,medium,9,2,66.6,2,1
Computer Graphics Assignment (Sem 6),assignment,20,15,75.0,62,7.99,49,65,hard,medium,7,4,52.5,7,1
Machine Learning Assignment (Sem 1),assignment,22,18,59.7,46,5.61,15,67,very_hard,critical,9,1,79.3,2,1
Capstone Project #1,project,31,30,63.3,30,7.96,47,89,hard,high,6,4,65.7,5,1
Software Engineering Assignment,assignment,5,3,68.6,15,5.97,34,35,easy,critical,3,0,74.4,6,1
Mini Project #4,project,2,0,54.9,31,5.99,38,36,very_hard,high,0,2,88.6,11,1
Data Structures Assignment (Sem 2),assignment,28,24,11.8,83,4.85,20,28,hard,high,10,5,64.4,1,1
Software Engineering Assignment #3,assignment,10,9,22.6,98,9.82,38,18,hard,low,3,4,33.2,0,0
DBMS Assignment (Sem 3),assignment,25,24,52.0,22,6.62,30,66,medium,medium,6,0,48.6,-1,0
Digital Electronics Lab #5,lab_experiment,11,10,77.9,37,7.68,6,91,medium,medium,1,1,28.2,-2,0
IOT Lab Experiment,lab_experiment,14,11,48.0,29,7.64,24,53,hard,medium,2,4,47.6,11,1
Math Assignment #1,assignment,16,15,31.1,46,5.14,41,40,easy,medium,2,5,45.9,1,1
Compiler Lab - Lexical Analysis,lab_experiment,8,4,1.8,80,5.83,20,83,hard,critical,3,6,75.0,3,1
Compiler Lab - Lexical Analysis (Sem 7),lab_experiment,25,25,79.8,13,4.35,23,97,medium,medium,3,3,54.7,5,1
IOT Lab Experiment (Sem 3),lab_experiment,13,12,18.1,72,7.94,31,99,very_hard,high,8,4,63.7,2,1
Group Project - Web App,project,27,25,35.6,35,8.38,11,91,easy,high,0,1,28.1,-3,0
Mid-Semester Exam (Sem 2),exam,13,9,56.7,19,4.56,10,66,easy,high,9,0,54.2,13,1
Viva Voce,exam,26,24,63.3,93,4.37,21,32,easy,critical,8,4,56.5,12,1
Group Project - Web App,project,21,21,57.7,55,7.08,42,69,very_hard,low,3,2,51.2,10,1
Internal Assessment,exam,4,3,71.4,54,4.52,10,97,medium,low,6,2,59.2,8,1
Online Quiz,exam,22,19,6.7,6,6.88,30,90,hard,critical,4,3,76.8,4,1
Mid-Semester Exam,exam,30,25,42.5,4,6.41,22,99,medium,high,4,3,61.4,13,1
Data Structures Assignment,assignment,18,16,32.7,40,4.04,13,13,hard,critical,7,5,80.3,3,1
Mini Project (Sem 7),project,12,8,19.1,31,4.67,23,66,medium,high,6,1,60.1,13,1
AI Lab - Search Algorithms (Sem 7),lab_experiment,28,27,55.1,9,7.15,40,47,medium,high,10,0,59.2,12,1
Compiler Lab - Lexical Analysis,lab_experiment,4,3,62.3,72,6.23,19,25,medium,critical,0,1,54.5,6,1
Computer Vision Lab,lab_experiment,21,20,46.5,1,8.52,29,67,easy,critical,2,2,52.7,3,1
Viva Voce,exam,21,21,52.4,26,5.12,35,36,medium,low,7,3,54.3,12,1
Industry Internship Project (Sem 1),project,24,19,44.9,34,6.19,13,13,medium,high,9,4,59.5,11,1
Practical Exam,exam,25,22,58.2,0,6.08,12,62,very_hard,high,0,4,66.2,2,1
Network Lab - Packet Analysis #5,lab_experiment,20,18,37.2,55,6.68,32,95,very_hard,medium,9,4,65.2,13,1
Mobile App Development (Sem 6),project,7,2,11.7,57,7.4,36,27,medium,low,6,1,54.2,6,1
Surprise Test,exam,5,1,45.0,44,6.32,35,59,medium,low,8,1,66.7,14,1
Embedded Systems Lab,lab_experiment,13,11,50.9,75,6.35,33,94,hard,low,10,4,48.3,2,1
Research Project #2,project,22,22,21.9,42,5.48,24,76,easy,medium,2,3,41.0,13,1
OS Lab - Process Scheduling (Sem 6),lab_experiment,5,5,49.3,44,6.7,23,18,medium,medium,6,4,59.5,11,1
Mid-Semester Exam (Sem 2),exam,9,9,63.3,96,7.01,50,42,medium,medium,1,0,23.8,0,0
Digital Electronics Lab,lab_experiment,28,26,50.2,79,8.61,47,16,easy,medium,1,0,16.9,0,0
Final Year Project (Sem 8),project,21,16,24.6,3,5.36,48,13,medium,high,5,5,76.2,4,1
Compiler Lab - Lexical Analysis (Sem 6),lab_experiment,2,0,53.8,48,8.84,14,65,hard,medium,2,5,69.8,5,1
Weekly Test (Sem 7),exam,7,5,49.7,53,7.4,21,62,hard,medium,4,0,53.5,4,1
Unit Test,exam,29,28,5.5,1,6.84,24,44,medium,low,0,6,42.2,-2,0
Math Assignment,assignment,3,1,3.6,70,4.26,17,67,medium,low,8,3,68.7,13,1
Algorithms Assignment,assignment,9,5,17.7,11,5.47,34,23,hard,medium,8,5,81.2,4,1
Machine Learning Assignment #4,assignment,1,1,13.1,55,6.98,45,72,easy,high,1,2,62.5,13,1
Digital Electronics Lab (Sem 5),lab_experiment,18,17,7.9,35,8.09,39,33,very_hard,critical,0,2,60.9,14,1
OS Assignment (Sem 1),assignment,19,15,23.1,76,7.06,48,11,hard,medium,5,1,48.6,-1,0
Industry Internship Project #3,project,29,27,6.7,27,7.66,8,22,medium,medium,1,0,28.4,0,0
Networking Assignment #2,assignment,7,4,55.7,18,7.84,24,61,hard,medium,9,6,68.8,5,1
End-Semester Exam (Sem 5),exam,19,16,74.6,28,5.89,14,78,very_hard,high,0,0,57.8,5,1
Open Source Contribution #5,project,28,27,28.8,87,6.5,49,75,medium,medium,9,3,43.5,2,1
Final Year Project #2,project,26,24,59.7,9,9.71,6,67,hard,high,4,6,64.8,9,1
Compiler Lab - Lexical Analysis #1,lab_experiment,24,24,9.3,30,8.08,34,52,very_hard,medium,6,5,67.4,10,1
Surprise Test #3,exam,23,22,74.1,82,8.31,26,33,hard,low,7,3,39.2,0,0
Practical Exam #5,exam,6,2,60.8,7,6.45,26,69,hard,low,2,2,63.2,7,1
Computer Vision Lab #3,lab_experiment,16,16,29.4,8,9.99,45,84,medium,low,10,6,52.9,10,1
Module Exam (Sem 8),exam,12,12,73.2,55,8.03,37,53,medium,medium,0,5,32.7,-3,0
DBMS Assignment #2,assignment,16,15,35.3,47,4.51,9,39,very_hard,medium,5,4,69.5,12,1
DS Lab - Linked List (Sem 5),lab_experiment,22,19,58.4,69,6.16,13,48,medium,high,2,5,45.5,6,1
Surprise Test (Sem 7),exam,6,5,6.3,29,9.0,50,44,hard,critical,6,0,74.2,4,1
End-Semester Exam #5,exam,26,25,20.2,13,7.01,21,93,very_hard,medium,0,3,55.5,2,1
Mid-Semester Exam #3,exam,19,16,25.7,26,7.54,6,30,hard,low,9,0,42.4,5,1
Computer Graphics Assignment #4,assignment,14,12,15.3,72,5.7,9,79,easy,critical,5,6,61.5,5,1
OS Lab - Process Scheduling #4,lab_experiment,20,20,36.4,63,7.8,28,69,medium,high,6,5,52.2,5,1
Research Project #2,project,7,2,7.0,51,4.43,36,11,very_hard,high,9,5,95.4,11,1
Mid-Semester Exam,exam,3,3,36.3,34,8.77,48,80,very_hard,high,4,5,87.0,7,1
Internal Assessment,exam,30,26,66.7,22,5.5,7,10,easy,low,2,4,40.3,-1,0
Viva Voce #5,exam,8,5,38.7,88,5.36,47,28,very_hard,medium,0,2,54.1,8,1
DBMS Lab - SQL Queries #1,lab_experiment,16,11,78.7,54,8.82,14,63,hard,high,4,0,46.6,0,0
OS Lab - Process Scheduling (Sem 7),lab_experiment,6,6,75.0,86,9.74,40,58,medium,high,7,0,46.8,14,1
Internal Assessment #5,exam,29,24,51.7,4,8.45,5,83,hard,medium,8,0,51.7,11,1
Data Structures Assignment,assignment,2,1,23.9,78,4.08,27,71,medium,low,8,5,72.1,12,1
Computer Graphics Assignment,assignment,23,21,25.2,2,5.9,30,31,medium,high,9,2,68.6,2,1
IoT Based Project #2,project,32,29,34.0,82,9.68,41,44,easy,medium,3,0,21.7,-1,0
Networking Assignment (Sem 8),assignment,18,18,33.1,84,4.95,40,19,medium,high,10,1,51.2,10,1
Unit Test,exam,31,28,34.0,8,9.92,12,48,easy,high,0,6,41.6,-3,0
Group Project - Web App #1,project,23,21,14.0,61,6.93,34,64,very_hard,high,1,3,57.2,13,1
Data Structures Assignment #3,assignment,22,22,3.7,50,9.98,37,61,hard,medium,9,1,47.7,4,1
Web Dev Assignment (Sem 2),assignment,33,28,8.8,56,8.39,45,76,medium,medium,4,4,43.3,-3,0
Online Quiz #3,exam,10,9,49.7,54,7.68,27,86,easy,low,1,3,20.9,-3,0
DBMS Lab - SQL Queries (Sem 8),lab_experiment,7,2,46.2,42,9.46,21,58,easy,critical,1,6,61.7,12,1
IOT Lab Experiment,lab_experiment,30,27,32.4,47,9.44,31,74,medium,low,4,5,40.7,-1,0
OS Assignment #3,assignment,18,13,21.1,32,8.38,32,82,easy,medium,6,3,42.8,0,0
Practical Exam (Sem 3),exam,21,18,7.0,64,7.44,20,25,hard,medium,10,6,56.2,3,1
Compiler Lab - Lexical Analysis (Sem 5),lab_experiment,21,16,4.7,82,4.57,48,95,hard,medium,4,1,49.4,10,1
Machine Learning Assignment #3,assignment,19,16,13.2,19,5.81,41,16,hard,low,9,5,67.3,8,1
Network Lab - Packet Analysis (Sem 4),lab_experiment,7,3,7.6,75,9.2,21,33,hard,medium,9,2,58.1,6,1
Research Project,project,26,23,2.3,13,7.11,6,86,hard,critical,2,6,71.0,9,1
End-Semester Exam (Sem 3),exam,4,0,78.8,94,8.64,34,24,medium,high,3,4,63.6,9,1
Surprise Test (Sem 4),exam,27,25,19.9,71,5.78,36,94,hard,high,7,3,64.4,10,1
Networking Assignment,assignment,20,18,66.3,31,4.86,9,60,medium,medium,6,4,57.7,14,1
Industry Internship Project (Sem 7),project,14,11,31.7,89,7.06,30,41,medium,medium,8,1,37.2,-3,0
Final Year Project (Sem 7),project,7,6,13.0,27,8.09,28,84,hard,medium,4,5,64.4,6,1
Internal Assessment,exam,5,1,46.5,87,6.36,31,93,hard,critical,7,4,90.7,10,1
Web Dev Assignment,assignment,25,22,60.2,34,8.96,22,74,medium,high,0,0,32.4,-2,0
Computer Graphics Assignment #4,assignment,18,18,23.6,92,4.39,29,75,medium,critical,6,1,56.5,6,1
Capstone Project (Sem 1),project,21,18,69.8,13,7.89,37,79,medium,low,4,2,42.1,0,0
Computer Vision Lab,lab_experiment,12,12,10.6,76,7.46,38,76,hard,critical,4,1,59.6,12,1
Open Source Contribution (Sem 1),project,7,7,5.4,3,6.87,28,40,very_hard,medium,1,6,73.2,5,1
Network Lab - Packet Analysis (Sem 7),lab_experiment,26,26,58.7,55,5.0,22,45,medium,high,2,6,54.2,8,1
Practical Exam (Sem 5),exam,28,24,11.2,48,9.97,14,72,very_hard,high,3,0,52.8,11,1
DS Lab - Linked List,lab_experiment,6,3,29.4,65,8.64,28,54,very_hard,medium,9,4,72.8,12,1
OS Lab - Process Scheduling (Sem 2),lab_experiment,20,15,37.9,65,7.31,34,42,hard,medium,2,1,40.4,-3,0
OS Assignment (Sem 1),assignment,34,29,39.3,31,4.58,44,22,hard,high,7,2,71.2,13,1
Open Source Contribution #2,project,29,26,2.3,44,8.47,32,85,very_hard,critical,6,1,71.4,14,1
Module Exam #4,exam,19,14,68.5,16,4.79,8,34,easy,medium,9,1,49.6,9,1
Final Year Project #3,project,17,13,5.6,2,5.21,33,96,very_hard,low,3,1,63.9,2,1
Network Lab - Packet Analysis (Sem 1),lab_experiment,28,28,1.8,71,7.03,34,100,easy,medium,4,4,39.2,-3,0
Capstone Project #2,project,12,11,31.9,28,5.89,30,80,hard,high,10,4,74.4,11,1
Digital Electronics Lab #5,lab_experiment,3,1,13.4,51,8.53,31,62,hard,medium,6,2,73.9,1,1
Final Year Project,project,10,7,25.4,98,8.51,6,90,hard,critical,10,1,58.0,10,1
AI Lab - Search Algorithms (Sem 5),lab_experiment,24,22,5.4,12,5.38,20,76,easy,high,7,2,60.6,3,1
Unit Test,exam,19,14,40.1,46,6.57,30,52,medium,high,6,4,58.8,12,1
Machine Learning Assignment #1,assignment,31,29,65.8,55,5.41,37,17,medium,medium,7,6,57.7,10,1
End-Semester Exam #4,exam,22,20,46.6,19,8.6,36,58,easy,medium,3,1,35.8,-2,0
Mobile App Development #3,project,24,22,6.6,74,8.08,34,65,easy,critical,2,3,40.6,0,0
Compiler Lab - Lexical Analysis #1,lab_experiment,2,0,46.7,13,8.49,35,74,hard,medium,10,1,79.9,5,1
Digital Electronics Lab,lab_experiment,11,6,59.4,84,7.06,27,65,easy,high,3,3,45.9,2,1
Computer Graphics Assignment,assignment,26,23,1.2,45,5.79,6,87,medium,high,8,1,55.6,4,1
OS Assignment #1,assignment,18,17,34.3,93,5.99,13,78,very_hard,high,7,4,67.7,13,1
AI Lab - Search Algorithms (Sem 2),lab_experiment,20,18,38.7,39,8.81,30,39,hard,low,0,1,29.2,-1,0
Unit Test,exam,22,19,27.1,10,6.78,14,72,medium,medium,3,1,45.4,10,1
Mobile App Development,project,31,30,8.4,98,7.23,19,58,medium,high,4,6,46.3,-2,0
Open Source Contribution #2,project,29,27,29.1,60,6.4,12,42,easy,critical,0,0,34.2,-2,0
ML Model Project (Sem 6),project,15,15,8.8,63,4.57,50,26,easy,medium,4,0,39.4,-3,0
Surprise Test #4,exam,18,16,76.2,38,4.88,31,58,medium,low,4,4,50.5,5,1
Internal Assessment #3,exam,4,4,57.5,95,7.39,45,94,medium,low,9,3,44.5,-1,0
Digital Electronics Lab (Sem 4),lab_experiment,10,5,25.0,84,7.93,37,18,easy,high,10,3,47.9,-2,0
Digital Electronics Lab #2,lab_experiment,19,15,58.6,63,5.21,19,50,very_hard,medium,7,2,63.3,4,1
Computer Vision Lab (Sem 1),lab_experiment,31,30,70.0,56,7.17,37,61,medium,critical,0,3,48.5,5,1
Computer Graphics Assignment #5,assignment,7,7,68.6,67,5.23,35,47,medium,medium,10,6,63.1,11,1
Networking Assignment #3,assignment,14,14,78.8,84,6.93,40,11,hard,medium,4,4,49.2,1,1
Digital Electronics Lab (Sem 5),lab_experiment,11,6,2.1,79,9.36,6,41,medium,critical,6,2,56.8,12,1
Software Engineering Assignment,assignment,19,19,35.3,15,4.89,11,81,hard,low,10,1,57.1,7,1
DBMS Lab - SQL Queries,lab_experiment,29,25,45.1,71,8.1,15,87,hard,high,10,3,52.3,3,1
DS Lab - Linked List (Sem 2),lab_experiment,6,5,32.7,56,6.12,27,38,very_hard,low,10,1,61.5,12,1
Weekly Test (Sem 8),exam,32,27,19.7,50,7.2,44,40,hard,high,5,6,68.4,3,1
Algorithms Assignment (Sem 6),assignment,19,18,44.2,75,5.27,18,96,easy,medium,8,2,40.8,-1,0
Research Project (Sem 6),project,23,21,62.8,15,4.75,22,53,hard,medium,6,0,61.2,10,1
Open Source Contribution (Sem 5),project,23,23,63.1,75,7.85,5,29,hard,low,1,4,28.5,-3,0
Mid-Semester Exam (Sem 3),exam,12,8,73.9,26,4.4,9,10,easy,high,10,0,52.7,13,1
Weekly Test #2,exam,8,7,46.2,83,9.46,33,22,medium,low,10,3,40.7,-3,0
Internal Assessment,exam,7,6,72.8,38,5.7,39,25,medium,high,7,5,76.3,8,1
Group Project - Web App (Sem 2),project,10,10,67.2,31,6.44,30,56,easy,high,3,0,42.8,0,0
Industry Internship Project,project,19,17,76.0,90,5.7,30,38,hard,medium,4,3,50.0,7,1
DBMS Assignment #3,assignment,22,21,48.3,26,6.68,42,52,hard,medium,4,3,59.0,11,1
Capstone Project,project,28,28,40.9,16,7.26,24,23,medium,high,9,2,60.2,7,1
Module Exam,exam,9,6,52.7,53,5.54,45,34,medium,low,8,0,51.9,12,1
Web Dev Assignment,assignment,11,10,54.8,96,4.48,31,33,medium,high,3,0,39.9,-2,0
AI Lab - Search Algorithms #2,lab_experiment,11,8,31.4,77,6.49,8,41,easy,high,5,0,37.4,8,1
Group Project - Web App #1,project,25,21,58.7,57,7.77,21,37,hard,critical,10,5,67.7,7,1
Web Dev Assignment (Sem 6),assignment,21,21,64.0,7,5.69,29,49,medium,medium,7,2,60.5,2,1
Computer Vision Lab #4,lab_experiment,33,30,49.5,100,5.38,50,65,hard,high,5,5,64.0,8,1
Unit Test,exam,26,24,44.8,53,5.2,47,18,medium,medium,10,4,57.1,2,1
Network Lab - Packet Analysis #1,lab_experiment,3,0,31.2,49,6.04,32,49,very_hard,critical,0,1,85.4,7,1
Mid-Semester Exam,exam,7,5,54.6,23,5.47,9,26,easy,medium,6,6,64.3,13,1
Unit Test #4,exam,5,2,4.0,87,7.57,31,43,medium,critical,6,2,64.7,4,1
Viva Voce #2,exam,23,19,54.2,91,7.14,25,72,easy,medium,8,3,35.3,-3,0
Capstone Project #1,project,7,6,49.3,92,4.89,33,34,easy,critical,5,0,57.9,5,1
DS Lab - Linked List #3,lab_experiment,23,22,15.5,1,7.13,30,41,easy,medium,6,4,55.8,13,1
Embedded Systems Lab #5,lab_experiment,24,24,78.6,65,6.45,47,93,medium,low,2,0,27.7,-2,0
Final Year Project #5,project,5,1,70.6,81,4.47,50,70,medium,high,7,2,79.8,5,1
Software Engineering Assignment (Sem 4),assignment,13,9,68.5,37,5.01,31,33,hard,high,4,0,61.7,2,1
Practical Exam #4,exam,13,13,75.6,70,9.36,38,76,medium,medium,0,4,27.8,-3,0
Industry Internship Project #3,project,16,11,31.4,98,5.2,17,50,easy,critical,6,0,47.1,-1,0
Embedded Systems Lab (Sem 2),lab_experiment,3,1,51.7,54,4.8,7,64,medium,low,10,3,70.9,1,1
Embedded Systems Lab (Sem 2),lab_experiment,31,28,19.1,82,5.24,17,94,very_hard,medium,4,1,54.3,14,1
Data Structures Assignment #1,assignment,16,13,77.0,83,5.53,25,87,hard,critical,8,0,62.9,9,1
Group Project - Web App (Sem 1),project,22,20,14.0,28,6.29,12,42,medium,high,1,2,44.6,-2,0
Compiler Lab - Lexical Analysis,lab_experiment,31,27,52.6,63,5.89,36,64,easy,medium,8,0,41.0,-1,0
DBMS Lab - SQL Queries (Sem 1),lab_experiment,24,24,72.5,16,4.74,40,32,medium,medium,6,1,57.8,7,1
Digital Electronics Lab,lab_experiment,22,20,56.7,76,4.36,22,82,hard,critical,6,3,70.0,7,1
Practical Exam (Sem 1),exam,30,29,71.2,52,9.33,47,87,easy,medium,8,5,44.3,-3,0
Mid-Semester Exam,exam,7,4,18.6,36,9.78,8,98,medium,medium,3,2,44.6,4,1
Weekly Test,exam,13,12,13.1,65,4.91,48,89,medium,low,1,1,31.8,-1,0
Industry Internship Project (Sem 7),project,27,23,24.5,41,6.35,27,98,very_hard,low,3,4,56.5,5,1
IoT Based Project,project,12,8,31.5,57,6.76,40,70,hard,medium,10,2,53.6,3,1
Group Project - Web App (Sem 1),project,23,23,64.4,54,4.83,35,66,easy,high,1,0,37.7,-2,0
Online Quiz #5,exam,27,22,6.3,55,6.91,31,52,easy,high,3,0,38.1,-1,0
Web Dev Assignment,assignment,17,13,20.7,20,6.62,7,32,hard,high,2,1,53.7,1,1
Machine Learning Assignment,assignment,4,0,44.1,71,5.27,29,52,medium,critical,3,5,87.7,14,1
Internal Assessment (Sem 6),exam,6,6,52.0,17,7.99,9,99,hard,medium,5,3,63.5,3,1
Embedded Systems Lab,lab_experiment,5,0,77.6,62,5.93,44,86,hard,critical,9,5,100.0,8,1
Practical Exam (Sem 5),exam,25,21,65.6,1,5.76,29,91,medium,high,5,5,74.7,7,1
Unit Test,exam,13,12,30.3,6,5.67,22,26,very_hard,medium,7,3,77.0,7,1
Mini Project,project,3,0,52.5,13,7.55,29,66,medium,low,8,4,73.3,5,1
Network Lab - Packet Analysis (Sem 8),lab_experiment,20,19,5.9,72,9.88,14,88,easy,medium,5,2,31.0,-2,0
DBMS Assignment (Sem 6),assignment,18,17,47.8,27,9.16,7,11,easy,medium,2,3,32.3,-3,0
Compiler Lab - Lexical Analysis #3,lab_experiment,25,20,72.7,89,7.35,48,89,medium,critical,0,6,47.0,2,1
Network Lab - Packet Analysis #4,lab_experiment,16,15,77.2,74,9.69,21,71,easy,critical,10,2,46.3,0,0
Internal Assessment (Sem 3),exam,25,21,52.2,47,9.48,33,86,very_hard,critical,3,3,68.9,7,1
Compiler Lab - Lexical Analysis,lab_experiment,25,20,5.3,95,4.51,34,97,medium,high,7,0,46.4,5,1
Machine Learning Assignment (Sem 8),assignment,30,27,77.8,100,4.11,37,18,medium,medium,9,3,44.7,-2,0
Digital Electronics Lab (Sem 5),lab_experiment,26,25,26.0,84,10.0,43,67,medium,high,3,2,37.5,-3,0
Math Assignment #3,assignment,4,2,58.6,57,7.58,45,52,medium,high,3,6,64.1,1,1
Network Lab - Packet Analysis #4,lab_experiment,35,30,41.9,95,9.64,46,40,very_hard,critical,8,0,60.6,13,1
Viva Voce,exam,21,17,62.7,43,6.7,12,76,hard,medium,3,3,49.6,12,1
End-Semester Exam,exam,27,23,29.9,79,5.3,26,93,medium,medium,0,6,36.8,6,1
Mini Project,project,27,25,67.2,64,6.28,42,61,medium,low,4,3,39.4,-1,0
Research Project,project,4,0,10.8,95,8.1,10,85,medium,high,3,5,63.0,10,1
Mini Project,project,20,15,35.6,61,5.21,46,23,medium,medium,0,5,42.4,8,1
Machine Learning Assignment #3,assignment,15,12,27.9,10,7.94,30,19,easy,critical,7,5,66.0,8,1
Internal Assessment,exam,20,19,55.1,65,4.51,7,71,medium,low,8,1,39.7,0,0
Industry Internship Project,project,23,23,64.1,85,6.95,28,82,medium,high,3,1,38.8,2,1
End-Semester Exam (Sem 2),exam,19,17,19.1,97,7.62,49,89,easy,medium,4,6,32.5,-3,0
Computer Vision Lab (Sem 3),lab_experiment,6,5,23.0,85,7.93,25,48,medium,low,7,1,35.5,-2,0
Embedded Systems Lab (Sem 8),lab_experiment,20,16,9.2,55,7.36,32,42,hard,low,6,6,54.2,1,1
Unit Test,exam,16,11,22.8,4,4.57,40,65,easy,low,1,1,38.2,-3,0
Internal Assessment #4,exam,5,2,75.7,100,4.49,19,51,medium,medium,9,4,59.9,1,1
Industry Internship Project (Sem 5),project,30,27,48.3,19,7.41,24,11,medium,high,0,5,50.6,8,1
Embedded Systems Lab,lab_experiment,6,2,51.8,57,8.43,21,16,hard,high,9,4,72.7,11,1
OS Assignment,assignment,19,19,77.6,45,7.46,33,34,medium,medium,3,6,48.3,6,1
Web Dev Assignment (Sem 2),assignment,29,25,13.5,74,6.25,45,55,very_hard,high,6,6,71.7,7,1
Data Structures Assignment (Sem 2),assignment,25,22,29.5,36,7.79,44,35,hard,high,0,6,51.2,6,1
Algorithms Assignment,assignment,34,30,26.3,14,9.75,8,41,very_hard,medium,2,3,55.0,6,1
DS Lab - Linked List #4,lab_experiment,10,9,35.0,32,7.86,5,67,medium,medium,5,2,43.1,3,1
AI Lab - Search Algorithms (Sem 4),lab_experiment,24,23,62.5,35,4.49,48,60,medium,critical,0,6,62.8,14,1
Research Project #5,project,0,0,39.5,69,7.19,25,12,hard,low,8,0,65.7,11,1
End-Semester Exam,exam,27,22,7.3,26,4.51,50,46,medium,medium,1,5,52.8,6,1
Network Lab - Packet Analysis #5,lab_experiment,18,16,37.8,57,9.06,15,82,hard,low,7,5,47.1,-3,0
Online Quiz,exam,18,16,74.6,90,8.97,29,28,medium,high,1,5,34.9,-2,0
Mobile App Development (Sem 2),project,33,29,3.6,78,7.93,48,68,easy,critical,9,2,48.2,6,1
DBMS Lab - SQL Queries,lab_experiment,29,27,30.2,87,5.15,47,45,hard,high,4,2,57.3,11,1
Open Source Contribution #3,project,13,10,13.8,79,4.7,16,30,hard,high,7,0,54.8,1,1
Industry Internship Project #4,project,15,10,65.7,80,7.11,11,20,easy,high,2,1,30.1,-1,0
Network Lab - Packet Analysis #2,lab_experiment,22,20,8.2,14,7.27,32,51,hard,high,7,5,74.4,13,1
Final Year Project #5,project,21,19,67.0,51,6.46,50,24,medium,medium,3,6,48.8,6,1
Research Project,project,30,28,2.1,51,5.58,13,96,easy,high,9,2,52.1,9,1
Mobile App Development (Sem 2),project,21,20,59.7,94,4.54,49,38,easy,medium,10,0,36.1,13,1
End-Semester Exam (Sem 6),exam,8,7,38.9,17,6.21,18,38,medium,critical,3,4,73.4,10,1
IoT Based Project (Sem 7),project,9,4,16.2,43,6.84,12,26,medium,medium,4,0,47.6,-1,0
DS Lab - Linked List (Sem 1),lab_experiment,8,5,27.8,19,6.61,30,52,easy,high,3,6,63.2,8,1
OS Lab - Process Scheduling #1,lab_experiment,10,6,44.0,9,6.85,13,95,very_hard,low,1,0,55.5,11,1
Network Lab - Packet Analysis,lab_experiment,2,2,76.1,24,7.67,34,47,medium,critical,9,2,77.6,7,1
Online Quiz #5,exam,22,22,20.5,5,8.83,14,12,medium,low,8,6,50.4,4,1
Surprise Test #4,exam,25,20,9.5,95,5.66,49,80,medium,low,0,3,26.9,-3,0
Compiler Lab - Lexical Analysis (Sem 8),lab_experiment,27,27,51.9,10,8.04,13,53,easy,low,6,6,44.3,11,1
DBMS Assignment,assignment,24,21,55.7,36,8.39,21,50,hard,medium,4,2,47.9,12,1
DS Lab - Linked List (Sem 4),lab_experiment,19,17,14.0,59,8.96,17,39,medium,medium,3,3,34.9,-1,0
AI Lab - Search Algorithms #4,lab_experiment,11,8,24.5,19,5.16,5,55,hard,medium,4,5,65.7,2,1
DBMS Lab - SQL Queries,lab_experiment,17,16,27.3,81,7.58,21,60,very_hard,low,6,0,40.9,13,1
Algorithms Assignment,assignment,15,12,34.7,91,4.67,19,54,hard,medium,1,6,43.7,1,1
Networking Assignment #2,assignment,31,28,57.2,47,9.37,44,11,medium,low,0,4,28.0,0,0
Industry Internship Project #3,project,11,6,77.2,51,9.97,28,99,medium,medium,7,6,55.6,11,1
IoT Based Project (Sem 5),project,8,3,59.6,5,8.02,10,72,easy,low,6,3,56.0,4,1
Research Project #4,project,24,20,79.5,7,5.76,47,64,hard,medium,7,0,65.3,1,1
IOT Lab Experiment (Sem 5),lab_experiment,11,6,60.1,48,8.97,48,44,easy,medium,10,2,47.2,5,1
Mid-Semester Exam #1,exam,5,2,67.3,58,5.9,44,24,easy,critical,0,5,67.8,12,1
OS Assignment (Sem 4),assignment,14,14,12.9,93,6.45,16,14,easy,high,3,6,39.0,-1,0
Research Project,project,26,22,47.0,44,4.32,26,45,easy,critical,6,2,62.8,9,1
Mini Project #2,project,1,1,11.3,84,5.22,13,71,easy,medium,0,4,52.5,1,1
Online Quiz,exam,22,19,66.4,9,9.1,28,60,hard,medium,7,5,63.0,2,1
Research Project (Sem 8),project,4,4,22.4,83,6.31,23,67,very_hard,low,6,0,53.7,11,1
Module Exam (Sem 2),exam,23,20,6.6,30,5.83,33,18,medium,high,10,1,61.3,14,1
Industry Internship Project #5,project,28,26,71.0,74,8.64,43,71,medium,high,10,1,43.5,7,1
Surprise Test #1,exam,23,19,31.8,72,4.49,36,86,easy,critical,8,4,62.2,9,1
AI Lab - Search Algorithms (Sem 3),lab_experiment,22,20,40.9,20,6.45,39,13,medium,medium,2,3,46.9,4,1
DBMS Lab - SQL Queries,lab_experiment,18,15,63.2,22,9.94,23,49,hard,high,6,2,60.9,9,1
Web Dev Assignment,assignment,13,12,35.6,28,4.27,26,69,hard,high,6,2,70.0,4,1
Group Project - Web App (Sem 5),project,13,12,13.9,90,6.41,22,26,medium,high,2,1,34.2,-2,0
Networking Assignment,assignment,5,0,27.4,8,4.98,44,43,very_hard,medium,9,1,99.8,6,1
Algorithms Assignment,assignment,18,13,23.6,30,8.54,15,66,easy,high,2,0,33.5,-2,0
Mini Project,project,13,12,46.4,30,8.61,37,45,very_hard,high,4,4,69.7,2,1
OS Lab - Process Scheduling #1,lab_experiment,30,30,18.7,18,6.48,15,75,hard,medium,0,4,47.9,-1,0
Data Structures Assignment (Sem 2),assignment,22,19,31.9,59,7.57,12,16,hard,low,1,4,32.4,0,0
OS Assignment (Sem 8),assignment,4,0,76.4,71,8.48,14,39,medium,medium,7,3,63.2,11,1
Weekly Test #4,exam,27,27,55.6,49,9.52,22,42,medium,high,4,2,45.4,3,1
ML Model Project #1,project,15,13,24.5,14,4.29,29,25,hard,low,8,6,67.1,11,1
End-Semester Exam,exam,6,1,19.7,69,6.96,32,67,medium,medium,4,1,63.4,10,1
Machine Learning Assignment,assignment,5,4,20.2,13,9.64,13,48,hard,high,1,5,63.7,5,1
Software Engineering Assignment #3,assignment,2,1,49.9,23,6.36,29,73,hard,medium,6,3,86.3,9,1
Mid-Semester Exam #3,exam,30,28,23.5,8,8.47,33,98,medium,low,9,3,47.7,3,1
OS Assignment,assignment,28,26,59.1,65,5.53,19,94,easy,medium,8,3,44.9,-3,0
Industry Internship Project (Sem 5),project,22,22,55.9,100,5.13,43,76,hard,high,1,5,51.3,1,1
Final Year Project (Sem 5),project,29,29,28.3,75,5.34,38,52,easy,high,1,4,41.8,2,1
Surprise Test #4,exam,22,20,17.7,93,6.73,25,85,medium,medium,3,1,29.9,-2,0
Internal Assessment,exam,29,24,40.9,81,8.44,28,92,easy,critical,4,4,46.6,7,1
Mid-Semester Exam (Sem 3),exam,13,8,40.6,7,8.15,14,92,easy,high,8,3,53.0,3,1
ML Model Project,project,24,22,45.1,49,9.09,13,25,medium,low,8,5,41.5,-1,0
Machine Learning Assignment,assignment,23,20,78.8,6,7.38,39,60,hard,high,5,2,70.7,2,1
Group Project - Web App #2,project,21,20,27.3,25,7.03,32,25,medium,high,6,2,59.2,2,1
Group Project - Web App,project,13,12,59.3,82,7.78,32,23,hard,critical,3,2,51.8,9,1
Unit Test (Sem 6),exam,26,24,37.0,88,7.83,5,79,medium,high,1,5,32.9,-2,0
Viva Voce,exam,1,1,79.9,96,7.99,26,98,easy,high,3,2,53.4,4,1
Internal Assessment #2,exam,32,30,49.3,74,8.08,26,94,medium,high,7,4,47.8,7,1
DBMS Assignment,assignment,2,1,21.1,95,5.0,46,31,medium,low,4,3,63.6,12,1
Capstone Project #3,project,17,12,68.2,52,5.36,20,19,medium,low,1,3,35.6,-2,0
Viva Voce #2,exam,28,23,46.2,8,8.06,33,65,easy,critical,0,5,51.7,5,1
Machine Learning Assignment #2,assignment,24,21,54.7,49,6.38,13,60,very_hard,medium,9,2,60.5,12,1
Module Exam (Sem 4),exam,15,15,70.1,26,5.98,26,81,medium,medium,7,3,58.4,11,1
Group Project - Web App #3,project,9,9,20.9,10,9.57,43,27,hard,low,1,1,39.3,-1,0
Final Year Project,project,26,26,71.7,2,8.25,31,76,very_hard,high,0,0,54.7,13,1
IoT Based Project,project,11,6,22.4,83,9.44,42,74,hard,low,7,0,42.6,13,1
IoT Based Project #2,project,26,23,48.2,70,7.65,6,29,easy,high,5,1,35.6,-1,0
ML Model Project (Sem 7),project,7,5,63.3,43,7.28,12,34,medium,medium,5,2,54.6,1,1
OS Assignment,assignment,10,9,25.0,68,8.08,23,55,easy,high,0,3,26.7,0,0
Research Project,project,11,7,2.0,72,5.89,24,90,easy,medium,0,6,41.0,-3,0
Compiler Lab - Lexical Analysis (Sem 3),lab_experiment,8,7,38.5,2,8.22,44,17,easy,low,2,2,42.0,-2,0
Industry Internship Project #2,project,13,12,58.4,18,9.29,10,74,easy,medium,4,3,40.4,13,1
End-Semester Exam,exam,15,11,44.3,92,7.01,50,99,hard,high,3,0,44.6,-2,0
Internal Assessment,exam,5,2,32.4,26,4.66,6,29,medium,medium,1,4,61.4,3,1
DS Lab - Linked List (Sem 3),lab_experiment,16,14,29.1,76,5.38,27,12,hard,high,6,1,58.5,13,1
Unit Test (Sem 5),exam,28,25,33.6,29,4.05,10,19,easy,low,1,2,32.2,-1,0
Unit Test (Sem 8),exam,19,17,36.0,3,4.71,33,37,hard,medium,6,2,68.7,6,1
Software Engineering Assignment (Sem 6),assignment,2,0,65.0,14,7.14,44,66,easy,medium,1,2,63.6,1,1
Software Engineering Assignment,assignment,34,30,38.4,9,4.96,49,77,easy,low,3,2,46.1,3,1
Network Lab - Packet Analysis,lab_experiment,23,18,37.4,80,4.34,10,100,easy,medium,2,6,36.0,-3,0
DS Lab - Linked List,lab_experiment,16,14,75.6,28,8.66,31,28,hard,low,9,4,52.5,3,1
Final Year Project #1,project,8,4,22.8,99,7.43,45,31,very_hard,low,7,4,60.7,4,1
Online Quiz #2,exam,11,10,14.3,61,6.05,38,75,very_hard,medium,4,1,55.6,12,1
IoT Based Project #2,project,18,14,38.1,25,4.75,39,47,hard,medium,4,3,63.9,14,1
Online Quiz (Sem 5),exam,21,20,77.0,49,8.45,35,84,easy,critical,8,4,56.7,12,1
Practical Exam (Sem 2),exam,9,4,10.5,2,6.85,26,71,hard,low,8,4,70.2,3,1
Mobile App Development,project,7,2,18.7,53,5.41,27,38,easy,critical,10,6,82.1,7,1
Unit Test (Sem 8),exam,9,5,2.8,40,5.39,47,86,medium,low,7,0,54.7,13,1
Open Source Contribution,project,11,7,29.0,48,6.6,12,75,medium,high,4,0,53.6,4,1
Practical Exam (Sem 1),exam,6,3,38.4,87,8.14,23,36,medium,medium,7,6,54.9,10,1
Practical Exam,exam,20,18,12.3,60,6.5,48,40,hard,high,5,3,62.8,4,1
Weekly Test (Sem 4),exam,28,27,45.0,64,4.83,41,87,medium,medium,5,6,56.3,6,1
Mid-Semester Exam #3,exam,20,17,52.0,3,8.7,37,16,very_hard,low,6,3,64.1,14,1
AI Lab - Search Algorithms (Sem 4),lab_experiment,5,4,7.9,17,4.04,43,16,medium,medium,4,6,70.9,1,1
Mid-Semester Exam,exam,29,27,40.0,34,9.43,36,89,hard,medium,7,4,56.8,3,1
Open Source Contribution #4,project,14,10,16.3,87,5.78,41,24,hard,medium,4,3,51.7,3,1
Final Year Project (Sem 4),project,13,11,75.9,75,8.38,46,41,medium,medium,2,1,27.6,0,0
Capstone Project #3,project,11,6,58.9,61,7.93,44,37,hard,low,10,2,51.2,6,1
Surprise Test,exam,27,22,44.0,46,7.04,30,30,easy,low,9,3,39.8,0,0
ML Model Project (Sem 5),project,32,27,9.3,83,5.61,33,19,medium,low,6,2,40.7,6,1
IOT Lab Experiment,lab_experiment,24,20,66.3,8,5.35,23,100,hard,high,9,2,73.7,7,1
Practical Exam #5,exam,11,11,1.4,3,4.65,33,98,very_hard,critical,5,1,89.7,1,1
Networking Assignment (Sem 5),assignment,28,28,62.5,40,4.77,41,30,medium,medium,8,5,61.1,5,1
Data Structures Assignment #5,assignment,6,4,3.3,27,4.11,49,94,hard,medium,8,5,79.5,8,1
ML Model Project (Sem 7),project,10,10,45.6,92,4.88,40,65,easy,medium,1,6,33.6,-3,0
Computer Vision Lab (Sem 3),lab_experiment,22,18,42.0,65,4.03,49,45,easy,high,3,3,48.9,0,0
Final Year Project,project,9,5,29.1,94,6.98,40,44,hard,low,9,3,51.2,-1,0
Embedded Systems Lab,lab_experiment,28,26,73.3,15,7.78,45,72,easy,critical,8,1,58.5,1,1
Module Exam (Sem 8),exam,8,4,40.7,26,6.9,40,41,medium,high,4,4,68.8,12,1
Research Project (Sem 5),project,5,0,60.1,20,4.45,21,100,medium,medium,10,3,84.1,2,1
AI Lab - Search Algorithms,lab_experiment,13,9,79.7,79,8.04,16,82,hard,high,3,1,40.8,-2,0
Mini Project,project,11,6,28.4,62,7.11,23,80,easy,medium,2,6,43.9,-3,0
Viva Voce (Sem 6),exam,7,4,54.2,78,4.4,5,43,very_hard,high,10,3,75.9,12,1
Math Assignment (Sem 4),assignment,2,0,3.4,39,6.18,16,57,very_hard,medium,4,3,86.8,1,1
Capstone Project #5,project,20,16,41.2,29,5.49,49,57,medium,low,6,5,59.1,0,0
OS Lab - Process Scheduling (Sem 6),lab_experiment,15,12,29.6,6,7.94,33,61,hard,critical,4,5,76.1,8,1
Networking Assignment,assignment,17,15,35.4,66,6.41,11,25,easy,medium,0,3,23.9,-2,0
Module Exam #4,exam,13,12,71.2,55,4.44,43,80,hard,critical,10,0,70.3,6,1
IOT Lab Experiment,lab_experiment,24,22,7.5,14,4.06,10,32,very_hard,high,10,2,79.2,3,1
Software Engineering Assignment #1,assignment,23,19,18.7,90,4.75,49,32,easy,high,4,4,48.9,12,1
End-Semester Exam #3,exam,26,22,70.6,51,4.27,31,14,medium,medium,1,6,45.9,2,1
AI Lab - Search Algorithms #2,lab_experiment,25,25,15.2,90,5.41,13,11,medium,low,9,2,37.3,-3,0
Group Project - Web App #4,project,22,20,55.4,14,5.73,6,30,easy,low,0,5,37.8,-2,0
AI Lab - Search Algorithms,lab_experiment,26,21,79.5,40,9.36,48,92,medium,medium,3,5,45.8,0,0
Computer Vision Lab,lab_experiment,27,22,14.1,41,8.32,11,20,very_hard,low,6,4,55.9,14,1
Group Project - Web App #4,project,8,8,59.8,82,9.35,7,15,very_hard,medium,8,3,50.3,13,1
Unit Test,exam,22,17,59.2,92,9.99,25,35,hard,critical,0,4,44.1,-3,0
Module Exam,exam,18,13,60.5,75,9.15,31,50,very_hard,medium,6,3,54.1,7,1
DS Lab - Linked List,lab_experiment,31,29,21.2,59,5.25,30,67,medium,medium,5,0,46.2,12,1
Online Quiz,exam,25,22,15.6,40,8.28,9,14,medium,critical,2,6,53.9,9,1
OS Assignment #4,assignment,12,9,48.6,51,5.07,23,78,hard,critical,3,5,73.1,1,1
DBMS Assignment (Sem 2),assignment,24,19,63.4,46,7.76,30,59,easy,high,9,2,44.8,14,1
Internal Assessment #4,exam,12,8,32.1,17,9.39,41,71,medium,high,8,4,60.7,7,1
Machine Learning Assignment #1,assignment,28,28,51.6,10,9.57,19,89,medium,medium,2,6,45.9,0,0
Computer Graphics Assignment #3,assignment,34,30,25.4,50,8.06,28,71,hard,high,3,2,49.8,0,0
Computer Graphics Assignment,assignment,24,20,16.0,49,4.08,30,50,easy,medium,0,5,38.2,-2,0
Algorithms Assignment (Sem 4),assignment,30,27,30.1,82,7.52,32,25,very_hard,high,6,2,57.8,1,1
Mid-Semester Exam (Sem 3),exam,26,26,50.9,24,9.76,11,52,hard,medium,7,4,56.3,3,1
ML Model Project (Sem 1),project,14,14,14.8,12,9.95,45,76,medium,low,2,6,43.1,0,0
Machine Learning Assignment (Sem 8),assignment,8,3,51.3,25,8.59,24,74,very_hard,medium,3,2,70.4,14,1
Machine Learning Assignment #2,assignment,23,20,50.9,26,8.3,44,57,medium,low,5,6,49.2,8,1
IoT Based Project (Sem 1),project,16,14,23.0,12,5.71,16,39,hard,medium,1,4,57.2,12,1
Math Assignment,assignment,27,24,50.0,26,7.97,10,92,medium,critical,0,4,48.8,0,0
End-Semester Exam #5,exam,7,3,49.1,76,4.03,26,28,very_hard,high,8,5,89.4,2,1
Module Exam,exam,3,0,47.4,90,8.98,16,51,hard,critical,1,2,67.6,7,1
Module Exam (Sem 3),exam,16,12,63.6,30,4.45,35,69,hard,medium,3,0,53.5,12,1
Mini Project,project,17,13,19.9,32,4.96,49,24,very_hard,high,6,6,85.5,11,1
Data Structures Assignment (Sem 8),assignment,14,9,47.2,77,7.88,27,41,easy,low,2,6,23.3,-3,0
Embedded Systems Lab,lab_experiment,28,25,25.5,79,9.57,47,81,medium,critical,7,6,58.9,8,1
DBMS Lab - SQL Queries (Sem 8),lab_experiment,20,17,43.5,8,4.45,18,33,hard,high,10,2,73.2,11,1
DBMS Lab - SQL Queries,lab_experiment,13,13,64.6,16,6.31,23,12,medium,high,2,5,57.1,7,1
DBMS Assignment #4,assignment,33,29,69.0,82,7.27,36,27,medium,medium,8,0,37.2,0,0
Internal Assessment,exam,21,20,17.5,86,6.03,12,39,hard,medium,5,0,41.0,-2,0
Industry Internship Project,project,12,10,68.0,13,8.57,50,73,medium,critical,0,6,57.4,5,1
Viva Voce #3,exam,12,12,63.1,7,9.36,35,68,very_hard,high,3,1,65.1,1,1
Mobile App Development #3,project,30,29,8.3,48,4.57,34,20,medium,low,2,6,44.8,13,1
Module Exam #4,exam,14,14,4.2,4,8.72,9,22,very_hard,medium,9,6,70.1,2,1
ML Model Project (Sem 8),project,13,13,76.4,90,8.72,40,66,hard,low,10,6,43.0,0,0
OS Assignment #1,assignment,14,11,66.0,24,4.45,24,92,medium,low,1,6,45.6,14,1
Mini Project #1,project,14,10,15.8,44,9.28,33,68,hard,medium,8,4,54.5,8,1
Module Exam,exam,24,23,58.3,20,8.32,23,87,medium,medium,8,3,49.3,1,1
AI Lab - Search Algorithms #4,lab_experiment,25,20,22.3,64,5.7,50,65,hard,high,10,6,71.2,7,1
Embedded Systems Lab,lab_experiment,14,11,59.1,2,8.89,15,67,medium,critical,1,5,59.1,2,1
IOT Lab Experiment #5,lab_experiment,4,3,74.6,49,7.01,45,81,easy,critical,9,4,77.7,1,1
Web Dev Assignment #5,assignment,16,13,27.2,20,4.22,33,100,easy,high,2,6,57.3,1,1
Networking Assignment #2,assignment,4,3,26.3,72,6.55,11,36,medium,medium,5,6,61.7,11,1
Embedded Systems Lab (Sem 2),lab_experiment,24,24,47.1,62,8.87,32,70,medium,medium,1,6,33.8,-1,0
Mini Project,project,26,22,20.2,60,4.36,7,87,easy,low,5,1,35.7,0,0
IoT Based Project,project,19,17,79.9,50,4.63,47,36,hard,high,8,1,65.7,10,1
Capstone Project (Sem 6),project,29,26,15.7,77,7.23,27,42,easy,high,4,4,44.3,12,1
Machine Learning Assignment #5,assignment,5,5,29.8,19,9.54,20,77,hard,medium,10,6,68.2,2,1
End-Semester Exam (Sem 5),exam,16,12,36.3,44,8.6,31,21,easy,low,6,3,35.3,0,0
Math Assignment #3,assignment,10,10,21.6,85,9.97,33,59,medium,medium,5,6,41.3,0,0
Math Assignment,assignment,17,12,23.4,61,5.83,20,10,hard,high,7,6,68.8,7,1
Mini Project,project,8,6,9.4,82,9.44,50,75,easy,high,2,2,38.6,-1,0
Module Exam (Sem 6),exam,28,27,70.3,58,4.67,9,40,easy,low,7,3,40.3,0,0
DS Lab - Linked List,lab_experiment,9,7,16.7,58,6.11,13,38,medium,high,9,2,58.7,1,1
Digital Electronics Lab (Sem 8),lab_experiment,31,28,41.3,8,7.95,47,56,medium,medium,8,2,52.1,3,1
Digital Electronics Lab #4,lab_experiment,23,20,2.7,74,7.05,31,40,medium,critical,7,4,61.3,5,1
DS Lab - Linked List (Sem 6),lab_experiment,20,18,58.5,35,4.89,19,19,medium,high,0,4,49.9,-3,0
Research Project (Sem 6),project,2,1,59.0,91,6.94,35,74,easy,medium,2,1,48.3,11,1
ML Model Project #5,project,24,19,8.1,40,6.9,37,43,hard,low,6,3,53.7,3,1
OS Lab - Process Scheduling,lab_experiment,12,12,32.8,51,4.22,35,53,hard,medium,5,2,59.3,13,1
Compiler Lab - Lexical Analysis (Sem 4),lab_experiment,31,26,40.4,71,4.15,25,41,easy,critical,10,4,61.3,11,1
Software Engineering Assignment #5,assignment,34,29,44.3,19,5.26,34,46,medium,high,9,4,69.6,4,1
Math Assignment,assignment,3,0,16.0,68,6.63,33,94,medium,medium,9,1,66.7,2,1
Software Engineering Assignment #5,assignment,11,10,70.2,83,9.88,28,90,medium,medium,4,0,28.2,-1,0
ML Model Project (Sem 1),project,15,12,16.3,55,8.3,38,90,hard,high,9,6,61.8,4,1
Internal Assessment,exam,11,7,35.9,70,6.7,29,42,medium,critical,10,4,69.9,1,1
OS Lab - Process Scheduling,lab_experiment,7,7,76.2,36,4.07,8,69,hard,critical,6,2,82.6,9,1
Algorithms Assignment #5,assignment,16,11,7.3,0,8.29,35,45,hard,high,3,6,66.5,9,1
IOT Lab Experiment (Sem 8),lab_experiment,14,11,55.0,64,5.56,8,66,hard,medium,0,0,35.0,-1,0
Compiler Lab - Lexical Analysis (Sem 8),lab_experiment,16,12,30.5,89,9.47,25,39,hard,medium,1,0,24.7,0,0
Viva Voce,exam,31,26,14.6,2,7.31,21,13,very_hard,low,4,0,58.7,9,1
ML Model Project,project,31,29,47.4,54,4.16,18,98,hard,high,9,3,66.0,13,1
AI Lab - Search Algorithms #5,lab_experiment,13,9,14.1,78,5.74,33,24,easy,high,4,1,43.7,13,1
Capstone Project,project,15,15,53.3,3,7.06,40,100,medium,medium,10,0,53.4,-2,0
OS Assignment #3,assignment,26,26,6.5,38,4.08,26,27,hard,high,0,1,51.0,-3,0
Software Engineering Assignment #3,assignment,22,22,40.3,31,8.76,47,35,medium,low,9,2,42.5,12,1
Online Quiz (Sem 3),exam,16,12,7.6,88,4.59,6,47,easy,medium,1,3,27.0,-1,0
Software Engineering Assignment,assignment,16,11,67.1,93,4.51,23,98,easy,high,8,6,50.7,5,1
Internal Assessment,exam,11,6,45.2,40,6.24,33,20,hard,high,4,1,66.3,7,1
Practical Exam,exam,7,4,75.8,24,6.74,12,77,easy,low,0,5,39.4,14,1
Network Lab - Packet Analysis #4,lab_experiment,8,4,52.4,99,5.02,30,46,very_hard,low,10,0,56.2,3,1
AI Lab - Search Algorithms (Sem 1),lab_experiment,12,8,56.3,48,7.04,32,96,medium,medium,1,5,41.6,-2,0
Network Lab - Packet Analysis,lab_experiment,5,1,61.6,18,6.11,27,81,hard,low,8,2,80.1,13,1
Math Assignment #5,assignment,23,23,46.7,74,8.33,16,19,very_hard,low,4,4,46.8,-1,0
Mobile App Development #3,project,28,27,7.3,34,4.59,8,74,hard,critical,7,4,79.0,4,1
Online Quiz #1,exam,7,5,20.2,87,8.06,14,48,very_hard,critical,6,4,75.0,1,1
Web Dev Assignment (Sem 4),assignment,18,14,38.1,1,4.23,22,98,easy,critical,3,1,63.0,2,1
IoT Based Project,project,14,9,32.9,47,5.66,5,73,medium,high,2,1,46.1,-3,0
Practical Exam,exam,30,30,5.2,23,6.13,23,47,medium,medium,1,1,37.7,-2,0
Industry Internship Project #4,project,31,26,53.8,30,5.03,39,57,medium,medium,2,3,49.9,14,1
Math Assignment,assignment,17,12,20.1,37,5.32,30,61,very_hard,low,2,5,61.6,3,1
ML Model Project,project,23,19,39.1,3,6.4,11,54,easy,medium,3,6,49.5,12,1
Machine Learning Assignment #3,assignment,20,18,61.0,47,6.7,11,73,medium,medium,4,6,48.7,3,1
OS Lab - Process Scheduling #4,lab_experiment,27,26,3.6,19,4.88,7,68,easy,medium,2,0,37.9,-2,0
Group Project - Web App,project,15,15,66.7,66,8.77,26,22,hard,medium,1,1,31.4,-3,0
Networking Assignment #1,assignment,10,6,16.0,48,4.71,20,82,hard,medium,0,1,49.4,-2,0
IOT Lab Experiment #4,lab_experiment,9,8,50.2,80,8.75,16,10,hard,high,2,1,37.6,0,0
Web Dev Assignment #1,assignment,13,9,1.5,9,9.68,44,85,medium,high,4,0,51.6,0,0
Final Year Project (Sem 6),project,1,1,76.0,97,8.37,19,77,medium,low,6,4,55.5,2,1
End-Semester Exam (Sem 3),exam,24,21,3.0,31,8.57,43,23,medium,high,3,0,44.1,-2,0
DS Lab - Linked List,lab_experiment,20,19,41.2,60,7.2,10,33,hard,critical,6,2,65.0,12,1
Group Project - Web App,project,19,18,55.1,23,9.49,17,64,very_hard,high,2,4,63.1,8,1
Online Quiz #5,exam,20,15,6.7,36,7.88,21,87,medium,high,9,5,56.9,3,1
IOT Lab Experiment,lab_experiment,19,15,68.3,31,5.58,19,36,medium,critical,0,2,54.7,9,1
Web Dev Assignment,assignment,24,23,73.4,64,8.59,40,37,medium,high,0,5,38.2,-1,0
Compiler Lab - Lexical Analysis #4,lab_experiment,10,9,62.6,23,4.72,32,100,hard,high,7,4,75.6,4,1
Industry Internship Project (Sem 7),project,24,20,53.4,19,7.29,6,12,very_hard,medium,2,2,56.8,10,1
Research Project (Sem 5),project,8,5,73.9,88,5.7,27,18,hard,high,6,5,72.1,8,1
Online Quiz #5,exam,7,6,20.7,10,7.57,48,41,medium,high,2,6,63.8,11,1
Online Quiz (Sem 1),exam,35,30,16.2,31,8.69,13,80,very_hard,critical,0,5,65.1,2,1
Practical Exam #1,exam,16,11,77.8,2,9.06,50,77,medium,medium,2,0,40.6,-1,0
Online Quiz #3,exam,23,19,77.4,90,9.19,42,14,hard,medium,2,3,35.2,-2,0
Algorithms Assignment #2,assignment,3,2,6.2,46,6.0,31,47,medium,high,7,5,75.9,8,1
OS Lab - Process Scheduling #1,lab_experiment,5,0,41.7,33,6.13,44,55,medium,medium,2,1,65.8,2,1
Module Exam (Sem 4),exam,5,4,24.7,20,7.3,42,66,medium,medium,6,0,58.2,7,1
OS Assignment (Sem 8),assignment,14,9,58.3,1,7.69,39,55,medium,high,1,2,47.7,0,0
Online Quiz #1,exam,5,5,61.3,98,8.79,38,87,medium,critical,2,5,53.2,7,1
Capstone Project #4,project,11,7,41.0,24,9.12,7,51,medium,medium,3,1,44.9,0,0
Module Exam #5,exam,17,13,43.2,44,4.08,45,78,medium,medium,0,1,37.7,-3,0
Capstone Project (Sem 6),project,8,4,5.2,58,8.49,36,40,medium,medium,4,1,44.0,-3,0
Module Exam (Sem 7),exam,5,3,3.5,24,4.02,10,90,medium,low,2,4,60.2,4,1
Industry Internship Project,project,7,4,77.4,92,9.3,19,68,hard,critical,5,5,68.5,9,1
Viva Voce,exam,15,14,27.6,64,5.51,22,98,easy,high,2,6,47.4,9,1
Digital Electronics Lab,lab_experiment,33,30,73.9,93,8.14,21,16,medium,high,6,3,41.5,-2,0
Final Year Project (Sem 4),project,17,12,44.9,92,6.49,34,22,easy,low,3,4,27.0,-2,0
OS Lab - Process Scheduling #2,lab_experiment,31,29,2.8,82,6.18,35,17,easy,medium,6,0,32.1,0,0
DBMS Assignment #5,assignment,17,17,13.7,94,9.24,10,61,easy,critical,9,0,37.2,-3,0
Embedded Systems Lab,lab_experiment,11,7,45.5,8,6.17,39,35,very_hard,medium,7,0,75.3,13,1
Networking Assignment,assignment,20,18,69.5,77,4.88,36,43,medium,low,2,0,29.2,-2,0
Open Source Contribution #5,project,26,26,28.7,100,4.55,22,12,medium,low,4,6,39.2,0,0
OS Assignment #2,assignment,6,3,19.1,73,5.98,14,49,hard,critical,4,6,85.8,10,1
IOT Lab Experiment,lab_experiment,24,23,7.2,69,6.22,27,65,easy,critical,9,0,48.9,8,1
IoT Based Project,project,17,14,35.7,68,4.84,11,64,medium,medium,6,2,46.5,8,1
DBMS Assignment,assignment,27,24,44.2,32,6.85,22,35,medium,high,4,6,59.8,12,1
Open Source Contribution #1,project,29,24,54.2,29,6.02,22,20,medium,low,3,5,45.4,9,1
Group Project - Web App,project,12,11,79.2,76,7.86,15,82,easy,medium,9,3,32.3,-1,0
DBMS Assignment,assignment,18,18,58.7,80,6.58,46,42,hard,high,3,3,52.6,5,1
DBMS Assignment,assignment,30,26,67.9,90,4.19,8,38,very_hard,medium,2,2,47.8,14,1
Practical Exam (Sem 7),exam,22,17,66.2,31,5.26,10,60,medium,medium,3,4,51.8,7,1
Capstone Project (Sem 8),project,20,17,57.6,69,8.23,29,67,easy,critical,7,0,44.1,12,1
Network Lab - Packet Analysis,lab_experiment,25,24,75.7,91,6.47,35,32,easy,high,7,1,39.3,-2,0
DS Lab - Linked List #2,lab_experiment,15,10,58.9,67,4.7,40,19,hard,medium,7,3,58.6,5,1
Weekly Test,exam,27,23,4.0,53,7.65,9,13,hard,medium,0,4,35.3,-2,0
Practical Exam #1,exam,22,19,43.0,82,8.42,38,83,medium,high,6,6,49.4,-2,0
Network Lab - Packet Analysis,lab_experiment,24,23,32.9,55,6.62,27,37,hard,medium,9,2,52.7,-3,0
ML Model Project,project,25,25,69.9,45,4.71,32,10,medium,medium,9,5,59.2,9,1
IoT Based Project,project,22,18,70.8,55,6.52,24,21,hard,medium,7,5,58.4,7,1
Online Quiz (Sem 4),exam,32,30,37.2,8,9.49,10,46,medium,low,1,6,37.4,-1,0
Data Structures Assignment (Sem 1),assignment,11,10,46.3,2,5.7,8,44,hard,medium,8,0,62.4,13,1
Mobile App Development #5,project,5,1,61.8,90,6.82,45,14,easy,medium,8,3,62.5,12,1
DS Lab - Linked List (Sem 8),lab_experiment,4,4,33.0,68,4.16,30,84,medium,critical,2,4,66.4,1,1
Software Engineering Assignment (Sem 4),assignment,24,20,66.1,39,4.93,14,41,hard,medium,9,0,55.6,7,1
Digital Electronics Lab,lab_experiment,11,10,38.8,64,5.19,45,41,very_hard,medium,8,6,71.7,11,1
Mobile App Development #5,project,26,25,25.8,42,5.85,25,93,hard,medium,9,4,64.1,3,1
Internal Assessment #2,exam,15,10,71.3,47,7.33,21,13,hard,medium,5,4,57.7,12,1
Module Exam #2,exam,12,12,27.2,47,7.98,17,66,hard,low,9,0,39.3,-1,0
Mid-Semester Exam #4,exam,7,4,40.8,47,5.74,22,28,hard,medium,8,4,70.8,6,1
Unit Test,exam,13,9,33.6,58,4.97,42,59,easy,high,2,1,42.6,-3,0
Mid-Semester Exam,exam,10,10,25.7,44,7.14,48,55,hard,medium,10,4,61.0,12,1
Open Source Contribution,project,6,2,5.6,26,9.08,27,82,easy,high,5,3,65.5,4,1
Online Quiz,exam,21,21,65.3,77,8.14,20,54,very_hard,high,10,2,57.6,12,1
Computer Vision Lab (Sem 8),lab_experiment,18,14,15.1,51,7.33,20,20,medium,medium,0,2,30.8,-2,0
Surprise Test #2,exam,18,16,72.8,84,8.93,21,88,easy,critical,0,3,31.3,-3,0
Network Lab - Packet Analysis (Sem 7),lab_experiment,21,17,17.5,14,8.16,24,51,medium,medium,5,1,46.6,14,1
Compiler Lab - Lexical Analysis #1,lab_experiment,26,23,58.3,42,5.35,5,21,hard,low,4,5,56.1,5,1
Algorithms Assignment (Sem 8),assignment,11,11,29.5,91,5.88,31,59,easy,medium,2,2,29.9,-2,0
DBMS Assignment #1,assignment,10,6,69.3,38,9.32,31,67,hard,medium,8,5,65.5,4,1
OS Assignment (Sem 4),assignment,29,25,23.2,35,4.35,49,89,easy,low,10,2,46.9,-3,0
Network Lab - Packet Analysis (Sem 6),lab_experiment,6,1,33.1,67,7.34,35,27,easy,high,5,5,77.1,4,1
Networking Assignment #2,assignment,22,18,20.3,65,8.03,11,59,medium,low,6,6,38.1,-3,0
Machine Learning Assignment (Sem 5),assignment,27,22,16.2,19,7.3,48,37,easy,medium,7,5,56.0,-1,0
Viva Voce (Sem 7),exam,9,7,43.3,47,5.5,8,100,easy,high,7,4,64.4,9,1
Industry Internship Project,project,4,3,1.2,32,5.7,23,24,very_hard,medium,8,5,90.9,7,1
Software Engineering Assignment #2,assignment,12,12,58.7,33,5.53,49,77,hard,medium,9,1,62.3,8,1
OS Lab - Process Scheduling (Sem 4),lab_experiment,34,29,9.0,42,8.31,34,23,medium,critical,9,2,59.0,4,1
Machine Learning Assignment (Sem 7),assignment,16,13,24.6,69,7.92,33,52,medium,high,1,4,37.5,0,0
Viva Voce #1,exam,15,15,57.1,19,5.76,40,54,easy,medium,1,6,48.2,4,1
Math Assignment #5,assignment,7,3,52.8,4,4.69,47,57,easy,medium,4,0,65.9,3,1
DBMS Lab - SQL Queries (Sem 1),lab_experiment,27,26,20.6,82,6.91,47,97,hard,medium,7,6,55.3,5,1
Capstone Project (Sem 7),project,0,0,4.8,99,4.75,29,60,very_hard,low,10,6,83.1,13,1
Capstone Project,project,34,30,4.9,90,5.71,22,25,medium,critical,0,6,49.2,13,1
Research Project #5,project,8,6,27.0,44,6.39,19,47,hard,low,2,3,50.1,8,1
AI Lab - Search Algorithms (Sem 5),lab_experiment,8,7,70.9,24,6.41,22,75,very_hard,critical,0,0,70.4,14,1
Computer Graphics Assignment (Sem 4),assignment,20,15,33.2,84,7.9,45,94,hard,medium,3,1,35.7,-2,0
Software Engineering Assignment (Sem 4),assignment,21,19,53.1,35,4.63,20,43,hard,medium,5,5,67.0,12,1
Mid-Semester Exam #1,exam,6,6,54.5,62,7.98,46,90,medium,high,0,1,39.2,-2,0
Data Structures Assignment,assignment,20,15,53.1,55,5.97,28,14,hard,critical,6,6,78.8,3,1
OS Lab - Process Scheduling (Sem 7),lab_experiment,23,19,27.5,91,6.08,38,15,very_hard,low,9,6,55.6,10,1
DBMS Assignment (Sem 3),assignment,27,27,13.7,29,5.03,30,45,hard,low,1,3,48.2,7,1
Digital Electronics Lab #5,lab_experiment,23,18,55.1,90,4.37,39,21,hard,high,5,2,58.9,1,1
Open Source Contribution (Sem 2),project,12,7,4.8,41,7.08,28,12,hard,low,7,3,60.6,12,1
OS Lab - Process Scheduling #5,lab_experiment,8,5,72.9,69,9.53,44,11,hard,medium,5,6,60.6,3,1
Surprise Test,exam,6,1,42.8,73,9.96,24,65,hard,low,4,6,66.8,4,1
End-Semester Exam (Sem 5),exam,34,30,48.9,18,9.7,27,47,hard,critical,5,6,76.1,3,1
DBMS Lab - SQL Queries,lab_experiment,9,4,59.7,38,4.19,40,68,hard,critical,7,1,83.4,7,1
IOT Lab Experiment,lab_experiment,6,4,60.4,48,6.31,42,61,medium,high,1,6,57.6,4,1
Mini Project #4,project,28,24,57.1,43,5.53,45,35,medium,high,8,3,63.9,13,1
Unit Test,exam,23,18,61.5,2,5.75,10,20,hard,medium,1,1,52.6,13,1
Math Assignment,assignment,6,3,50.9,73,9.19,13,51,hard,critical,6,3,74.7,11,1
End-Semester Exam #5,exam,8,4,22.7,100,9.7,40,14,medium,high,10,6,54.0,1,1
Open Source Contribution (Sem 1),project,23,20,65.7,76,9.22,22,40,very_hard,high,5,4,62.0,14,1
Industry Internship Project (Sem 3),project,27,26,12.9,38,6.82,9,21,very_hard,medium,10,6,68.3,14,1
Capstone Project (Sem 1),project,21,21,37.2,75,8.85,39,35,medium,medium,8,0,33.9,-3,0
Mobile App Development,project,17,17,69.2,35,4.73,16,98,very_hard,high,10,6,81.6,7,1
Compiler Lab - Lexical Analysis (Sem 8),lab_experiment,4,4,12.3,42,7.69,32,11,hard,high,9,4,69.8,9,1
Math Assignment #2,assignment,6,4,58.1,60,9.27,23,24,hard,low,9,0,45.3,6,1
AI Lab - Search Algorithms (Sem 2),lab_experiment,6,2,63.8,57,7.16,26,81,easy,high,3,2,56.2,11,1
Research Project #2,project,3,3,1.8,60,9.11,17,25,hard,medium,4,5,63.7,3,1
End-Semester Exam (Sem 2),exam,27,27,4.5,76,8.53,5,56,medium,critical,0,6,40.3,11,1
Mini Project (Sem 3),project,20,19,72.6,99,7.27,18,27,easy,high,8,1,36.0,0,0
Online Quiz,exam,3,0,5.2,26,4.44,44,72,easy,medium,7,3,80.2,3,1
IOT Lab Experiment #5,lab_experiment,14,11,32.6,89,6.73,20,67,easy,low,5,2,28.2,0,0
AI Lab - Search Algorithms (Sem 2),lab_experiment,19,19,29.5,90,7.71,5,81,hard,medium,10,4,42.5,0,0
Math Assignment,assignment,10,10,60.1,30,5.94,41,30,very_hard,low,6,3,69.1,8,1
Open Source Contribution #3,project,15,10,73.6,100,5.76,45,59,hard,high,3,2,51.5,5,1
Research Project (Sem 8),project,18,15,68.9,98,7.12,35,10,medium,low,1,0,16.9,-3,0
AI Lab - Search Algorithms,lab_experiment,21,18,34.2,27,4.57,12,74,hard,medium,8,1,59.8,2,1
ML Model Project,project,5,1,76.3,75,7.23,48,96,medium,high,7,1,73.8,9,1
Computer Graphics Assignment #5,assignment,33,29,55.1,99,8.42,6,22,very_hard,medium,5,1,42.8,-3,0
Module Exam #3,exam,21,18,65.4,90,5.14,35,25,very_hard,medium,7,4,63.5,13,1
Computer Graphics Assignment,assignment,27,22,12.1,46,4.22,41,25,easy,high,10,5,61.9,1,1
DS Lab - Linked List (Sem 3),lab_experiment,30,26,6.4,72,6.57,20,37,very_hard,low,0,0,32.6,0,0
DBMS Lab - SQL Queries (Sem 5),lab_experiment,3,1,41.9,91,8.11,42,23,hard,high,6,1,72.0,10,1
Digital Electronics Lab,lab_experiment,12,12,21.3,68,7.78,41,24,easy,low,5,5,35.5,-2,0
DBMS Lab - SQL Queries #1,lab_experiment,34,30,10.7,50,4.63,30,54,medium,critical,9,2,67.0,12,1
Computer Vision Lab #2,lab_experiment,18,17,28.0,13,6.45,42,38,hard,critical,3,6,77.6,11,1
Mini Project #3,project,8,5,78.9,82,7.89,47,71,easy,low,5,3,37.3,-2,0
Mobile App Development (Sem 8),project,27,27,31.5,58,8.7,28,75,easy,medium,2,6,32.2,-1,0
DBMS Assignment,assignment,33,29,61.8,22,5.14,34,16,easy,medium,6,4,57.0,11,1
Computer Graphics Assignment #1,assignment,8,5,27.9,84,7.84,11,98,medium,medium,2,5,38.3,-1,0
Computer Vision Lab #3,lab_experiment,18,13,43.8,32,8.24,7,61,hard,high,5,5,63.3,9,1
Mini Project,project,14,10,65.6,87,4.7,44,18,hard,high,10,1,58.0,5,1
Embedded Systems Lab (Sem 6),lab_experiment,35,30,44.9,5,9.16,31,30,easy,medium,2,0,33.1,-3,0
OS Lab - Process Scheduling,lab_experiment,23,22,62.8,11,4.33,32,88,hard,critical,1,6,76.0,8,1
Software Engineering Assignment #3,assignment,9,9,8.4,22,9.82,26,19,medium,high,8,5,60.2,5,1
Web Dev Assignment (Sem 1),assignment,6,5,39.1,69,5.34,11,25,medium,medium,3,2,48.3,12,1
Computer Vision Lab,lab_experiment,18,18,79.2,20,9.09,8,13,medium,high,10,0,48.8,3,1
Machine Learning Assignment #4,assignment,21,20,38.8,22,4.13,24,51,medium,medium,6,1,55.0,10,1
Algorithms Assignment,assignment,24,21,45.0,3,6.74,38,57,easy,medium,3,1,44.2,12,1
Software Engineering Assignment #1,assignment,26,26,72.9,77,4.99,34,23,easy,high,10,2,49.0,13,1
Mid-Semester Exam #2,exam,12,11,9.4,47,7.41,24,88,medium,high,10,3,56.0,5,1
Computer Vision Lab,lab_experiment,28,25,6.6,46,6.02,43,31,medium,critical,0,4,53.1,4,1
Practical Exam (Sem 3),exam,8,3,50.1,41,9.09,45,70,easy,medium,6,1,53.3,7,1
IOT Lab Experiment,lab_experiment,14,10,25.9,73,6.5,26,13,easy,high,8,1,42.0,-1,0
Weekly Test #1,exam,17,14,72.4,17,7.15,40,36,hard,critical,3,1,68.6,5,1
Mobile App Development #1,project,9,7,18.5,28,5.43,6,62,medium,medium,10,2,62.0,5,1
Online Quiz,exam,16,14,48.9,78,8.03,25,50,easy,critical,8,0,41.9,0,0
Web Dev Assignment (Sem 7),assignment,12,11,15.3,56,7.84,42,24,easy,high,10,4,48.0,7,1
Surprise Test (Sem 5),exam,17,12,26.7,84,7.08,24,87,easy,high,7,2,41.6,-1,0
Final Year Project (Sem 1),project,28,24,53.7,93,4.95,22,91,medium,medium,10,0,38.6,-2,0
Module Exam,exam,11,11,79.3,15,4.86,42,51,very_hard,low,7,4,74.2,12,1
Practical Exam #5,exam,9,6,4.5,36,9.19,7,54,easy,critical,5,4,64.5,7,1
DS Lab - Linked List,lab_experiment,33,30,75.8,15,6.99,35,19,medium,high,7,4,65.5,1,1
Final Year Project,project,15,11,9.6,23,7.79,35,16,medium,critical,9,5,68.9,11,1
Network Lab - Packet Analysis,lab_experiment,25,23,13.3,81,8.7,49,36,very_hard,medium,2,3,45.7,2,1
Weekly Test #4,exam,24,19,19.9,13,8.15,47,31,easy,medium,5,6,52.1,12,1
Digital Electronics Lab,lab_experiment,15,14,10.6,53,8.47,40,22,hard,low,0,5,35.4,-1,0
Group Project - Web App,project,22,21,40.3,6,4.18,16,25,hard,low,10,6,67.4,6,1
Computer Graphics Assignment #5,assignment,24,23,34.8,96,5.88,40,14,very_hard,critical,8,2,73.8,1,1
Digital Electronics Lab,lab_experiment,16,13,71.7,9,6.74,25,36,hard,medium,8,1,59.7,6,1
DBMS Lab - SQL Queries (Sem 2),lab_experiment,20,20,63.7,33,8.15,34,23,medium,medium,3,5,45.8,-3,0
OS Assignment #1,assignment,11,8,3.7,40,5.74,47,87,hard,medium,6,3,64.7,1,1
Research Project #1,project,11,8,67.3,37,9.15,35,87,hard,medium,6,0,48.1,-1,0
ML Model Project #2,project,31,30,29.3,21,8.58,37,45,hard,low,10,6,56.5,2,1
Internal Assessment (Sem 2),exam,7,5,20.3,87,9.6,10,23,medium,low,9,5,41.6,-1,0
Open Source Contribution (Sem 5),project,21,21,55.6,97,8.99,44,87,medium,medium,3,6,34.0,-3,0
Module Exam (Sem 8),exam,4,4,27.6,5,8.57,42,91,medium,medium,0,0,41.2,-3,0
Open Source Contribution (Sem 2),project,32,29,21.1,49,8.42,21,82,easy,low,7,1,29.3,-1,0
Online Quiz,exam,26,21,77.6,74,5.51,23,57,very_hard,low,1,4,48.5,9,1
Module Exam (Sem 8),exam,27,22,78.9,85,4.25,35,18,hard,medium,0,5,43.5,-2,0
Math Assignment,assignment,11,6,47.4,32,9.34,35,61,medium,medium,5,3,56.1,7,1
DBMS Lab - SQL Queries,lab_experiment,3,0,43.4,1,9.58,50,63,hard,medium,3,4,83.8,14,1
Group Project - Web App #3,project,28,25,68.5,89,4.56,6,26,hard,medium,7,3,50.8,12,1
Algorithms Assignment (Sem 3),assignment,18,18,64.0,24,8.72,39,22,hard,high,3,3,58.1,3,1
Machine Learning Assignment,assignment,6,5,72.5,83,4.61,8,77,very_hard,low,4,2,58.2,1,1
OS Lab - Process Scheduling (Sem 5),lab_experiment,8,5,61.1,85,4.49,37,46,medium,medium,2,3,46.7,13,1
Mini Project #3,project,12,9,54.8,31,5.39,36,26,medium,medium,1,1,42.4,-1,0
Industry Internship Project,project,24,22,76.1,77,9.36,30,24,medium,low,10,3,33.6,0,0
Math Assignment (Sem 4),assignment,19,18,58.0,26,5.32,5,12,hard,critical,8,4,80.3,4,1
Mini Project #3,project,10,9,59.5,16,7.31,11,92,hard,low,4,3,52.9,14,1
Computer Vision Lab,lab_experiment,3,3,70.2,16,5.07,39,69,easy,high,6,2,76.7,9,1
Open Source Contribution,project,23,20,19.0,23,4.19,16,55,medium,medium,9,3,58.0,6,1
Mid-Semester Exam (Sem 8),exam,15,13,54.8,97,6.5,36,45,easy,medium,8,0,29.2,-3,0
AI Lab - Search Algorithms,lab_experiment,23,19,65.0,43,6.21,17,77,hard,high,10,6,67.1,11,1
IoT Based Project (Sem 1),project,20,18,33.3,10,9.2,40,78,easy,high,9,1,51.0,10,1
Internal Assessment (Sem 4),exam,28,23,38.7,10,5.4,21,48,medium,low,10,6,60.1,10,1
Embedded Systems Lab,lab_experiment,15,11,21.7,55,5.83,35,55,easy,medium,2,6,43.5,13,1
Networking Assignment (Sem 8),assignment,12,12,12.4,39,4.7,26,92,medium,high,1,5,54.8,10,1
Software Engineering Assignment,assignment,4,3,6.1,19,7.2,46,38,very_hard,critical,0,5,90.8,10,1
Software Engineering Assignment (Sem 3),assignment,10,10,12.1,81,5.62,46,88,easy,low,10,0,33.4,-3,0
Data Structures Assignment,assignment,25,24,30.4,24,4.44,11,29,very_hard,high,4,3,76.3,12,1
IOT Lab Experiment,lab_experiment,27,22,75.7,13,8.72,37,55,easy,critical,5,5,66.1,1,1
Internal Assessment #1,exam,14,12,41.5,46,6.17,6,32,hard,medium,6,0,48.4,5,1
OS Assignment #1,assignment,31,26,20.9,71,6.57,8,16,medium,high,1,1,33.6,0,0
ML Model Project (Sem 8),project,24,22,25.0,86,9.98,35,59,hard,low,2,2,28.3,-1,0
Practical Exam (Sem 8),exam,26,21,66.0,34,7.14,9,94,hard,high,4,6,65.1,2,1
Weekly Test (Sem 2),exam,28,27,47.7,22,6.54,22,72,hard,medium,7,0,54.8,2,1
Data Structures Assignment,assignment,32,28,15.1,82,4.62,8,44,very_hard,high,9,3,67.4,10,1
IOT Lab Experiment #1,lab_experiment,19,18,21.3,14,9.3,28,28,medium,low,5,5,50.0,3,1
Final Year Project (Sem 5),project,17,13,31.1,30,7.96,36,35,hard,high,6,1,58.6,4,1
DBMS Lab - SQL Queries #4,lab_experiment,29,29,47.1,42,5.5,13,81,hard,critical,4,0,66.9,10,1
Computer Vision Lab,lab_experiment,11,11,17.6,24,6.53,31,45,easy,critical,1,3,52.3,3,1
OS Lab - Process Scheduling #5,lab_experiment,4,1,41.4,81,8.98,46,59,medium,low,10,0,53.4,9,1
Research Project #5,project,26,25,46.7,74,8.29,29,35,hard,high,6,3,53.1,8,1
Computer Vision Lab (Sem 4),lab_experiment,30,29,51.6,15,4.74,31,74,hard,medium,1,6,60.1,8,1
Internal Assessment #1,exam,6,2,48.1,92,4.42,7,62,medium,high,7,5,69.3,14,1
Practical Exam (Sem 1),exam,29,25,38.2,10,9.33,23,88,easy,medium,5,2,44.3,-2,0
Computer Graphics Assignment #3,assignment,6,1,12.6,70,4.57,16,85,hard,high,8,2,85.6,9,1
Data Structures Assignment #1,assignment,17,17,76.7,56,5.23,26,61,hard,low,8,0,48.4,13,1
IOT Lab Experiment,lab_experiment,6,3,61.6,71,9.69,49,88,hard,critical,10,6,82.7,8,1
Module Exam,exam,10,7,31.4,52,5.06,33,34,medium,medium,7,3,61.9,13,1
DBMS Lab - SQL Queries,lab_experiment,7,2,76.8,12,6.96,37,53,hard,low,1,1,58.3,14,1
Final Year Project,project,7,5,78.5,37,4.1,42,85,very_hard,medium,0,4,67.8,13,1
Embedded Systems Lab #3,lab_experiment,12,8,65.8,19,9.6,48,73,hard,low,3,2,46.0,0,0
Embedded Systems Lab,lab_experiment,20,18,7.5,11,8.29,31,77,medium,critical,9,4,68.9,12,1
Computer Graphics Assignment (Sem 6),assignment,5,2,41.3,6,8.9,24,12,medium,critical,9,1,78.2,12,1
IOT Lab Experiment (Sem 3),lab_experiment,15,12,20.7,99,5.71,45,39,very_hard,low,4,3,52.7,1,1
DBMS Lab - SQL Queries (Sem 5),lab_experiment,29,29,31.1,92,8.32,21,34,medium,high,8,6,45.7,-1,0
AI Lab - Search Algorithms (Sem 8),lab_experiment,5,1,72.3,90,5.88,22,40,medium,low,7,0,59.2,11,1
Compiler Lab - Lexical Analysis,lab_experiment,5,0,20.9,81,5.74,39,53,very_hard,medium,1,4,78.7,3,1
Online Quiz,exam,18,14,45.3,29,9.44,27,90,medium,low,8,6,46.9,13,1
DBMS Assignment,assignment,11,11,71.7,78,5.97,36,56,hard,medium,9,6,60.0,2,1
OS Lab - Process Scheduling #1,lab_experiment,17,16,23.9,18,9.9,41,75,easy,medium,10,4,48.5,7,1
Computer Graphics Assignment #3,assignment,10,8,75.0,56,4.84,11,34,medium,critical,7,3,65.9,8,1
IOT Lab Experiment (Sem 1),lab_experiment,12,10,6.7,27,9.3,12,66,hard,medium,6,1,49.8,4,1
Embedded Systems Lab (Sem 7),lab_experiment,27,27,28.1,62,5.32,24,44,hard,low,4,3,50.0,5,1
Group Project - Web App,project,11,8,64.6,83,6.32,14,20,hard,medium,3,4,43.8,-3,0
Web Dev Assignment (Sem 7),assignment,23,21,8.8,26,5.17,34,44,medium,medium,5,0,53.2,2,1
Module Exam (Sem 2),exam,20,16,4.2,100,7.4,44,14,very_hard,low,3,6,48.4,0,0
Compiler Lab - Lexical Analysis,lab_experiment,5,0,9.0,17,4.94,19,39,hard,critical,0,6,95.5,2,1
Computer Vision Lab (Sem 1),lab_experiment,28,27,44.5,88,9.16,13,14,easy,medium,0,4,16.7,-1,0
Industry Internship Project (Sem 8),project,23,21,61.1,81,9.05,29,33,medium,medium,2,0,22.7,0,0
Digital Electronics Lab #1,lab_experiment,5,5,38.3,92,4.1,15,68,easy,medium,6,1,43.1,-1,0
Digital Electronics Lab,lab_experiment,16,13,27.2,18,8.49,21,23,easy,low,8,0,33.5,-2,0
OS Lab - Process Scheduling (Sem 7),lab_experiment,21,19,4.5,71,6.79,50,40,medium,high,9,2,51.8,2,1
Open Source Contribution (Sem 1),project,4,2,77.6,26,4.46,16,98,easy,high,8,4,76.4,2,1
Embedded Systems Lab #3,lab_experiment,17,16,34.9,35,5.66,38,60,easy,high,8,5,63.8,12,1
Capstone Project #1,project,10,10,5.9,5,9.28,12,76,easy,high,3,2,45.2,7,1
Research Project,project,8,8,46.5,28,8.24,20,55,easy,critical,6,0,51.4,8,1
Networking Assignment (Sem 8),assignment,24,19,30.8,16,8.54,33,11,very_hard,low,2,2,50.1,7,1
AI Lab - Search Algorithms (Sem 8),lab_experiment,6,2,48.9,25,6.14,35,31,hard,medium,3,3,70.5,13,1
Data Structures Assignment #5,assignment,4,3,16.4,8,8.49,42,60,very_hard,high,3,5,88.6,4,1
IoT Based Project #2,project,17,14,19.5,83,6.31,18,46,easy,medium,10,6,40.2,-2,0
Mobile App Development #1,project,19,14,27.7,27,4.93,48,55,hard,medium,8,1,63.4,5,1
Web Dev Assignment #5,assignment,11,10,61.4,64,7.58,42,74,very_hard,critical,5,5,76.4,6,1
Math Assignment (Sem 3),assignment,4,1,57.7,26,5.48,8,59,hard,high,9,6,99.6,2,1
Algorithms Assignment #2,assignment,28,25,49.7,71,6.88,50,29,hard,high,6,1,56.8,13,1
DS Lab - Linked List (Sem 1),lab_experiment,29,28,29.9,78,7.33,33,21,medium,critical,1,4,48.7,3,1
Embedded Systems Lab #3,lab_experiment,12,12,23.4,47,7.32,21,52,medium,low,4,5,44.7,12,1
Compiler Lab - Lexical Analysis #4,lab_experiment,29,24,9.9,88,8.57,12,56,hard,low,5,6,40.6,-1,0
Networking Assignment,assignment,3,1,57.8,82,5.37,49,50,very_hard,medium,5,6,93.5,8,1
Embedded Systems Lab #2,lab_experiment,8,5,63.1,68,6.0,29,28,hard,medium,10,0,54.3,9,1
Data Structures Assignment #5,assignment,30,26,65.5,6,4.06,27,85,medium,medium,3,2,54.5,2,1
Mini Project #4,project,31,29,19.7,77,4.03,31,51,hard,medium,4,5,56.7,9,1
Capstone Project #3,project,27,23,28.8,51,9.8,47,75,hard,medium,6,6,56.5,5,1
Practical Exam #5,exam,22,17,28.3,96,9.73,47,95,easy,low,1,2,12.5,-2,0
Internal Assessment #2,exam,15,15,54.0,70,8.4,38,20,very_hard,low,7,6,54.8,10,1
Data Structures Assignment (Sem 5),assignment,29,28,24.9,63,7.4,29,97,hard,low,2,2,37.3,0,0
Research Project,project,35,30,17.4,0,8.15,19,10,medium,critical,3,1,57.9,8,1
Machine Learning Assignment #4,assignment,26,21,24.8,51,6.38,15,39,easy,medium,1,2,28.3,-2,0
Mid-Semester Exam,exam,7,6,48.0,43,7.6,34,50,easy,medium,5,6,52.8,8,1
IoT Based Project,project,13,9,7.9,58,4.32,35,55,hard,high,0,4,53.9,4,1
Final Year Project,project,1,1,7.9,56,8.05,13,50,very_hard,medium,3,3,75.1,5,1
Software Engineering Assignment,assignment,13,13,73.6,61,5.79,7,66,medium,medium,3,0,37.5,-3,0
Math Assignment,assignment,33,28,14.6,92,6.74,11,35,medium,high,2,4,38.7,-2,0
Compiler Lab - Lexical Analysis #5,lab_experiment,15,11,56.8,16,9.36,22,78,very_hard,medium,5,0,59.0,6,1
Group Project - Web App,project,25,22,35.9,56,5.33,23,19,easy,critical,7,1,58.1,11,1
Unit Test #5,exam,26,24,60.4,94,4.56,36,24,hard,high,8,3,59.8,4,1
Machine Learning Assignment (Sem 3),assignment,27,25,46.6,79,7.13,38,25,easy,medium,6,5,43.0,2,1
DS Lab - Linked List (Sem 3),lab_experiment,13,8,10.0,35,9.85,5,99,easy,medium,10,2,37.5,-3,0
Math Assignment #4,assignment,3,1,7.8,79,4.08,5,73,medium,low,6,4,67.7,3,1
DS Lab - Linked List #5,lab_experiment,20,17,54.0,74,5.26,20,25,hard,high,8,3,62.2,9,1
Machine Learning Assignment (Sem 3),assignment,10,6,68.3,92,4.29,27,28,easy,medium,2,2,37.3,-3,0
Compiler Lab - Lexical Analysis #4,lab_experiment,11,8,74.7,18,6.6,9,75,medium,low,10,3,48.3,14,1
Machine Learning Assignment #4,assignment,2,2,31.2,62,5.54,20,56,hard,low,0,6,56.6,1,1
Open Source Contribution,project,9,9,54.9,99,9.11,35,23,medium,medium,4,3,31.7,-1,0
Module Exam,exam,19,19,22.3,55,9.33,15,62,very_hard,medium,6,0,50.5,2,1
Final Year Project,project,10,6,61.9,98,7.57,7,79,very_hard,high,5,1,58.1,12,1
Computer Graphics Assignment (Sem 2),assignment,8,3,62.3,79,9.9,46,15,very_hard,low,8,3,64.8,13,1
Data Structures Assignment,assignment,23,20,58.8,56,6.39,39,24,hard,low,3,5,48.7,2,1
Networking Assignment (Sem 4),assignment,27,23,50.4,9,4.08,48,40,medium,medium,1,1,48.0,-2,0
Math Assignment,assignment,16,15,19.5,0,4.45,45,89,easy,critical,10,5,79.5,3,1
Networking Assignment,assignment,28,28,31.3,3,7.79,39,46,hard,medium,3,0,49.3,-2,0
ML Model Project #3,project,19,18,22.7,4,6.63,39,51,medium,high,8,4,68.1,4,1
Computer Graphics Assignment,assignment,23,18,41.2,54,7.91,7,34,medium,critical,4,5,56.9,1,1
DBMS Assignment,assignment,28,25,32.1,26,5.32,41,67,hard,critical,0,6,70.9,12,1
Module Exam,exam,27,25,34.1,90,8.86,17,93,easy,medium,1,2,15.7,0,0
IoT Based Project #1,project,26,21,66.6,89,5.61,31,82,hard,high,0,6,49.3,14,1
Capstone Project,project,5,5,14.2,46,7.78,7,83,hard,high,2,6,59.5,5,1
Module Exam #4,exam,6,5,37.2,82,4.26,10,51,medium,low,0,5,37.6,-1,0
IOT Lab Experiment,lab_experiment,6,1,56.2,13,9.14,33,72,hard,high,2,5,85.7,12,1
Machine Learning Assignment #1,assignment,19,18,55.3,61,9.41,29,69,easy,high,9,0,37.7,-2,0
Final Year Project (Sem 6),project,10,6,17.5,77,5.1,5,60,medium,medium,7,1,50.1,-2,0
Software Engineering Assignment (Sem 2),assignment,22,18,61.1,69,9.42,30,63,easy,critical,3,5,48.2,10,1
Embedded Systems Lab (Sem 2),lab_experiment,25,21,16.5,61,9.14,44,53,easy,medium,2,5,33.2,-1,0
Practical Exam,exam,8,8,31.2,49,8.69,29,41,medium,low,3,4,35.1,-1,0
Web Dev Assignment (Sem 6),assignment,6,2,22.0,9,5.41,48,65,medium,critical,3,2,86.0,5,1
Software Engineering Assignment #5,assignment,22,17,47.6,18,6.37,23,87,medium,critical,7,6,73.7,10,1
Mini Project,project,22,21,79.0,28,9.44,12,10,medium,medium,3,6,44.6,0,0
Computer Graphics Assignment #1,assignment,22,21,10.3,76,9.81,12,71,hard,low,8,4,41.0,-2,0
Compiler Lab - Lexical Analysis,lab_experiment,6,2,62.7,47,4.92,34,72,very_hard,high,8,1,88.0,6,1
OS Lab - Process Scheduling (Sem 8),lab_experiment,27,22,34.6,12,5.37,31,78,medium,low,10,2,54.7,10,1
Software Engineering Assignment #1,assignment,18,14,20.4,24,6.46,6,57,very_hard,critical,10,0,75.8,12,1
Math Assignment,assignment,24,23,21.6,7,9.53,50,28,medium,low,5,5,53.6,2,1
Online Quiz (Sem 1),exam,29,26,8.4,42,8.01,20,34,hard,high,6,0,52.6,4,1
DBMS Lab - SQL Queries #4,lab_experiment,7,6,49.4,81,4.69,8,29,very_hard,high,2,6,70.6,11,1
DS Lab - Linked List (Sem 5),lab_experiment,13,8,35.5,7,9.62,7,36,easy,critical,8,3,60.3,4,1
ML Model Project #5,project,20,19,21.8,82,7.15,43,99,hard,low,5,6,49.9,11,1
Final Year Project (Sem 2),project,21,17,22.1,22,4.16,41,27,hard,medium,5,1,63.7,10,1
Computer Graphics Assignment #2,assignment,25,22,39.2,42,4.64,50,68,easy,medium,7,4,54.6,12,1
Algorithms Assignment,assignment,4,0,35.6,50,7.37,21,75,hard,high,0,1,68.1,4,1
Web Dev Assignment,assignment,32,27,29.7,13,9.46,21,56,medium,critical,3,1,55.5,10,1
Software Engineering Assignment #1,assignment,25,20,17.3,88,4.65,16,57,hard,low,7,6,51.0,4,1
Internal Assessment #4,exam,30,25,7.4,39,8.54,13,14,hard,medium,5,2,49.5,5,1
Surprise Test #3,exam,6,2,8.0,84,8.02,36,57,medium,medium,10,3,52.8,12,1
Computer Graphics Assignment #5,assignment,18,17,13.3,73,9.63,6,12,hard,medium,8,5,48.0,14,1
Networking Assignment #2,assignment,4,3,15.4,72,4.24,18,99,hard,low,2,2,54.4,11,1
OS Lab - Process Scheduling,lab_experiment,4,0,72.0,14,5.73,28,75,very_hard,low,3,0,84.0,11,1
Final Year Project (Sem 5),project,34,29,12.9,61,4.87,41,45,medium,low,1,1,31.9,0,0
DBMS Assignment (Sem 6),assignment,24,21,77.3,82,9.0,39,58,medium,high,2,3,36.5,0,0
Mini Project (Sem 6),project,5,1,23.8,88,8.86,38,87,easy,critical,8,3,72.2,5,1
Practical Exam #1,exam,22,21,55.6,25,5.44,40,29,hard,high,10,0,68.0,11,1
Mini Project,project,3,1,78.5,84,6.25,11,91,very_hard,medium,8,0,74.3,8,1
Algorithms Assignment,assignment,7,2,16.2,58,8.64,13,42,medium,critical,10,4,72.7,3,1
IOT Lab Experiment,lab_experiment,9,8,76.4,28,5.06,48,29,easy,low,3,4,46.2,1,1
Mobile App Development #4,project,14,9,59.8,74,4.63,33,85,easy,medium,3,2,36.5,-3,0
Practical Exam,exam,12,9,67.9,95,6.76,6,88,hard,high,6,4,53.6,7,1
IOT Lab Experiment (Sem 6),lab_experiment,15,13,72.8,35,6.33,13,13,medium,low,1,0,27.3,-1,0
AI Lab - Search Algorithms #4,lab_experiment,17,13,32.3,84,8.0,24,27,medium,high,8,3,43.6,-3,0
DS Lab - Linked List (Sem 1),lab_experiment,22,17,65.0,33,8.77,7,44,hard,medium,0,3,37.1,0,0
Embedded Systems Lab (Sem 3),lab_experiment,23,21,57.2,23,4.08,32,59,medium,medium,2,0,44.6,2,1
IoT Based Project,project,29,25,56.3,62,8.49,33,100,easy,critical,1,5,43.9,4,1
End-Semester Exam,exam,15,15,33.4,44,9.51,35,19,hard,high,8,5,63.7,14,1
Viva Voce #2,exam,19,17,54.0,78,9.71,37,39,easy,medium,8,1,30.1,0,0
Open Source Contribution,project,13,9,44.0,96,4.79,5,28,easy,high,7,4,46.3,12,1
Online Quiz (Sem 2),exam,27,25,7.1,48,8.92,17,42,hard,medium,4,1,43.1,-1,0
Web Dev Assignment,assignment,33,29,40.1,98,4.1,22,59,hard,low,4,5,46.6,11,1
Network Lab - Packet Analysis,lab_experiment,27,22,37.8,69,8.29,6,27,hard,critical,7,4,61.8,7,1
Network Lab - Packet Analysis,lab_experiment,21,21,75.3,31,9.8,11,87,easy,high,2,3,38.9,-1,0
Unit Test #1,exam,18,15,9.2,83,5.54,14,89,medium,medium,3,4,41.8,11,1
Unit Test,exam,5,1,42.2,61,8.11,44,20,medium,low,0,3,48.2,-1,0
Compiler Lab - Lexical Analysis #4,lab_experiment,11,6,42.9,1,9.85,17,18,easy,low,1,1,34.5,-3,0
Mobile App Development (Sem 3),project,3,0,19.3,38,8.57,49,10,easy,high,3,3,69.3,4,1
Unit Test #4,exam,9,8,64.1,35,8.66,17,82,easy,medium,3,1,30.7,0,0
Internal Assessment #2,exam,11,6,31.0,15,4.28,5,78,hard,critical,4,0,79.5,7,1
Viva Voce,exam,5,1,33.9,70,5.46,39,54,medium,medium,2,5,70.9,10,1
Software Engineering Assignment,assignment,4,2,66.2,77,6.0,43,31,hard,medium,6,5,70.9,14,1
Computer Graphics Assignment,assignment,15,11,74.6,27,7.93,41,89,hard,medium,6,1,52.7,8,1
AI Lab - Search Algorithms (Sem 1),lab_experiment,15,10,76.9,64,4.21,17,67,medium,medium,0,6,38.9,0,0
AI Lab - Search Algorithms (Sem 5),lab_experiment,10,6,60.0,35,8.48,50,77,medium,medium,1,1,41.0,-1,0
Practical Exam,exam,29,24,76.0,62,8.62,22,33,very_hard,high,2,5,57.8,14,1
Digital Electronics Lab (Sem 1),lab_experiment,25,21,71.9,96,8.72,20,78,medium,high,10,0,34.8,-2,0
DBMS Lab - SQL Queries (Sem 2),lab_experiment,30,30,66.5,81,9.83,34,56,easy,critical,8,4,50.2,13,1
Research Project #5,project,21,16,10.7,43,9.56,42,61,hard,high,2,0,45.6,0,0
Embedded Systems Lab,lab_experiment,11,6,26.3,10,5.03,41,30,hard,medium,0,3,63.1,14,1
Online Quiz #4,exam,22,22,75.0,91,4.53,15,37,very_hard,medium,8,4,61.3,3,1
Industry Internship Project,project,11,7,52.5,56,5.38,9,90,hard,medium,7,0,59.7,7,1
IoT Based Project #4,project,23,18,3.9,86,7.06,39,47,medium,low,1,1,21.7,-1,0
Internal Assessment,exam,4,1,13.6,11,7.82,49,73,medium,medium,1,4,68.7,1,1
Final Year Project (Sem 7),project,6,1,23.9,83,6.13,27,17,easy,medium,10,5,66.1,6,1
Group Project - Web App (Sem 7),project,26,24,37.3,2,7.31,22,97,very_hard,low,2,5,62.8,4,1
Open Source Contribution,project,28,25,64.6,88,6.18,17,30,medium,high,5,4,49.1,13,1
DBMS Lab - SQL Queries,lab_experiment,18,18,6.9,79,9.88,9,38,hard,high,8,5,54.1,14,1
Data Structures Assignment (Sem 7),assignment,30,30,29.8,35,8.91,32,17,easy,medium,10,5,46.2,-3,0
End-Semester Exam (Sem 2),exam,8,7,8.0,6,5.64,21,68,medium,medium,1,6,61.9,4,1
Software Engineering Assignment,assignment,31,27,53.2,69,6.44,9,45,hard,medium,9,1,46.1,5,1
Viva Voce #3,exam,28,24,47.6,79,5.6,20,80,hard,low,2,2,38.2,-1,0
Viva Voce (Sem 7),exam,19,19,72.0,61,8.71,33,54,medium,high,5,3,49.1,13,1
Capstone Project,project,2,0,46.0,3,7.51,44,57,hard,high,4,2,88.8,14,1
Math Assignment #4,assignment,23,21,61.5,78,6.96,12,72,easy,critical,2,1,38.6,-3,0
OS Lab - Process Scheduling (Sem 8),lab_experiment,27,27,59.3,46,8.2,36,66,hard,high,7,6,63.4,1,1
Network Lab - Packet Analysis #4,lab_experiment,2,1,39.3,16,5.36,22,75,hard,high,2,3,90.0,11,1
DBMS Lab - SQL Queries (Sem 2),lab_experiment,28,24,47.8,38,9.59,46,70,medium,medium,5,5,52.0,4,1
Group Project - Web App #4,project,22,17,64.9,40,9.61,22,89,hard,high,7,0,53.2,7,1
Machine Learning Assignment #5,assignment,27,25,38.4,96,4.89,24,94,very_hard,low,1,6,46.2,4,1
Math Assignment (Sem 1),assignment,18,18,13.9,96,9.94,33,55,very_hard,low,4,5,46.1,10,1
Software Engineering Assignment,assignment,13,13,20.9,68,7.96,44,90,very_hard,medium,3,6,54.8,0,0
Surprise Test #5,exam,23,22,13.9,98,8.96,41,16,very_hard,critical,9,1,61.5,7,1
Compiler Lab - Lexical Analysis,lab_experiment,9,9,42.3,52,5.43,13,94,medium,medium,2,6,46.9,14,1
Mobile App Development,project,3,2,49.9,74,7.78,24,43,very_hard,low,8,2,61.6,11,1
DBMS Assignment #5,assignment,19,19,39.0,53,4.48,13,22,medium,low,2,4,39.7,-2,0
Software Engineering Assignment (Sem 7),assignment,10,5,71.3,64,9.29,13,67,medium,medium,3,0,35.5,-2,0
End-Semester Exam,exam,17,13,46.3,57,7.54,47,42,medium,medium,4,6,45.3,-2,0
Group Project - Web App #5,project,17,15,40.0,39,4.98,29,79,medium,medium,1,2,42.1,13,1
Mini Project #2,project,28,25,29.1,0,7.04,32,80,easy,medium,1,1,38.2,-1,0
Embedded Systems Lab #3,lab_experiment,19,19,27.3,90,7.97,23,35,easy,medium,8,5,34.3,-3,0
Capstone Project #1,project,19,19,54.0,34,8.62,19,47,hard,high,1,3,48.1,-2,0
Open Source Contribution (Sem 8),project,8,4,6.0,93,9.35,38,47,medium,high,6,3,51.2,13,1
IOT Lab Experiment (Sem 3),lab_experiment,14,12,76.5,92,4.13,42,37,hard,low,4,4,47.8,-2,0
Open Source Contribution,project,7,5,64.0,13,9.75,48,94,medium,high,2,2,57.2,6,1
Embedded Systems Lab,lab_experiment,18,16,3.5,71,6.73,47,46,medium,high,6,2,51.5,10,1
Surprise Test,exam,17,13,42.4,93,8.94,40,81,hard,medium,1,6,35.4,-2,0
OS Assignment #1,assignment,33,29,55.6,21,5.18,32,51,very_hard,critical,0,4,77.0,2,1
Internal Assessment,exam,6,1,9.2,56,5.02,7,69,very_hard,medium,9,1,86.5,2,1
Embedded Systems Lab (Sem 2),lab_experiment,32,30,58.5,18,5.25,38,73,easy,medium,0,1,37.2,-2,0
Industry Internship Project (Sem 3),project,26,24,55.4,73,8.47,33,98,easy,critical,10,3,49.7,6,1
OS Assignment,assignment,30,28,20.6,34,6.19,15,56,medium,medium,2,4,43.7,1,1
IOT Lab Experiment #3,lab_experiment,3,3,26.1,67,7.81,47,72,easy,medium,9,0,46.3,0,0
Internal Assessment #2,exam,15,10,31.2,24,4.72,17,84,hard,high,1,2,57.9,12,1
Algorithms Assignment (Sem 3),assignment,4,2,2.8,69,5.7,41,81,very_hard,high,10,6,92.3,11,1
Algorithms Assignment,assignment,27,26,47.9,33,9.18,50,91,easy,low,6,6,43.4,-3,0
Research Project,project,15,10,54.3,17,7.09,31,52,medium,critical,10,4,72.7,4,1
Module Exam #5,exam,7,3,25.6,80,6.97,36,94,easy,low,9,6,52.6,12,1
ML Model Project,project,10,5,77.8,55,4.38,30,12,hard,medium,8,4,70.0,11,1
Mid-Semester Exam,exam,24,23,6.9,10,5.35,9,11,medium,high,0,4,53.9,9,1
DBMS Assignment,assignment,29,24,24.3,16,9.36,32,18,easy,high,0,6,42.0,0,0
Digital Electronics Lab (Sem 1),lab_experiment,21,16,17.6,94,7.75,23,100,very_hard,critical,7,5,68.5,14,1
Computer Vision Lab,lab_experiment,8,6,16.7,33,5.41,31,21,hard,high,2,6,74.5,3,1
Online Quiz #3,exam,18,16,18.1,9,8.13,23,14,medium,low,9,2,44.5,-1,0
Data Structures Assignment,assignment,19,14,39.2,82,9.29,26,72,medium,high,5,0,38.2,-1,0
IoT Based Project (Sem 2),project,5,4,14.3,86,7.24,5,72,medium,medium,3,5,45.3,-2,0
Computer Vision Lab,lab_experiment,24,23,24.9,97,4.94,12,79,easy,low,0,6,21.8,0,0
Web Dev Assignment #5,assignment,3,0,49.5,95,9.52,49,39,hard,high,0,1,56.9,0,0
Capstone Project (Sem 8),project,15,12,29.7,6,8.27,32,73,medium,medium,9,2,51.0,-2,0
ML Model Project,project,13,12,57.1,25,9.37,23,35,hard,medium,1,0,37.3,0,0
IOT Lab Experiment (Sem 4),lab_experiment,32,30,20.8,64,5.19,16,91,medium,critical,3,6,62.8,7,1
Industry Internship Project,project,3,2,35.8,75,5.23,21,25,very_hard,medium,2,3,69.1,7,1
DBMS Assignment (Sem 1),assignment,10,9,77.0,2,9.82,30,40,medium,low,7,4,50.6,2,1
Final Year Project #2,project,11,11,40.6,74,9.69,32,79,medium,critical,9,3,54.4,8,1
Networking Assignment #2,assignment,9,5,12.5,67,7.52,13,40,hard,low,0,3,33.9,-3,0
Computer Vision Lab #3,lab_experiment,18,17,63.5,73,4.73,6,72,medium,low,9,4,44.0,-3,0
Mini Project (Sem 5),project,24,21,34.4,54,4.53,15,44,hard,medium,8,3,58.7,7,1
Computer Graphics Assignment #3,assignment,6,5,53.6,48,9.45,21,97,hard,medium,9,3,58.5,1,1
Industry Internship Project (Sem 3),project,13,11,15.4,39,9.15,34,75,very_hard,medium,2,2,50.6,10,1
Data Structures Assignment,assignment,24,19,40.4,65,9.57,10,73,medium,low,8,6,38.0,-3,0
Internal Assessment,exam,16,16,5.1,51,7.75,35,54,hard,low,6,5,50.3,9,1
Mini Project (Sem 7),project,14,14,23.0,29,7.67,11,37,very_hard,high,6,3,68.3,13,1
IoT Based Project #5,project,22,18,23.7,74,7.72,21,54,hard,critical,7,5,64.3,10,1
Compiler Lab - Lexical Analysis #2,lab_experiment,7,2,67.3,17,8.75,33,81,hard,high,9,2,77.9,9,1
Capstone Project #2,project,16,16,8.7,8,8.11,11,21,medium,medium,4,0,41.5,7,1
Compiler Lab - Lexical Analysis (Sem 8),lab_experiment,33,28,34.3,71,6.63,32,75,very_hard,medium,10,2,58.0,6,1
Weekly Test (Sem 6),exam,31,30,16.5,25,4.06,17,63,medium,low,8,6,56.7,13,1
Embedded Systems Lab (Sem 3),lab_experiment,27,25,3.0,24,6.42,50,80,hard,critical,10,1,74.2,5,1
Industry Internship Project,project,15,14,54.4,70,5.21,10,30,hard,high,9,3,62.0,14,1
Mini Project,project,15,14,11.3,53,9.11,11,88,very_hard,low,2,1,38.5,0,0
AI Lab - Search Algorithms #5,lab_experiment,11,10,39.3,95,8.23,14,43,very_hard,high,10,1,51.4,0,0
Internal Assessment (Sem 4),exam,5,0,58.9,20,7.58,30,57,hard,medium,2,0,67.0,4,1
Embedded Systems Lab #2,lab_experiment,28,24,28.6,47,5.91,30,39,hard,low,3,5,54.6,4,1
Module Exam #2,exam,11,10,22.7,1,8.85,26,71,hard,high,7,1,63.4,12,1
Industry Internship Project #3,project,3,0,50.2,8,9.64,15,97,medium,high,9,4,84.9,3,1
Digital Electronics Lab #1,lab_experiment,8,6,44.8,92,6.49,35,71,hard,critical,5,3,71.1,7,1
OS Assignment (Sem 7),assignment,30,27,44.9,86,7.8,31,52,easy,low,10,2,24.9,-2,0
Mid-Semester Exam (Sem 4),exam,14,14,9.4,100,5.68,34,62,hard,medium,4,2,46.4,14,1
Unit Test,exam,23,22,7.5,34,5.87,48,36,medium,critical,7,2,72.0,11,1
Software Engineering Assignment #2,assignment,19,14,9.2,18,7.49,44,36,easy,high,9,4,60.8,11,1
Algorithms Assignment (Sem 6),assignment,9,5,12.2,61,4.61,30,10,hard,low,6,4,63.8,12,1
End-Semester Exam #3,exam,1,1,2.5,78,8.53,49,30,medium,medium,0,4,52.3,13,1
Viva Voce,exam,34,29,57.8,63,5.0,15,26,easy,medium,5,2,42.9,0,0
ML Model Project (Sem 6),project,7,2,62.0,45,7.69,29,60,hard,medium,2,3,57.9,1,1
Online Quiz #2,exam,12,9,3.9,97,9.38,48,56,hard,high,8,1,46.4,6,1
Compiler Lab - Lexical Analysis #4,lab_experiment,18,13,64.9,42,8.91,46,52,medium,high,1,6,46.2,13,1
Internal Assessment #1,exam,19,18,25.0,62,5.64,50,28,medium,medium,2,2,42.6,14,1
Computer Graphics Assignment (Sem 7),assignment,8,5,44.9,22,7.52,26,79,very_hard,low,7,2,65.2,6,1
Group Project - Web App #4,project,8,5,28.8,26,4.65,7,22,hard,critical,0,6,75.5,12,1
Data Structures Assignment,assignment,14,13,7.3,29,4.43,17,54,very_hard,high,7,3,78.9,8,1
OS Assignment (Sem 4),assignment,4,4,21.5,71,6.65,19,83,medium,high,6,1,54.7,4,1
Embedded Systems Lab,lab_experiment,12,11,30.0,19,4.76,41,60,medium,medium,3,6,59.3,11,1
Research Project #5,project,20,20,28.8,95,8.64,29,81,medium,low,2,4,22.9,-1,0
Mid-Semester Exam,exam,14,13,60.4,64,7.65,38,27,hard,critical,0,6,53.0,5,1
Compiler Lab - Lexical Analysis (Sem 5),lab_experiment,17,15,33.3,97,5.6,34,50,medium,medium,4,4,44.0,-1,0
Compiler Lab - Lexical Analysis #2,lab_experiment,4,0,41.5,62,8.11,5,72,hard,low,6,1,62.1,13,1
Embedded Systems Lab (Sem 2),lab_experiment,26,21,6.1,8,6.02,23,71,easy,medium,1,1,35.7,-1,0
Practical Exam,exam,6,2,44.5,51,5.14,33,60,hard,critical,5,4,93.1,10,1
Practical Exam #3,exam,4,0,6.4,59,9.98,44,45,hard,medium,8,1,71.6,4,1
Digital Electronics Lab #4,lab_experiment,24,19,59.4,45,5.54,12,72,medium,medium,7,0,47.2,2,1
Open Source Contribution,project,5,1,3.1,76,4.07,47,49,medium,medium,6,0,69.5,14,1
Open Source Contribution (Sem 3),project,23,22,51.9,58,5.73,35,89,hard,medium,3,3,53.9,8,1
Mini Project (Sem 8),project,25,22,10.1,90,8.35,32,58,medium,low,5,6,35.2,0,0
Machine Learning Assignment (Sem 2),assignment,26,25,4.6,56,7.2,37,39,medium,medium,5,2,46.5,-1,0
Mini Project,project,8,5,74.5,31,5.79,32,70,very_hard,medium,8,2,79.0,2,1
End-Semester Exam,exam,14,13,7.1,62,7.71,44,35,very_hard,low,7,6,57.0,4,1
Practical Exam,exam,16,12,17.5,32,6.89,41,96,very_hard,medium,3,1,58.7,4,1
Capstone Project #1,project,8,3,17.0,63,6.37,8,38,medium,low,3,0,42.2,10,1
Web Dev Assignment,assignment,3,3,20.7,85,5.42,37,82,medium,low,7,1,53.7,7,1
Data Structures Assignment,assignment,24,19,34.5,19,6.45,5,96,hard,high,9,2,64.7,12,1
End-Semester Exam #5,exam,27,24,32.9,62,9.87,41,91,medium,medium,9,4,44.7,6,1
IOT Lab Experiment,lab_experiment,17,14,34.3,89,7.3,19,31,hard,medium,6,1,43.1,-3,0
Online Quiz,exam,17,12,63.1,1,7.89,50,78,very_hard,medium,7,1,66.8,11,1
Industry Internship Project #4,project,11,9,34.2,86,7.03,42,82,medium,low,10,1,34.0,-1,0
Group Project - Web App #3,project,28,24,58.7,21,5.38,32,85,hard,medium,1,3,55.0,14,1
Practical Exam,exam,29,27,39.9,10,6.95,34,28,very_hard,critical,9,0,81.4,7,1
Online Quiz,exam,15,10,34.2,97,4.67,43,85,medium,critical,0,5,49.9,14,1
IOT Lab Experiment,lab_experiment,23,23,57.3,80,7.94,18,19,easy,low,4,1,19.8,-3,0
Industry Internship Project (Sem 3),project,26,24,71.9,18,5.08,43,82,easy,high,1,6,55.7,-1,0
Data Structures Assignment,assignment,4,1,22.1,24,8.47,32,44,very_hard,medium,1,4,79.4,7,1
Unit Test,exam,19,14,47.0,75,6.77,20,78,hard,high,5,1,53.0,-1,0
Computer Graphics Assignment #4,assignment,20,17,26.0,69,7.74,13,96,hard,medium,2,1,32.5,-2,0
Digital Electronics Lab #5,lab_experiment,17,13,79.7,75,9.26,38,17,medium,low,3,1,24.8,-1,0
End-Semester Exam (Sem 1),exam,30,30,29.6,85,5.31,29,47,hard,low,7,4,50.9,1,1
Mid-Semester Exam (Sem 1),exam,4,0,51.0,90,5.55,9,51,medium,critical,1,4,73.9,7,1
Digital Electronics Lab,lab_experiment,3,3,13.9,11,7.13,38,30,hard,high,3,3,80.6,10,1
Machine Learning Assignment #3,assignment,18,14,22.5,98,9.55,15,20,hard,high,8,6,50.9,3,1
Mid-Semester Exam,exam,5,5,53.7,98,8.22,39,20,medium,critical,3,5,56.3,8,1
AI Lab - Search Algorithms (Sem 2),lab_experiment,28,27,58.1,45,6.78,46,62,medium,high,6,6,62.6,6,1
OS Lab - Process Scheduling (Sem 4),lab_experiment,3,1,4.6,85,6.01,5,46,medium,high,8,4,73.5,10,1
OS Lab - Process Scheduling #3,lab_experiment,14,10,29.2,80,4.39,9,31,very_hard,medium,10,4,62.9,9,1
OS Lab - Process Scheduling #2,lab_experiment,5,5,2.5,10,6.04,36,74,very_hard,low,5,3,75.6,2,1
ML Model Project,project,25,21,22.7,85,9.73,17,26,medium,low,4,6,31.7,-2,0
Capstone Project,project,18,16,73.1,69,9.37,47,28,medium,critical,8,1,52.9,12,1
Data Structures Assignment #5,assignment,14,11,54.7,80,8.27,17,32,medium,critical,5,2,49.7,6,1
End-Semester Exam,exam,27,25,62.8,47,8.32,16,33,medium,medium,8,6,47.2,4,1
Digital Electronics Lab #3,lab_experiment,22,18,52.4,47,4.67,10,68,medium,low,6,3,47.6,3,1
IoT Based Project #4,project,10,5,59.0,70,8.42,36,93,medium,high,10,0,49.6,-1,0
Embedded Systems Lab #3,lab_experiment,22,19,4.0,61,5.84,5,82,medium,medium,2,1,36.3,-2,0
Online Quiz (Sem 8),exam,5,3,10.3,92,5.58,6,87,hard,critical,7,5,84.2,12,1
Open Source Contribution (Sem 7),project,0,0,49.2,77,4.48,32,25,medium,high,6,0,74.8,1,1
ML Model Project #5,project,8,8,34.8,23,8.87,17,94,medium,critical,2,4,56.1,11,1
Algorithms Assignment #2,assignment,22,22,75.1,2,4.6,24,75,hard,medium,3,3,64.0,2,1
Digital Electronics Lab,lab_experiment,19,14,23.7,86,7.13,8,73,medium,high,4,6,47.6,0,0
IOT Lab Experiment #3,lab_experiment,8,6,54.1,41,6.99,31,10,medium,low,1,2,39.9,-3,0
Compiler Lab - Lexical Analysis (Sem 5),lab_experiment,24,23,62.2,66,8.61,47,45,easy,high,9,2,42.5,0,0
IOT Lab Experiment #5,lab_experiment,11,9,6.3,80,9.51,40,61,hard,high,7,1,49.0,14,1
Web Dev Assignment,assignment,12,9,34.5,12,5.02,40,59,medium,critical,1,3,65.6,2,1
Mobile App Development (Sem 2),project,24,19,16.2,89,6.33,30,12,easy,medium,2,0,21.2,-3,0
DS Lab - Linked List (Sem 2),lab_experiment,19,18,50.8,87,9.25,27,66,hard,high,6,0,44.3,-2,0
OS Lab - Process Scheduling #5,lab_experiment,26,25,7.3,73,9.75,29,43,medium,low,10,4,36.3,-2,0
Digital Electronics Lab,lab_experiment,9,5,55.2,20,5.08,29,42,medium,high,1,2,60.9,2,1
Computer Vision Lab #3,lab_experiment,20,18,63.4,3,7.04,11,79,medium,critical,6,5,75.5,1,1
ML Model Project (Sem 1),project,7,6,35.7,39,5.25,6,79,medium,low,0,6,45.8,-2,0
Machine Learning Assignment,assignment,26,24,58.8,77,7.25,43,53,hard,low,8,4,48.9,-1,0
Viva Voce,exam,6,2,4.6,44,7.68,44,78,easy,critical,5,1,67.6,14,1
Viva Voce (Sem 6),exam,0,0,37.7,60,9.53,22,83,medium,high,6,4,75.2,7,1
Machine Learning Assignment,assignment,5,3,23.0,95,4.33,35,49,easy,low,2,2,39.5,0,0
Compiler Lab - Lexical Analysis (Sem 2),lab_experiment,7,7,61.4,2,8.44,18,94,hard,medium,9,4,69.4,5,1
Practical Exam #5,exam,11,10,12.5,54,8.63,19,91,medium,high,2,3,40.1,-1,0
Computer Graphics Assignment #5,assignment,21,19,40.9,36,9.95,32,36,medium,medium,9,2,45.0,14,1
Mini Project,project,19,19,6.3,18,4.84,40,42,very_hard,high,9,1,79.4,1,1
ML Model Project #5,project,24,21,78.1,70,8.83,7,40,easy,high,4,3,36.7,-3,0
Group Project - Web App #3,project,20,17,66.7,4,9.87,40,33,easy,medium,1,3,37.2,0,0
Computer Graphics Assignment (Sem 6),assignment,33,30,36.1,29,5.83,25,77,hard,high,6,0,65.7,12,1
Research Project,project,17,16,63.4,40,5.12,6,82,medium,medium,1,3,41.6,-1,0
Final Year Project,project,30,27,48.4,55,4.63,21,91,hard,low,0,1,35.1,-2,0
Data Structures Assignment,assignment,13,9,79.0,10,10.0,12,70,medium,high,5,5,61.2,3,1
Mobile App Development (Sem 1),project,15,13,4.1,38,8.62,11,20,medium,medium,1,6,36.5,0,0
Open Source Contribution (Sem 3),project,13,8,10.7,2,6.54,14,97,medium,low,2,2,41.0,-3,0
OS Lab - Process Scheduling #2,lab_experiment,7,7,13.8,44,4.15,33,98,medium,low,3,0,46.5,3,1
Compiler Lab - Lexical Analysis,lab_experiment,7,3,37.7,53,5.29,33,95,easy,medium,2,0,48.7,7,1
Practical Exam (Sem 5),exam,29,26,17.6,52,5.17,14,100,easy,medium,3,6,45.0,9,1
Capstone Project,project,25,21,74.3,14,8.39,33,98,easy,high,5,0,47.5,12,1
IOT Lab Experiment,lab_experiment,26,24,38.8,28,5.16,24,68,hard,high,9,5,75.8,5,1
DS Lab - Linked List #2,lab_experiment,22,19,29.9,99,5.38,16,94,easy,low,0,0,11.8,-3,0
Capstone Project,project,31,28,50.1,90,8.36,47,76,hard,medium,5,4,46.7,-1,0
Computer Graphics Assignment,assignment,16,12,70.1,73,8.32,12,15,hard,critical,3,0,47.6,0,0
OS Lab - Process Scheduling,lab_experiment,23,19,42.0,95,6.74,22,48,medium,medium,7,2,37.2,-1,0
Module Exam (Sem 3),exam,6,6,19.9,59,4.11,45,33,medium,low,5,4,58.7,8,1
Computer Graphics Assignment,assignment,22,21,78.8,41,7.04,12,47,hard,high,10,3,63.0,14,1
End-Semester Exam,exam,11,9,18.1,11,6.06,34,92,hard,low,3,4,55.2,12,1
Data Structures Assignment (Sem 7),assignment,10,8,35.2,99,9.61,40,89,hard,medium,6,2,40.2,-3,0
OS Lab - Process Scheduling (Sem 8),lab_experiment,8,5,33.6,48,5.3,33,53,very_hard,high,4,1,77.7,3,1
Software Engineering Assignment #5,assignment,19,19,42.9,37,9.12,25,78,hard,critical,7,1,64.1,8,1
Practical Exam,exam,6,1,69.0,18,4.53,42,25,medium,low,6,5,85.6,11,1
IoT Based Project (Sem 5),project,26,22,14.2,16,4.25,46,79,medium,critical,6,4,79.4,12,1
ML Model Project #3,project,23,20,71.0,60,4.97,41,18,hard,medium,8,3,60.1,3,1
AI Lab - Search Algorithms,lab_experiment,26,23,28.9,97,6.44,43,81,medium,high,5,0,41.9,9,1
AI Lab - Search Algorithms,lab_experiment,15,13,50.7,4,4.31,39,36,easy,medium,3,1,49.1,8,1
Network Lab - Packet Analysis (Sem 2),lab_experiment,17,15,28.1,82,8.23,12,38,medium,low,6,6,34.8,0,0
Industry Internship Project,project,27,24,79.0,61,9.05,43,64,very_hard,high,7,3,65.1,5,1
Web Dev Assignment (Sem 3),assignment,22,18,67.8,50,9.37,34,18,medium,medium,9,6,48.4,6,1
DBMS Assignment (Sem 5),assignment,6,2,36.0,23,8.89,39,86,medium,high,6,5,76.3,9,1
Mini Project,project,18,13,25.4,24,8.72,12,81,easy,low,1,3,25.4,0,0
Computer Graphics Assignment (Sem 5),assignment,19,16,1.8,95,9.5,44,96,medium,low,4,4,30.4,0,0
IOT Lab Experiment (Sem 1),lab_experiment,29,24,20.7,86,8.73,7,77,easy,critical,2,4,37.5,9,1
Final Year Project,project,29,27,60.7,31,5.74,20,37,easy,high,8,5,62.8,3,1
OS Assignment,assignment,2,2,63.9,30,8.09,39,10,medium,high,6,4,72.9,2,1
Embedded Systems Lab,lab_experiment,31,30,60.1,38,4.28,49,26,easy,medium,5,3,53.3,10,1
Data Structures Assignment #1,assignment,10,5,19.6,11,9.84,30,73,hard,critical,10,1,77.8,7,1
AI Lab - Search Algorithms (Sem 8),lab_experiment,31,29,41.1,50,4.74,15,81,medium,medium,9,0,46.5,0,0
Final Year Project,project,12,10,21.4,3,8.59,12,70,hard,medium,9,4,60.6,3,1
Algorithms Assignment,assignment,18,18,46.5,65,5.22,12,37,very_hard,low,10,6,63.2,4,1
Math Assignment #2,assignment,3,3,42.9,80,8.47,15,41,hard,high,10,1,61.5,1,1
Algorithms Assignment,assignment,13,11,23.3,49,4.85,44,67,very_hard,medium,0,0,49.6,12,1
End-Semester Exam #4,exam,23,22,29.4,19,7.01,27,18,medium,medium,8,1,50.9,6,1
Group Project - Web App #1,project,25,20,28.6,51,5.58,44,78,hard,critical,6,3,77.2,5,1
Open Source Contribution (Sem 8),project,23,19,5.0,98,9.0,28,19,medium,high,0,4,28.2,-3,0
Module Exam #5,exam,4,4,6.8,2,6.96,7,27,medium,medium,6,0,58.3,12,1
Online Quiz (Sem 4),exam,14,12,26.8,80,5.58,25,12,hard,low,3,0,37.5,-1,0
Machine Learning Assignment #4,assignment,25,20,54.7,84,6.37,28,18,easy,low,2,3,23.0,0,0
End-Semester Exam,exam,27,26,14.0,13,8.08,37,23,easy,high,1,2,40.1,3,1
Data Structures Assignment (Sem 2),assignment,21,18,28.4,54,8.26,25,43,hard,high,3,2,48.7,5,1
Open Source Contribution,project,8,5,69.2,82,6.38,16,71,easy,low,6,3,39.2,-1,0
IOT Lab Experiment #4,lab_experiment,24,24,31.7,64,5.87,30,29,easy,medium,6,4,48.2,4,1
Capstone Project #3,project,24,23,59.2,75,7.47,47,70,easy,high,5,4,49.7,8,1
Online Quiz (Sem 7),exam,18,18,20.2,4,7.25,15,28,medium,low,0,1,32.7,-3,0
Networking Assignment,assignment,15,10,77.2,64,9.38,20,96,very_hard,high,5,0,56.2,3,1
ML Model Project,project,20,17,13.2,39,6.94,29,91,medium,critical,0,4,53.1,9,1
Compiler Lab - Lexical Analysis #1,lab_experiment,5,1,34.8,51,9.09,39,98,easy,medium,3,5,62.7,14,1
Industry Internship Project #3,project,30,28,66.1,46,5.28,18,98,medium,medium,1,2,39.6,-2,0
IOT Lab Experiment #3,lab_experiment,23,20,12.9,13,5.05,31,43,medium,medium,8,3,61.5,7,1
Network Lab - Packet Analysis,lab_experiment,32,27,66.9,62,9.61,44,40,hard,high,7,4,59.0,7,1
DBMS Lab - SQL Queries,lab_experiment,9,7,17.8,46,9.71,16,42,very_hard,high,5,4,75.4,3,1
Industry Internship Project (Sem 7),project,11,8,44.2,28,8.71,36,24,easy,low,6,4,41.0,-3,0
Compiler Lab - Lexical Analysis #5,lab_experiment,15,13,50.2,11,7.02,34,14,medium,critical,0,6,61.2,9,1
Practical Exam,exam,33,28,54.0,59,5.63,23,78,medium,high,8,1,54.5,10,1
Group Project - Web App #3,project,7,4,55.9,23,4.94,36,84,hard,critical,1,5,82.0,7,1
Mini Project (Sem 4),project,2,2,35.8,35,4.64,47,91,medium,low,9,1,64.7,7,1
Machine Learning Assignment,assignment,18,13,40.1,67,8.9,5,82,easy,high,0,4,27.1,-3,0
Group Project - Web App,project,12,11,61.5,80,8.04,17,81,easy,critical,9,0,40.7,-2,0
DBMS Lab - SQL Queries,lab_experiment,23,21,9.1,15,9.5,19,31,easy,critical,5,2,57.9,8,1
Network Lab - Packet Analysis (Sem 1),lab_experiment,23,20,5.3,57,4.57,26,91,very_hard,medium,2,1,54.2,4,1
IOT Lab Experiment (Sem 4),lab_experiment,4,0,29.7,90,9.15,5,97,medium,high,10,0,59.5,2,1
Surprise Test (Sem 6),exam,7,3,44.5,41,7.4,8,37,medium,low,10,5,62.6,5,1
Machine Learning Assignment (Sem 6),assignment,21,19,77.5,1,6.34,23,24,hard,high,3,1,62.1,13,1
IoT Based Project,project,13,11,5.5,83,9.84,33,67,easy,medium,9,5,36.7,0,0
Computer Graphics Assignment (Sem 5),assignment,10,10,17.7,34,9.88,19,14,medium,medium,8,4,48.1,4,1
Computer Vision Lab,lab_experiment,26,24,21.9,48,4.4,28,90,medium,medium,0,1,35.2,0,0
Final Year Project,project,16,16,69.1,20,7.19,41,68,medium,critical,4,3,68.1,13,1
Online Quiz #1,exam,10,10,27.7,100,7.79,31,17,hard,high,6,6,52.1,2,1
DS Lab - Linked List #1,lab_experiment,15,13,3.5,22,7.17,8,91,medium,high,2,0,44.4,3,1
DBMS Assignment #2,assignment,9,8,28.1,22,5.85,32,66,hard,high,10,2,71.8,13,1
Networking Assignment,assignment,24,22,32.2,60,5.72,30,88,very_hard,high,7,0,68.0,14,1
Final Year Project #2,project,21,18,33.0,92,6.02,30,26,easy,medium,1,2,21.6,-3,0
Computer Vision Lab #2,lab_experiment,14,12,36.0,10,7.72,43,55,medium,medium,9,0,47.3,2,1
DS Lab - Linked List #3,lab_experiment,19,15,56.0,35,8.11,16,34,hard,critical,9,0,61.6,4,1
Online Quiz #4,exam,4,2,11.1,76,9.11,19,16,medium,medium,4,1,45.7,7,1
Industry Internship Project #2,project,16,11,16.9,93,4.51,6,50,easy,medium,0,0,17.0,-1,0
End-Semester Exam #4,exam,7,2,27.4,42,4.72,17,46,easy,low,9,6,63.3,14,1
ML Model Project,project,15,13,6.4,54,4.13,26,10,medium,medium,5,0,46.8,8,1
DS Lab - Linked List #5,lab_experiment,9,5,35.9,95,7.02,41,41,hard,high,4,5,64.1,3,1
Web Dev Assignment,assignment,5,3,13.1,4,6.3,19,89,easy,high,5,4,76.1,6,1
Final Year Project #2,project,14,11,53.2,90,5.88,38,94,hard,high,5,0,54.8,7,1
IoT Based Project #1,project,32,30,72.9,10,6.28,29,45,hard,medium,4,5,64.9,4,1
AI Lab - Search Algorithms (Sem 3),lab_experiment,26,25,76.6,66,9.21,47,86,easy,critical,5,0,46.5,12,1
Data Structures Assignment #1,assignment,9,6,55.4,10,8.12,26,93,hard,medium,9,3,66.6,4,1
OS Lab - Process Scheduling #4,lab_experiment,5,3,2.6,99,4.46,50,27,medium,low,2,1,43.2,-1,0
Internal Assessment,exam,23,21,1.6,5,6.81,45,70,hard,high,6,1,69.5,2,1
OS Lab - Process Scheduling #3,lab_experiment,9,5,28.6,58,5.42,25,60,medium,medium,9,3,59.9,3,1
End-Semester Exam (Sem 2),exam,20,20,12.5,0,5.89,48,19,medium,low,4,1,53.8,14,1
IOT Lab Experiment (Sem 6),lab_experiment,7,6,44.3,73,4.15,22,60,medium,low,2,5,46.6,12,1
Industry Internship Project,project,5,3,46.3,47,4.58,34,70,medium,high,5,3,77.0,12,1
DBMS Assignment #2,assignment,9,5,18.5,23,7.73,47,39,easy,high,3,2,53.1,13,1
Unit Test,exam,21,18,49.5,43,4.14,25,80,hard,medium,9,5,65.9,10,1
Group Project - Web App (Sem 3),project,13,8,24.3,13,6.61,13,85,hard,medium,1,1,45.7,-1,0
Math Assignment #2,assignment,6,5,26.5,36,9.47,17,60,medium,high,8,6,64.5,11,1
Math Assignment,assignment,25,20,74.2,32,8.43,11,84,hard,critical,7,2,65.7,8,1
Final Year Project (Sem 2),project,4,0,29.9,69,4.41,23,59,hard,high,0,1,69.5,12,1
Software Engineering Assignment (Sem 5),assignment,12,7,38.2,2,9.64,11,33,medium,high,5,1,62.7,14,1
Surprise Test (Sem 4),exam,5,2,33.6,100,6.38,24,21,hard,medium,3,0,48.4,6,1
Open Source Contribution (Sem 6),project,31,30,33.9,50,5.87,43,14,easy,high,9,0,51.3,1,1
Industry Internship Project #3,project,18,14,71.3,46,8.17,32,20,medium,medium,10,3,45.0,9,1
Algorithms Assignment,assignment,8,7,1.8,44,5.0,35,82,hard,medium,8,1,66.7,12,1
Network Lab - Packet Analysis (Sem 8),lab_experiment,30,27,64.2,93,5.72,37,94,easy,high,5,3,48.1,12,1
DBMS Assignment (Sem 6),assignment,5,0,55.2,58,5.86,40,62,medium,critical,8,2,91.4,14,1
Computer Vision Lab #5,lab_experiment,18,14,11.5,32,8.52,12,87,medium,medium,2,4,38.8,-2,0
Computer Vision Lab,lab_experiment,8,6,33.1,7,7.73,27,95,very_hard,high,7,4,84.3,1,1
Group Project - Web App (Sem 1),project,17,12,6.9,29,5.23,41,21,easy,critical,8,5,73.3,12,1
DS Lab - Linked List (Sem 5),lab_experiment,24,20,57.4,83,4.87,32,80,medium,critical,1,1,46.6,9,1
Computer Vision Lab (Sem 4),lab_experiment,4,4,22.2,4,7.09,18,48,medium,medium,8,3,65.0,9,1
Open Source Contribution (Sem 3),project,26,25,31.8,62,4.72,17,43,very_hard,high,4,6,73.3,14,1
Viva Voce #2,exam,22,21,79.8,95,5.29,42,35,medium,medium,0,1,27.2,0,0
Algorithms Assignment,assignment,10,10,30.0,21,5.98,31,74,medium,high,10,1,62.9,2,1
Online Quiz #5,exam,20,15,5.3,41,6.52,16,13,easy,medium,5,1,40.4,-3,0
Algorithms Assignment (Sem 1),assignment,4,2,41.2,80,7.61,18,82,easy,low,9,1,37.8,3,1
Mini Project #4,project,9,8,11.7,16,7.96,20,57,hard,high,2,3,54.8,10,1
Software Engineering Assignment #1,assignment,30,29,16.1,94,4.11,26,94,medium,high,2,1,38.8,-1,0
Computer Graphics Assignment (Sem 3),assignment,27,27,6.6,89,8.71,42,65,hard,high,7,4,53.4,9,1
Software Engineering Assignment,assignment,18,18,41.1,89,6.64,21,30,hard,high,3,3,48.3,0,0
Networking Assignment,assignment,15,15,57.4,85,6.47,50,68,medium,medium,7,0,38.0,-1,0
Network Lab - Packet Analysis (Sem 6),lab_experiment,14,13,12.0,91,5.5,33,41,hard,low,6,3,48.1,3,1
Industry Internship Project,project,13,12,68.3,14,9.81,45,64,medium,high,4,6,60.7,5,1
Viva Voce (Sem 6),exam,9,4,50.4,95,9.05,17,66,hard,medium,4,3,45.7,-2,0
Machine Learning Assignment,assignment,6,4,64.5,50,8.96,28,64,medium,medium,4,2,46.8,14,1
Computer Graphics Assignment,assignment,28,28,62.3,21,8.22,50,72,very_hard,medium,9,5,70.8,11,1
OS Lab - Process Scheduling,lab_experiment,10,9,24.4,99,9.46,34,60,easy,critical,0,5,33.6,-1,0
Module Exam (Sem 6),exam,25,20,15.0,80,5.51,29,16,easy,low,3,0,25.9,-1,0
DBMS Lab - SQL Queries #2,lab_experiment,15,15,43.9,61,5.67,40,41,very_hard,high,8,4,76.8,8,1
Weekly Test #3,exam,30,26,14.6,89,6.71,46,41,easy,low,9,6,36.8,-1,0
Math Assignment (Sem 2),assignment,17,16,25.2,39,4.54,7,57,medium,medium,8,1,49.9,14,1
Research Project #3,project,33,28,71.5,50,7.97,36,62,medium,medium,0,4,31.6,-2,0
OS Assignment #2,assignment,5,0,9.7,93,7.03,21,48,easy,critical,3,1,64.5,6,1
Algorithms Assignment,assignment,5,1,3.4,46,5.69,21,40,easy,medium,1,2,59.9,12,1
DBMS Assignment (Sem 1),assignment,34,30,67.9,20,7.08,7,87,easy,medium,2,0,32.7,-2,0
IOT Lab Experiment #2,lab_experiment,9,7,62.2,31,6.56,14,82,hard,critical,9,2,79.2,9,1
OS Assignment (Sem 3),assignment,18,15,21.0,59,4.78,7,93,medium,critical,8,2,62.9,4,1
DBMS Lab - SQL Queries,lab_experiment,20,18,74.6,52,9.5,39,20,easy,low,0,0,13.5,-2,0
Machine Learning Assignment,assignment,14,13,51.3,58,4.17,18,97,hard,high,1,3,53.2,3,1
DS Lab - Linked List #3,lab_experiment,28,25,13.3,26,7.42,44,95,hard,medium,0,5,51.2,9,1
DBMS Assignment (Sem 6),assignment,7,5,24.4,54,9.03,23,68,hard,high,1,5,56.5,8,1
IOT Lab Experiment,lab_experiment,29,24,63.1,21,5.51,42,77,very_hard,high,5,3,83.0,3,1
Compiler Lab - Lexical Analysis,lab_experiment,10,9,7.3,19,9.17,35,73,medium,medium,7,0,44.7,14,1
Data Structures Assignment #3,assignment,7,7,58.3,64,7.85,28,80,easy,high,0,2,34.0,-1,0
Machine Learning Assignment (Sem 4),assignment,6,4,23.2,50,9.17,41,71,medium,low,5,3,48.1,3,1
Industry Internship Project #2,project,32,28,67.1,19,4.16,14,32,hard,high,3,3,66.6,1,1
Weekly Test (Sem 8),exam,22,21,38.8,16,5.39,45,27,hard,low,3,6,62.3,12,1
Network Lab - Packet Analysis #1,lab_experiment,32,29,18.4,35,5.67,34,29,hard,low,1,4,49.4,0,0
Industry Internship Project (Sem 8),project,8,5,11.2,72,7.39,37,46,hard,medium,1,3,48.3,8,1
Practical Exam,exam,23,23,56.4,9,5.78,36,43,hard,low,8,0,58.8,6,1
Math Assignment (Sem 4),assignment,19,19,22.8,20,4.58,37,89,medium,critical,7,4,77.7,6,1
IoT Based Project (Sem 2),project,7,3,32.4,54,9.62,47,12,medium,medium,9,4,61.9,4,1
Mini Project,project,28,23,38.2,38,6.14,50,37,hard,low,10,6,59.4,14,1
Group Project - Web App,project,10,8,71.7,53,9.35,32,95,easy,medium,6,2,36.6,-3,0
IOT Lab Experiment (Sem 2),lab_experiment,21,19,25.0,78,6.97,34,13,medium,medium,4,4,42.8,13,1
DBMS Lab - SQL Queries (Sem 6),lab_experiment,14,9,75.9,60,8.68,27,82,hard,high,5,1,51.7,9,1
Surprise Test,exam,29,24,67.2,94,9.07,25,53,hard,critical,2,0,41.7,-1,0
Group Project - Web App (Sem 8),project,22,22,74.2,54,4.78,45,87,very_hard,high,10,6,80.7,13,1
Networking Assignment (Sem 1),assignment,28,27,13.4,82,5.2,14,39,hard,high,6,5,64.0,7,1
Data Structures Assignment #4,assignment,11,9,17.7,100,7.74,13,11,hard,medium,1,0,21.3,-1,0
IoT Based Project (Sem 3),project,34,29,25.8,68,9.3,36,71,medium,low,1,4,26.0,-3,0
DBMS Assignment (Sem 6),assignment,22,22,43.8,96,9.98,15,35,medium,critical,7,6,52.3,3,1
IoT Based Project #3,project,19,14,57.1,61,8.81,42,20,hard,medium,7,0,44.0,-1,0
Final Year Project #5,project,15,12,29.8,2,8.81,42,49,very_hard,medium,0,0,48.8,4,1
Computer Vision Lab #3,lab_experiment,23,21,24.4,89,8.36,9,81,hard,low,1,0,18.1,-2,0
Online Quiz #3,exam,9,7,78.8,67,8.91,45,91,hard,high,1,4,54.1,1,1
Compiler Lab - Lexical Analysis (Sem 2),lab_experiment,1,0,24.4,35,8.96,10,34,very_hard,high,6,3,92.0,3,1
Open Source Contribution,project,27,27,60.5,63,9.41,40,41,hard,medium,8,1,45.4,-1,0
Mini Project (Sem 7),project,27,22,10.6,28,5.4,37,69,very_hard,low,1,4,59.1,13,1
Digital Electronics Lab,lab_experiment,8,5,41.3,92,9.92,18,67,medium,low,0,5,26.4,-2,0
Mini Project (Sem 3),project,13,13,68.4,87,9.43,33,69,very_hard,medium,2,3,42.9,12,1
Unit Test,exam,20,18,5.3,59,9.71,42,88,hard,low,8,0,39.4,0,0
Web Dev Assignment (Sem 2),assignment,24,24,61.3,45,8.5,40,37,hard,medium,2,2,42.0,-1,0
Online Quiz #4,exam,28,27,8.3,67,5.09,11,85,easy,critical,3,6,56.7,11,1
DBMS Assignment #1,assignment,25,25,65.7,12,8.63,42,23,medium,critical,1,6,59.8,3,1
Open Source Contribution #5,project,11,7,58.9,86,5.95,13,31,very_hard,low,8,3,63.1,14,1
Module Exam,exam,24,23,57.5,52,6.89,42,56,very_hard,high,9,0,65.8,10,1
ML Model Project (Sem 2),project,8,3,63.4,77,9.29,36,75,easy,high,6,2,54.2,13,1
Group Project - Web App,project,14,14,67.0,61,8.23,16,76,easy,high,5,4,44.4,10,1
DS Lab - Linked List #1,lab_experiment,15,10,71.1,64,6.58,41,41,easy,high,8,3,49.3,-3,0
Research Project (Sem 7),project,22,17,74.2,85,9.85,34,86,very_hard,medium,3,6,50.4,13,1
DBMS Assignment #4,assignment,27,26,45.0,86,8.91,32,76,medium,high,2,3,35.0,-3,0
Web Dev Assignment,assignment,17,14,76.1,66,6.09,46,14,easy,high,5,0,43.4,7,1
Mobile App Development #5,project,25,24,68.9,48,9.62,50,10,medium,high,1,0,35.4,-3,0
End-Semester Exam,exam,28,27,41.4,19,7.42,15,62,medium,high,6,1,56.7,2,1
OS Lab - Process Scheduling,lab_experiment,13,9,44.7,81,6.64,23,60,hard,low,0,5,33.1,-1,0
DBMS Assignment #2,assignment,18,15,11.7,91,4.2,34,76,hard,medium,2,0,38.2,-1,0
Module Exam #2,exam,16,12,57.6,5,6.55,24,73,hard,medium,5,4,66.4,1,1
Viva Voce,exam,28,23,31.8,18,4.45,48,27,medium,critical,6,6,81.2,5,1
End-Semester Exam,exam,1,0,21.6,68,7.84,19,76,very_hard,high,9,2,84.3,5,1
Capstone Project,project,12,8,3.4,59,9.08,20,51,medium,medium,5,2,39.2,-3,0
AI Lab - Search Algorithms (Sem 2),lab_experiment,27,25,37.3,74,7.2,35,26,hard,medium,2,4,44.7,1,1
DBMS Lab - SQL Queries,lab_experiment,13,11,61.8,69,7.91,11,12,hard,high,9,0,46.3,14,1
Networking Assignment #2,assignment,31,30,40.9,97,8.47,45,97,very_hard,medium,9,6,55.1,14,1
Weekly Test (Sem 7),exam,4,2,15.4,67,5.99,44,40,medium,low,7,2,60.0,2,1
AI Lab - Search Algorithms (Sem 8),lab_experiment,10,9,65.9,42,4.24,13,15,medium,critical,9,2,66.9,3,1
Digital Electronics Lab (Sem 1),lab_experiment,23,22,63.0,58,4.6,15,73,very_hard,medium,6,3,65.9,14,1
Final Year Project #5,project,11,11,43.7,79,9.71,35,33,hard,medium,9,2,43.7,-2,0
Open Source Contribution,project,9,5,46.1,64,6.81,17,33,hard,critical,7,0,68.9,4,1
Capstone Project,project,32,30,14.6,70,8.05,27,89,easy,medium,5,4,36.7,-1,0
Surprise Test (Sem 1),exam,12,11,46.7,65,5.76,43,71,easy,critical,7,0,56.3,12,1
AI Lab - Search Algorithms,lab_experiment,25,21,63.3,8,7.49,23,52,very_hard,high,2,4,71.7,8,1
Machine Learning Assignment #2,assignment,29,25,3.8,51,8.63,18,60,very_hard,low,10,0,46.6,4,1
Networking Assignment,assignment,26,23,48.0,20,4.42,30,97,easy,critical,6,4,72.0,9,1
Group Project - Web App #3,project,18,18,45.7,5,4.42,37,89,very_hard,medium,5,2,76.7,9,1
End-Semester Exam #1,exam,13,10,72.3,90,9.22,37,66,hard,high,2,1,37.7,-1,0
Industry Internship Project (Sem 2),project,24,24,36.9,4,6.98,45,62,medium,medium,2,4,52.7,3,1
DBMS Assignment,assignment,16,12,24.4,59,7.68,29,27,medium,medium,4,4,41.1,8,1
IOT Lab Experiment,lab_experiment,14,10,54.8,45,8.19,16,36,hard,critical,0,6,54.6,7,1
IOT Lab Experiment (Sem 8),lab_experiment,30,26,48.4,70,5.17,39,22,easy,medium,5,3,45.9,3,1
DBMS Lab - SQL Queries #1,lab_experiment,31,28,67.2,47,4.33,13,62,medium,medium,10,5,56.9,10,1
Web Dev Assignment #5,assignment,25,23,79.1,51,7.61,39,72,very_hard,low,5,3,54.7,13,1
Group Project - Web App,project,17,14,24.5,44,9.06,32,53,hard,high,10,5,63.4,7,1
DBMS Lab - SQL Queries #5,lab_experiment,20,19,59.5,74,4.46,48,23,medium,high,6,3,58.0,9,1
Machine Learning Assignment (Sem 4),assignment,7,5,29.0,51,5.79,42,31,hard,high,2,4,70.0,3,1
Software Engineering Assignment (Sem 4),assignment,14,11,16.6,96,7.61,24,14,medium,high,8,5,45.2,0,0
Practical Exam,exam,33,30,8.6,55,5.43,41,46,hard,medium,4,0,52.1,4,1
DBMS Assignment #3,assignment,23,22,71.2,98,6.55,16,92,hard,high,2,1,39.0,0,0
Internal Assessment (Sem 7),exam,8,5,69.5,23,4.19,25,65,hard,high,7,3,80.9,5,1
Mobile App Development (Sem 3),project,30,29,25.1,38,7.13,30,64,easy,medium,8,1,42.4,-3,0
Networking Assignment #2,assignment,9,4,15.9,33,8.81,47,41,hard,high,5,0,65.1,3,1
Computer Graphics Assignment,assignment,10,8,8.6,30,5.38,45,32,medium,critical,5,3,74.5,8,1
DS Lab - Linked List #4,lab_experiment,4,0,32.4,65,8.45,42,79,medium,medium,2,2,56.2,11,1
Capstone Project,project,4,3,75.9,0,7.3,25,42,easy,high,5,0,69.5,1,1
Computer Graphics Assignment #4,assignment,20,17,19.4,96,6.0,10,63,very_hard,high,1,2,45.8,12,1
IOT Lab Experiment #3,lab_experiment,8,8,78.4,90,5.83,28,92,hard,critical,4,1,60.8,3,1
Group Project - Web App (Sem 1),project,8,5,17.3,75,4.36,20,58,medium,low,7,3,51.0,14,1
Group Project - Web App,project,15,15,42.4,32,5.28,20,29,very_hard,medium,0,5,60.6,8,1
Machine Learning Assignment #4,assignment,10,9,50.2,51,4.03,18,42,medium,high,7,6,63.6,4,1
Group Project - Web App (Sem 6),project,14,13,8.5,45,5.9,45,88,very_hard,low,4,0,57.5,13,1
Mini Project (Sem 8),project,35,30,62.1,48,6.77,37,17,hard,critical,5,0,66.1,5,1
IOT Lab Experiment (Sem 2),lab_experiment,8,4,3.6,48,5.42,22,92,medium,high,4,1,61.6,10,1
Unit Test #3,exam,22,20,67.1,27,7.12,45,32,hard,critical,4,2,72.1,5,1
Computer Vision Lab #2,lab_experiment,11,8,13.9,98,6.49,31,57,very_hard,high,5,2,59.5,1,1
Web Dev Assignment (Sem 1),assignment,11,9,1.4,6,4.9,6,51,very_hard,medium,4,1,68.4,2,1
End-Semester Exam #1,exam,26,21,46.8,28,5.15,8,38,easy,low,0,5,35.2,0,0
Unit Test,exam,4,3,13.8,1,5.71,15,49,medium,low,9,0,66.3,8,1
Web Dev Assignment (Sem 3),assignment,7,6,52.4,91,5.36,42,26,hard,medium,5,6,66.0,9,1
Software Engineering Assignment,assignment,26,25,34.1,71,9.68,12,17,very_hard,medium,8,4,55.0,2,1
Software Engineering Assignment,assignment,26,26,39.1,85,5.32,15,100,easy,high,6,4,49.5,9,1
End-Semester Exam,exam,7,4,8.8,38,8.04,13,71,medium,medium,6,6,56.7,1,1
Compiler Lab - Lexical Analysis (Sem 1),lab_experiment,29,24,66.9,51,7.46,24,48,medium,medium,5,1,44.2,-2,0
Networking Assignment,assignment,23,21,22.1,72,6.65,20,46,medium,medium,8,4,45.6,-3,0
Web Dev Assignment,assignment,3,0,9.1,79,4.46,39,29,hard,critical,6,5,100.0,1,1
Unit Test (Sem 2),exam,18,18,72.7,53,9.79,43,51,hard,medium,3,4,47.7,5,1
Software Engineering Assignment #1,assignment,16,16,67.6,65,7.5,34,45,medium,medium,7,5,45.4,11,1
DS Lab - Linked List,lab_experiment,24,24,16.7,76,4.42,30,61,hard,medium,7,2,53.8,10,1
IOT Lab Experiment #4,lab_experiment,15,14,5.6,74,6.32,14,19,very_hard,high,0,2,47.6,0,0
Mini Project,project,18,13,19.2,17,8.65,24,79,easy,low,0,2,23.0,0,0
OS Lab - Process Scheduling #5,lab_experiment,22,22,8.8,44,6.1,7,21,medium,high,5,6,58.9,4,1
Internal Assessment #1,exam,19,16,52.9,39,9.59,36,95,medium,high,10,1,49.8,14,1
End-Semester Exam,exam,19,19,27.4,68,6.65,43,33,very_hard,critical,0,0,55.7,9,1
Open Source Contribution #4,project,8,8,48.5,33,4.72,34,100,medium,medium,2,3,48.8,13,1
DBMS Assignment #1,assignment,5,3,30.5,91,4.53,44,35,easy,medium,8,2,55.2,10,1
End-Semester Exam (Sem 7),exam,30,30,14.4,8,8.24,47,62,very_hard,critical,1,0,66.1,11,1
End-Semester Exam #1,exam,23,20,73.2,35,9.63,30,71,easy,high,9,3,49.0,-3,0
Mid-Semester Exam #1,exam,31,28,41.0,11,6.02,45,48,hard,high,7,5,76.3,11,1
Math Assignment (Sem 4),assignment,7,4,23.4,20,6.59,44,29,easy,critical,4,0,65.4,1,1
Algorithms Assignment #1,assignment,7,5,35.2,24,4.93,10,85,easy,high,9,5,71.2,5,1
Surprise Test #4,exam,15,11,13.1,50,6.43,11,44,very_hard,high,6,1,65.1,10,1
Mobile App Development #5,project,17,15,63.0,33,9.91,13,99,medium,high,3,0,40.7,0,0
Web Dev Assignment,assignment,16,11,31.9,26,4.07,37,100,hard,low,2,6,56.5,13,1
IoT Based Project (Sem 2),project,5,1,68.4,72,4.34,47,50,hard,critical,5,4,100.0,11,1
Group Project - Web App,project,19,16,51.5,12,5.71,33,12,easy,high,8,1,59.9,9,1
Group Project - Web App,project,1,0,33.4,85,8.75,21,69,medium,medium,1,1,45.1,-2,0
Industry Internship Project #4,project,29,24,17.4,14,6.91,7,17,very_hard,high,10,1,71.9,5,1
Weekly Test #3,exam,10,5,20.1,20,4.21,7,32,hard,medium,3,1,62.7,4,1
Embedded Systems Lab #3,lab_experiment,2,2,22.7,3,9.5,26,79,medium,high,10,0,69.0,13,1
Computer Vision Lab #2,lab_experiment,6,2,34.6,55,8.47,33,44,hard,critical,4,2,75.3,10,1
Math Assignment,assignment,18,13,25.9,46,9.21,9,93,medium,critical,4,4,56.7,13,1
Network Lab - Packet Analysis #2,lab_experiment,27,25,18.9,82,4.01,29,89,medium,medium,7,5,51.5,1,1
Mid-Semester Exam,exam,28,24,42.6,51,7.11,14,90,medium,critical,9,2,60.2,2,1
Research Project (Sem 3),project,2,1,16.1,54,4.61,11,96,easy,high,10,3,78.3,7,1
Embedded Systems Lab (Sem 4),lab_experiment,34,29,4.9,21,9.29,36,26,easy,critical,10,5,64.4,13,1
DBMS Assignment,assignment,14,12,37.7,20,4.9,26,35,very_hard,high,9,1,77.6,11,1
Digital Electronics Lab #5,lab_experiment,20,18,57.0,69,6.85,8,40,easy,critical,9,0,47.0,-1,0
DBMS Assignment (Sem 3),assignment,22,21,77.6,79,9.06,16,74,hard,medium,9,4,45.8,6,1
Module Exam,exam,9,8,19.0,88,6.34,26,73,easy,high,3,0,31.0,-2,0
IOT Lab Experiment,lab_experiment,18,14,56.9,94,7.95,39,33,medium,medium,8,2,34.1,-3,0
DBMS Lab - SQL Queries,lab_experiment,20,16,69.0,76,7.6,26,54,hard,medium,7,4,47.4,2,1
Software Engineering Assignment,assignment,30,27,23.6,4,4.22,41,79,medium,medium,3,5,62.3,6,1
ML Model Project (Sem 5),project,20,17,55.6,69,7.68,44,57,medium,medium,0,1,22.6,0,0
Software Engineering Assignment (Sem 6),assignment,25,23,71.4,50,9.34,41,65,very_hard,critical,4,6,76.1,8,1
Practical Exam #1,exam,18,13,70.6,7,8.3,8,85,medium,high,7,2,55.4,11,1
IOT Lab Experiment #2,lab_experiment,21,21,56.1,41,8.72,40,58,hard,medium,0,3,38.8,-2,0
Open Source Contribution (Sem 4),project,20,17,70.4,8,4.11,26,68,hard,critical,8,1,80.0,14,1
Viva Voce #1,exam,29,28,19.5,55,6.49,41,100,hard,medium,7,1,52.1,14,1
AI Lab - Search Algorithms #2,lab_experiment,10,5,19.8,60,7.34,10,93,easy,low,0,1,24.0,-2,0
Machine Learning Assignment (Sem 5),assignment,33,30,36.6,46,5.44,21,14,medium,low,1,6,40.9,2,1
Digital Electronics Lab #3,lab_experiment,28,24,74.7,51,7.54,22,67,medium,critical,4,6,59.0,11,1
Digital Electronics Lab,lab_experiment,19,15,57.1,98,4.16,24,23,very_hard,critical,3,3,67.8,14,1
OS Assignment (Sem 4),assignment,13,11,27.4,75,7.98,22,48,medium,high,5,1,41.2,11,1
Surprise Test #5,exam,27,23,56.3,16,5.67,43,81,medium,high,2,6,64.1,14,1
IOT Lab Experiment #3,lab_experiment,12,8,58.2,88,6.66,49,14,easy,low,9,2,31.3,-3,0
Mid-Semester Exam #3,exam,23,19,28.6,40,7.57,27,23,easy,low,8,0,29.7,2,1
End-Semester Exam,exam,18,16,61.6,50,4.25,39,47,medium,critical,5,5,73.9,14,1
ML Model Project #1,project,14,12,49.3,8,5.95,37,19,very_hard,low,2,1,60.1,12,1
Computer Graphics Assignment #3,assignment,2,1,13.8,57,8.51,9,87,hard,high,6,5,83.5,14,1
Computer Graphics Assignment #2,assignment,15,14,75.0,64,6.46,33,76,hard,medium,9,5,57.5,11,1
Mini Project,project,12,10,28.1,19,5.43,35,30,very_hard,medium,2,3,66.7,9,1
ML Model Project,project,22,21,74.1,99,8.34,9,46,medium,medium,8,5,36.1,0,0
Weekly Test #1,exam,20,16,71.3,96,5.11,27,45,very_hard,low,4,5,55.5,3,1
Mini Project #5,project,28,28,23.4,46,5.49,36,34,medium,medium,0,1,36.4,-3,0
Mid-Semester Exam,exam,9,7,77.4,59,8.17,29,45,medium,medium,1,4,40.1,-3,0
End-Semester Exam (Sem 1),exam,4,2,26.2,55,4.5,50,93,easy,low,2,5,55.0,10,1
Computer Graphics Assignment (Sem 1),assignment,33,30,73.8,34,9.59,43,47,hard,low,0,1,31.5,0,0
IoT Based Project (Sem 5),project,3,3,46.7,30,9.4,26,77,medium,low,4,6,58.6,14,1
Software Engineering Assignment,assignment,34,30,58.8,76,5.06,13,75,easy,high,10,2,47.1,8,1
Software Engineering Assignment,assignment,7,7,8.5,96,5.27,46,82,very_hard,high,9,3,76.4,1,1
Compiler Lab - Lexical Analysis #1,lab_experiment,19,15,63.8,29,8.14,30,43,hard,critical,3,5,68.2,8,1
OS Assignment (Sem 7),assignment,22,19,74.2,46,9.61,7,81,very_hard,medium,7,3,57.5,7,1
Industry Internship Project (Sem 8),project,10,7,25.2,85,8.75,20,74,hard,high,0,1,39.0,0,0
Research Project,project,32,29,49.4,43,9.31,29,94,hard,medium,0,0,31.3,-1,0
Module Exam,exam,5,5,2.3,87,7.73,49,74,hard,high,4,4,59.5,14,1
Data Structures Assignment #5,assignment,16,13,29.2,70,4.23,25,46,easy,low,1,5,31.5,-1,0
Computer Vision Lab #4,lab_experiment,24,20,78.3,27,7.24,19,44,easy,high,3,4,50.5,2,1
Mid-Semester Exam #3,exam,17,13,8.4,92,8.74,44,91,medium,low,8,4,34.0,-3,0
Internal Assessment (Sem 3),exam,16,15,17.5,10,4.72,40,52,medium,high,7,4,72.0,6,1
DBMS Assignment #3,assignment,34,29,78.4,86,9.25,21,37,very_hard,high,9,4,59.9,3,1
Data Structures Assignment (Sem 2),assignment,6,5,23.2,46,4.07,48,60,medium,low,10,2,57.6,2,1
Open Source Contribution,project,16,16,6.8,62,6.01,45,96,very_hard,low,2,1,45.1,-3,0
AI Lab - Search Algorithms #4,lab_experiment,29,26,15.3,54,5.23,14,67,medium,critical,5,3,66.6,2,1
Digital Electronics Lab (Sem 4),lab_experiment,8,7,10.3,31,5.04,7,81,easy,critical,5,4,75.5,2,1
Web Dev Assignment (Sem 4),assignment,7,2,20.6,7,7.87,43,23,hard,high,9,3,82.9,2,1
Mini Project #5,project,13,12,24.9,19,8.22,35,98,medium,critical,1,4,55.7,13,1
Machine Learning Assignment #1,assignment,18,16,63.1,6,7.87,6,36,easy,high,7,5,56.4,8,1
DBMS Lab - SQL Queries,lab_experiment,21,18,26.9,48,5.28,6,12,very_hard,low,4,0,53.0,10,1
Module Exam #5,exam,27,23,47.8,97,5.57,33,38,easy,medium,8,6,43.9,0,0
Internal Assessment #2,exam,29,25,15.6,57,4.45,47,100,medium,critical,7,3,69.3,4,1
Internal Assessment,exam,15,10,51.5,11,5.29,14,71,medium,medium,6,2,58.2,10,1
Surprise Test,exam,19,16,30.4,33,5.4,14,75,hard,high,1,4,59.8,3,1
Data Structures Assignment #2,assignment,5,4,49.4,41,5.99,17,100,medium,low,10,2,55.5,4,1
Industry Internship Project #5,project,26,26,78.5,36,5.46,46,27,very_hard,high,8,2,78.4,5,1
End-Semester Exam (Sem 2),exam,26,26,23.8,93,7.41,48,26,easy,high,0,5,33.2,-3,0
Data Structures Assignment #1,assignment,16,15,56.8,70,6.66,10,44,very_hard,critical,5,5,77.0,4,1
Computer Vision Lab #4,lab_experiment,27,23,29.9,55,4.76,36,51,very_hard,medium,2,1,55.6,1,1
Internal Assessment #3,exam,12,8,18.6,84,4.91,20,87,easy,high,0,2,31.2,-2,0
Group Project - Web App (Sem 8),project,25,25,40.6,3,9.69,13,47,hard,high,8,2,63.7,10,1
IOT Lab Experiment (Sem 8),lab_experiment,28,25,22.9,17,8.0,6,79,medium,medium,0,5,37.2,-2,0
Mini Project #1,project,23,18,27.8,58,8.98,47,31,medium,low,3,6,37.1,-1,0
AI Lab - Search Algorithms,lab_experiment,29,26,33.8,42,8.87,34,89,very_hard,medium,8,0,55.0,1,1
ML Model Project (Sem 6),project,29,27,9.2,91,5.38,32,98,easy,medium,0,2,24.0,-3,0
Industry Internship Project #3,project,15,10,36.9,45,7.88,46,69,very_hard,medium,10,5,65.6,1,1
Industry Internship Project,project,16,14,59.3,22,6.43,39,41,easy,high,2,6,52.5,3,1
Computer Vision Lab,lab_experiment,26,25,57.2,88,5.31,27,36,easy,medium,7,3,41.1,6,1
Math Assignment,assignment,21,16,53.2,32,8.57,40,44,medium,medium,0,3,33.6,-2,0
DBMS Lab - SQL Queries,lab_experiment,8,8,64.2,13,9.25,46,28,medium,high,7,4,62.0,4,1
Unit Test,exam,23,20,36.7,40,9.2,29,35,medium,low,3,2,32.9,-1,0
DS Lab - Linked List,lab_experiment,4,2,40.5,5,5.11,37,42,easy,high,9,0,74.7,12,1
Embedded Systems Lab,lab_experiment,9,6,19.4,78,4.86,11,65,easy,medium,0,2,32.5,-2,0
Algorithms Assignment (Sem 6),assignment,32,29,30.8,17,5.22,49,26,medium,critical,6,5,81.5,12,1
Computer Graphics Assignment,assignment,3,3,78.7,67,4.28,23,57,easy,medium,8,1,55.9,13,1
ML Model Project #4,project,15,10,56.0,56,5.87,12,17,medium,low,10,5,50.0,14,1
Networking Assignment,assignment,19,14,6.2,77,6.06,50,60,hard,high,5,2,57.6,-3,0
Embedded Systems Lab,lab_experiment,21,17,34.4,90,8.63,19,12,easy,medium,1,5,21.9,-1,0
DBMS Lab - SQL Queries (Sem 1),lab_experiment,5,4,22.8,3,5.03,26,87,easy,high,7,5,77.0,4,1
Viva Voce #3,exam,20,19,79.0,69,7.04,26,64,easy,high,9,5,50.8,8,1
DBMS Assignment #3,assignment,8,7,45.2,65,9.66,23,56,medium,high,2,3,46.3,-3,0
Module Exam (Sem 3),exam,24,19,33.1,97,8.9,38,54,easy,low,7,0,19.4,-2,0
Math Assignment #3,assignment,24,20,23.6,51,5.73,28,25,easy,high,10,2,53.6,5,1
Viva Voce,exam,31,30,23.5,2,8.99,24,10,easy,high,4,4,54.0,10,1
Mobile App Development #2,project,16,11,31.2,95,6.94,49,22,hard,high,5,2,53.9,1,1
Weekly Test (Sem 5),exam,10,6,15.2,24,9.17,43,26,medium,high,10,1,61.5,9,1
Final Year Project #2,project,5,0,69.0,61,7.85,36,84,hard,high,8,5,85.4,2,1
Computer Graphics Assignment #1,assignment,30,27,11.2,49,7.85,35,75,hard,high,0,0,37.7,-3,0
Computer Graphics Assignment (Sem 1),assignment,25,24,61.5,93,8.34,37,51,easy,medium,8,1,27.1,0,0
AI Lab - Search Algorithms (Sem 3),lab_experiment,23,18,25.4,53,8.8,21,97,medium,high,4,2,44.5,0,0
Algorithms Assignment,assignment,19,19,74.1,54,6.07,29,39,medium,low,9,4,45.1,0,0
ML Model Project (Sem 6),project,13,8,18.7,81,9.1,36,24,easy,medium,0,0,12.4,0,0
Final Year Project (Sem 2),project,6,5,22.1,38,8.04,29,52,hard,low,3,5,54.3,9,1
Mini Project,project,17,14,63.4,59,6.4,38,45,very_hard,high,3,0,58.0,6,1
Mini Project,project,12,8,25.2,28,8.62,8,96,easy,high,6,2,46.2,13,1
Computer Graphics Assignment (Sem 1),assignment,4,2,76.7,49,9.15,20,85,hard,low,9,1,56.2,2,1
DS Lab - Linked List (Sem 2),lab_experiment,22,22,31.5,56,5.54,37,16,medium,high,7,5,64.5,6,1
Mini Project (Sem 4),project,26,21,50.6,5,8.0,47,49,hard,low,2,3,47.7,0,0
Surprise Test #1,exam,24,22,26.4,52,7.09,26,86,hard,critical,6,4,72.2,7,1
Compiler Lab - Lexical Analysis #5,lab_experiment,24,21,16.3,4,5.51,42,65,hard,critical,1,4,76.4,11,1
Networking Assignment #2,assignment,11,6,4.8,39,7.39,37,53,medium,high,9,2,64.9,2,1
Module Exam (Sem 1),exam,6,6,12.5,81,5.63,40,98,very_hard,critical,7,3,86.8,5,1
Mini Project,project,22,18,44.7,26,5.31,32,25,medium,high,0,0,45.0,8,1
OS Assignment (Sem 8),assignment,14,10,3.1,20,8.9,11,78,very_hard,high,4,1,63.1,11,1
Networking Assignment #5,assignment,20,18,63.8,25,4.54,43,98,easy,low,6,4,52.3,-2,0
OS Assignment,assignment,33,28,2.2,21,9.29,35,86,hard,medium,7,0,51.3,2,1
Mobile App Development (Sem 2),project,21,18,76.2,9,5.18,30,94,hard,low,6,0,58.2,2,1
ML Model Project (Sem 1),project,29,26,11.3,68,4.56,25,21,easy,high,2,2,40.9,5,1
Surprise Test (Sem 8),exam,1,1,26.1,65,5.57,40,12,very_hard,medium,8,0,86.0,10,1
DBMS Assignment,assignment,16,14,24.5,7,6.22,7,95,hard,low,5,5,61.3,6,1
End-Semester Exam (Sem 1),exam,8,6,39.7,72,8.96,23,70,medium,medium,6,1,42.9,0,0
Research Project #2,project,10,10,52.5,59,6.72,20,15,very_hard,high,1,2,54.2,4,1
OS Assignment,assignment,21,20,72.0,14,6.83,18,78,hard,medium,4,6,63.0,14,1
Digital Electronics Lab,lab_experiment,11,10,52.7,7,8.53,17,34,hard,medium,3,6,56.3,2,1
Computer Graphics Assignment (Sem 4),assignment,8,4,7.5,80,5.34,48,48,very_hard,high,8,1,75.8,13,1
ML Model Project (Sem 6),project,2,2,36.5,77,4.07,38,96,hard,critical,7,3,86.4,14,1
Capstone Project #3,project,10,5,1.5,0,7.88,7,20,easy,low,9,4,51.7,6,1
Mid-Semester Exam (Sem 2),exam,5,3,69.6,25,4.91,14,71,medium,high,0,1,60.4,5,1
Weekly Test,exam,11,8,14.8,91,5.54,28,71,easy,high,7,3,47.6,3,1
Web Dev Assignment,assignment,30,26,5.2,44,9.88,32,58,hard,high,7,6,63.4,10,1
Open Source Contribution (Sem 3),project,13,11,17.4,74,8.14,10,20,medium,medium,4,6,38.2,0,0
Algorithms Assignment #1,assignment,7,5,62.7,81,6.03,42,73,medium,high,1,4,49.0,0,0
Practical Exam #2,exam,16,15,48.6,32,4.82,29,58,easy,critical,9,2,65.5,9,1
DS Lab - Linked List (Sem 6),lab_experiment,11,7,44.3,84,8.2,17,67,very_hard,medium,9,5,62.9,10,1
IOT Lab Experiment #1,lab_experiment,18,14,16.3,39,4.94,18,60,hard,high,10,4,71.0,5,1
DS Lab - Linked List #2,lab_experiment,7,2,54.2,95,7.09,29,91,easy,low,4,2,39.9,0,0
ML Model Project,project,23,20,3.0,62,6.21,13,24,medium,low,3,6,37.9,-2,0
Software Engineering Assignment #3,assignment,5,0,13.8,31,8.83,36,61,very_hard,medium,9,4,90.4,11,1
DBMS Assignment #5,assignment,23,19,46.8,75,4.27,48,74,medium,high,9,0,51.8,7,1
Mobile App Development #4,project,4,1,76.3,9,7.51,33,97,hard,medium,1,0,66.5,3,1
OS Assignment (Sem 6),assignment,34,29,2.0,11,8.52,22,87,hard,low,8,4,55.0,11,1
DBMS Lab - SQL Queries #3,lab_experiment,15,11,24.8,84,4.69,27,35,easy,medium,7,0,35.9,-1,0
Machine Learning Assignment #3,assignment,5,2,28.2,2,5.72,32,56,very_hard,medium,5,0,87.8,5,1
Network Lab - Packet Analysis,lab_experiment,30,29,52.9,73,8.07,35,100,medium,medium,6,1,35.9,0,0
Weekly Test,exam,31,30,48.4,5,9.12,35,93,easy,low,8,2,41.5,-1,0
DS Lab - Linked List (Sem 4),lab_experiment,10,10,73.9,7,9.29,41,10,medium,medium,7,0,47.7,0,0
Mobile App Development,project,33,30,17.6,17,9.23,7,90,hard,medium,1,4,45.3,12,1
Practical Exam (Sem 5),exam,17,17,43.7,87,6.88,29,18,easy,high,1,1,27.5,0,0
Computer Vision Lab,lab_experiment,11,11,21.6,91,7.62,29,70,medium,medium,9,4,37.7,-1,0
Research Project #4,project,3,1,34.5,34,4.71,44,29,medium,low,1,0,60.6,10,1
Research Project (Sem 3),project,23,21,69.5,42,4.29,35,63,medium,medium,10,0,50.1,10,1
Data Structures Assignment (Sem 4),assignment,19,18,43.6,1,6.99,37,45,very_hard,high,1,0,63.5,12,1
AI Lab - Search Algorithms (Sem 2),lab_experiment,34,30,9.7,29,9.62,20,18,medium,medium,4,5,48.2,7,1
IOT Lab Experiment #5,lab_experiment,25,21,3.8,73,8.55,10,100,medium,low,4,5,33.4,-3,0
Capstone Project,project,10,7,18.7,31,9.17,10,83,hard,critical,6,2,73.8,8,1
AI Lab - Search Algorithms #4,lab_experiment,24,21,42.9,65,6.19,11,65,easy,medium,10,2,37.1,-3,0
Unit Test (Sem 4),exam,2,1,15.0,83,4.42,27,16,hard,medium,2,0,64.1,6,1
Math Assignment #4,assignment,12,10,2.3,6,7.72,29,22,hard,high,1,4,56.7,9,1
DBMS Assignment,assignment,13,10,37.2,61,9.46,44,10,hard,medium,9,3,50.2,-3,0
Math Assignment #3,assignment,28,28,29.1,71,7.34,36,43,hard,medium,3,2,44.4,12,1
IoT Based Project (Sem 5),project,20,16,23.0,44,5.99,21,22,medium,high,6,6,65.3,1,1
Surprise Test #3,exam,8,4,12.7,7,7.89,30,18,hard,critical,1,2,68.6,3,1
Research Project,project,17,16,70.8,18,8.23,30,42,easy,critical,6,6,64.4,6,1
Module Exam (Sem 4),exam,34,30,27.0,64,8.16,33,31,hard,critical,0,0,42.5,-2,0
AI Lab - Search Algorithms,lab_experiment,5,4,28.3,47,6.12,33,56,medium,critical,2,5,67.9,1,1
DS Lab - Linked List,lab_experiment,19,15,2.1,100,5.61,5,84,hard,high,6,5,59.5,12,1
IoT Based Project #5,project,29,24,40.0,55,7.48,10,50,medium,critical,10,3,61.0,13,1
End-Semester Exam (Sem 2),exam,15,15,9.5,99,4.47,43,74,very_hard,low,9,2,53.5,6,1
Practical Exam,exam,24,22,23.3,17,4.97,50,95,very_hard,critical,0,5,81.6,11,1
Capstone Project #3,project,26,21,10.9,48,7.57,18,47,medium,low,5,6,42.2,-3,0
Unit Test #1,exam,2,2,62.0,76,6.94,18,51,easy,low,6,1,43.6,-2,0
Digital Electronics Lab,lab_experiment,1,1,77.0,75,8.52,10,37,very_hard,high,8,2,82.0,14,1
Algorithms Assignment,assignment,27,25,55.4,52,4.59,34,90,hard,critical,1,4,66.0,6,1
Computer Graphics Assignment #3,assignment,12,9,42.6,62,5.49,20,73,hard,medium,9,6,61.6,9,1
Mini Project,project,21,16,42.6,16,5.03,34,46,medium,high,7,5,72.2,3,1
Networking Assignment (Sem 5),assignment,24,23,42.1,78,7.72,11,98,very_hard,medium,2,3,42.5,0,0
Research Project (Sem 5),project,13,13,67.2,100,4.68,42,41,hard,high,4,5,60.2,8,1
Computer Graphics Assignment,assignment,25,24,66.0,29,8.87,12,95,hard,medium,6,6,57.4,9,1
Unit Test (Sem 4),exam,21,17,44.5,2,8.62,28,47,medium,medium,0,2,36.4,-2,0
Internal Assessment (Sem 6),exam,10,5,47.1,60,7.36,19,29,easy,high,8,2,53.9,2,1
DS Lab - Linked List (Sem 4),lab_experiment,18,17,21.5,98,5.2,35,76,very_hard,high,4,6,67.9,6,1
IOT Lab Experiment #3,lab_experiment,27,25,41.0,37,8.87,50,86,hard,medium,9,2,53.6,12,1
Networking Assignment (Sem 8),assignment,24,23,5.7,59,9.79,14,23,easy,medium,8,4,37.6,-1,0
Mid-Semester Exam #4,exam,30,28,56.5,42,9.39,32,79,hard,medium,4,2,47.8,4,1
Online Quiz (Sem 5),exam,21,16,4.6,23,4.92,43,58,hard,medium,6,0,61.7,5,1
Mobile App Development (Sem 7),project,6,4,46.3,68,5.11,36,71,medium,high,9,1,62.0,1,1
Networking Assignment #3,assignment,11,8,63.4,78,4.68,11,90,medium,high,4,5,54.5,7,1
Weekly Test,exam,22,22,30.0,12,6.43,38,46,medium,high,7,0,58.4,13,1
Final Year Project,project,18,16,63.2,20,4.93,13,88,very_hard,high,10,1,76.3,5,1
Computer Graphics Assignment #1,assignment,13,12,75.4,68,9.37,28,13,medium,critical,9,2,53.2,4,1
Data Structures Assignment #4,assignment,20,17,45.6,44,6.9,20,49,medium,high,6,2,54.2,7,1
Data Structures Assignment #5,assignment,19,17,77.5,73,4.68,18,60,hard,medium,6,5,59.2,1,1
DS Lab - Linked List #2,lab_experiment,9,6,10.6,97,5.11,36,67,medium,medium,6,5,57.2,2,1
Research Project (Sem 5),project,26,23,47.2,71,9.34,16,91,hard,medium,2,1,32.4,0,0
Online Quiz #4,exam,7,7,69.1,40,8.1,29,77,medium,high,5,0,54.9,3,1
Capstone Project (Sem 5),project,7,7,17.3,61,6.03,41,71,medium,medium,4,0,46.9,-2,0
Networking Assignment #2,assignment,27,27,17.8,22,5.04,9,99,medium,medium,5,3,57.5,6,1
IoT Based Project #2,project,20,19,52.0,67,8.97,38,33,medium,medium,8,1,37.4,-2,0
IoT Based Project (Sem 1),project,11,8,71.7,47,5.75,46,13,easy,medium,6,1,47.2,8,1
DBMS Assignment (Sem 4),assignment,7,2,72.1,14,5.46,24,83,medium,medium,10,1,71.6,13,1
Internal Assessment #2,exam,26,22,46.0,74,6.38,35,67,hard,medium,10,6,55.7,13,1
Mini Project,project,25,25,53.1,47,8.25,11,84,medium,medium,5,3,42.7,0,0
Data Structures Assignment #4,assignment,5,1,75.8,17,8.24,34,75,hard,low,0,5,67.0,14,1
Software Engineering Assignment (Sem 5),assignment,22,20,72.1,39,6.92,31,21,hard,low,2,4,46.3,-3,0
Data Structures Assignment (Sem 7),assignment,10,5,30.8,52,7.68,14,87,medium,high,3,4,53.0,11,1
OS Lab - Process Scheduling (Sem 3),lab_experiment,11,9,19.8,87,5.43,13,15,medium,medium,1,1,28.9,-2,0
Internal Assessment (Sem 4),exam,13,12,33.1,60,6.62,41,28,medium,critical,6,0,57.1,13,1
Unit Test,exam,5,5,22.6,63,4.55,32,85,medium,high,3,1,56.6,13,1
Viva Voce,exam,6,5,38.8,85,5.14,42,68,easy,high,8,1,54.2,2,1
OS Assignment,assignment,21,17,78.4,59,8.96,16,65,very_hard,high,5,6,66.8,3,1
Digital Electronics Lab,lab_experiment,13,8,49.3,61,6.37,37,16,easy,medium,8,2,40.5,0,0
Module Exam,exam,16,12,11.5,21,6.75,21,21,hard,critical,9,0,69.9,2,1
Machine Learning Assignment (Sem 2),assignment,10,7,70.7,13,6.38,41,71,hard,high,5,0,73.5,2,1
Surprise Test #4,exam,17,16,33.9,8,9.14,25,85,medium,critical,8,6,70.9,3,1
Algorithms Assignment #1,assignment,13,9,12.9,90,8.86,12,44,medium,critical,0,2,32.2,-3,0
Viva Voce #3,exam,32,29,74.5,31,7.66,46,20,very_hard,high,7,3,71.4,1,1
DBMS Lab - SQL Queries,lab_experiment,15,15,5.0,53,9.77,43,54,easy,medium,7,0,33.7,-2,0
Module Exam,exam,4,1,46.0,38,9.66,29,58,medium,medium,4,6,72.3,13,1
Internal Assessment,exam,15,11,29.0,57,8.61,33,30,easy,low,9,3,32.9,-2,0
Software Engineering Assignment (Sem 1),assignment,20,17,69.3,12,8.87,47,74,medium,high,9,3,60.3,5,1
Math Assignment,assignment,11,11,31.7,77,5.77,31,47,hard,high,7,3,62.7,4,1
Software Engineering Assignment #2,assignment,7,4,25.0,31,4.89,44,28,hard,low,4,2,64.2,11,1
Embedded Systems Lab (Sem 6),lab_experiment,3,2,59.5,41,5.81,30,99,very_hard,critical,4,5,100.0,5,1
DBMS Assignment (Sem 8),assignment,12,11,3.7,17,4.06,47,27,medium,medium,9,3,62.3,7,1
OS Assignment #1,assignment,27,24,61.3,32,8.89,13,13,easy,medium,5,5,44.9,-1,0
Algorithms Assignment,assignment,6,5,69.0,98,9.13,49,60,medium,low,9,0,33.3,-1,0
Web Dev Assignment #4,assignment,2,0,13.2,35,8.96,35,16,medium,medium,6,3,72.5,5,1
Data Structures Assignment (Sem 2),assignment,33,28,61.3,97,7.36,23,32,medium,medium,5,2,36.9,0,0
Compiler Lab - Lexical Analysis,lab_experiment,14,12,79.6,92,9.67,6,62,medium,medium,1,3,21.2,0,0
Digital Electronics Lab #3,lab_experiment,8,6,51.7,80,5.98,46,95,easy,high,3,3,53.6,10,1
Software Engineering Assignment #2,assignment,6,1,42.8,55,9.16,48,15,medium,critical,8,2,82.8,11,1
DS Lab - Linked List #2,lab_experiment,28,23,1.8,17,7.54,12,10,medium,medium,3,3,42.8,-1,0
Capstone Project,project,14,10,34.3,25,4.91,7,78,easy,high,3,0,46.7,-1,0
Math Assignment #1,assignment,14,9,69.3,17,8.86,38,25,easy,high,6,1,49.4,10,1
Computer Vision Lab,lab_experiment,3,2,76.2,60,6.88,31,17,easy,medium,3,5,55.1,2,1
Weekly Test #3,exam,23,23,7.7,29,5.63,18,58,very_hard,high,6,0,73.0,8,1
Mini Project,project,4,2,72.1,60,6.6,13,52,hard,high,3,6,72.3,8,1
Compiler Lab - Lexical Analysis (Sem 3),lab_experiment,15,12,36.8,0,5.22,10,51,easy,medium,0,5,46.0,8,1
Capstone Project,project,3,0,16.3,63,5.04,22,26,hard,low,3,0,65.6,10,1
End-Semester Exam #2,exam,27,25,7.9,23,6.9,49,43,medium,medium,4,1,49.3,14,1
Industry Internship Project #5,project,4,0,73.7,27,6.8,45,91,hard,medium,8,4,89.1,13,1
Online Quiz #1,exam,17,15,69.3,13,4.13,22,33,easy,low,5,4,52.6,6,1
Embedded Systems Lab #3,lab_experiment,8,6,79.3,73,4.96,44,58,medium,high,6,2,63.8,3,1
DS Lab - Linked List (Sem 2),lab_experiment,28,25,21.4,24,7.39,12,25,hard,high,1,5,58.4,12,1
Internal Assessment (Sem 4),exam,4,2,63.0,27,5.71,18,84,hard,critical,3,5,92.4,9,1
Internal Assessment #3,exam,6,6,8.3,56,9.02,42,44,easy,high,0,2,37.0,0,0
Networking Assignment,assignment,27,23,63.5,60,9.75,37,41,medium,low,3,3,31.7,-3,0
OS Assignment (Sem 7),assignment,23,20,46.2,71,9.56,6,60,hard,high,0,0,30.4,-1,0
Unit Test #3,exam,23,19,60.1,60,6.61,24,75,medium,medium,2,6,41.4,2,1
DBMS Lab - SQL Queries #4,lab_experiment,33,28,42.2,45,5.32,32,48,medium,critical,7,3,70.2,12,1
DS Lab - Linked List,lab_experiment,6,6,27.3,14,4.32,7,19,easy,high,2,2,57.9,4,1
Compiler Lab - Lexical Analysis,lab_experiment,22,19,67.1,87,5.36,35,73,hard,medium,1,0,36.1,0,0
Algorithms Assignment (Sem 4),assignment,21,16,44.2,73,4.05,27,46,medium,high,8,1,52.1,1,1
Research Project,project,25,21,58.5,88,5.04,7,65,very_hard,low,7,4,56.1,3,1
End-Semester Exam,exam,32,27,59.7,66,8.68,24,79,medium,medium,1,3,28.2,-1,0
Industry Internship Project #1,project,7,5,67.8,99,4.37,20,22,hard,critical,10,2,71.2,12,1
Networking Assignment (Sem 2),assignment,30,26,52.6,97,8.85,12,68,medium,medium,1,5,24.8,0,0
Viva Voce (Sem 6),exam,20,20,24.1,98,8.6,37,92,medium,medium,10,2,33.1,-1,0
Network Lab - Packet Analysis #2,lab_experiment,10,9,29.8,21,5.71,45,32,very_hard,critical,2,0,76.3,7,1
Software Engineering Assignment,assignment,5,1,62.4,90,6.04,44,12,hard,high,1,4,71.4,14,1
Research Project (Sem 3),project,18,16,7.0,45,8.94,13,76,easy,high,7,1,41.3,0,0
IOT Lab Experiment,lab_experiment,14,12,46.0,37,4.28,38,78,easy,high,6,1,55.4,4,1
Mini Project,project,7,2,75.4,100,7.38,25,64,medium,medium,0,2,36.5,-2,0
DS Lab - Linked List (Sem 5),lab_experiment,9,8,41.8,79,9.55,30,38,hard,medium,8,0,39.2,-1,0
Software Engineering Assignment #4,assignment,11,11,62.8,56,7.2,22,16,hard,medium,7,3,54.0,13,1
Weekly Test,exam,7,4,53.5,35,5.55,42,25,easy,high,6,1,64.2,13,1
OS Lab - Process Scheduling,lab_experiment,14,12,66.1,38,6.5,49,68,hard,medium,3,4,56.3,11,1
Viva Voce #1,exam,27,27,61.9,43,4.72,11,67,hard,critical,1,3,63.5,14,1
Networking Assignment (Sem 5),assignment,32,27,5.8,76,4.28,8,90,easy,medium,2,5,36.6,-1,0
Surprise Test #5,exam,29,25,52.8,2,8.27,17,23,hard,high,2,4,59.3,6,1
Network Lab - Packet Analysis,lab_experiment,34,30,74.9,51,5.74,50,44,medium,high,7,3,62.8,10,1
Computer Vision Lab,lab_experiment,14,12,70.0,82,5.72,12,29,very_hard,low,5,1,51.8,4,1
Digital Electronics Lab (Sem 4),lab_experiment,20,19,21.9,38,8.36,15,53,medium,high,6,3,51.9,3,1
Open Source Contribution,project,29,26,76.6,80,4.95,16,43,medium,high,6,6,57.6,12,1
Algorithms Assignment (Sem 6),assignment,18,15,43.2,35,9.2,48,91,hard,medium,3,2,47.8,2,1
Data Structures Assignment (Sem 3),assignment,14,10,76.0,79,8.92,30,73,hard,high,2,6,47.2,0,0
Computer Graphics Assignment #1,assignment,5,0,5.0,91,5.63,5,70,medium,medium,2,3,59.3,10,1
Mini Project (Sem 3),project,17,13,14.5,22,4.95,36,47,easy,low,5,3,50.2,8,1
IOT Lab Experiment #4,lab_experiment,25,25,36.4,36,9.37,32,77,easy,medium,6,1,38.0,-1,0
Unit Test,exam,31,29,9.4,35,4.6,46,18,medium,high,10,0,59.6,6,1
Networking Assignment (Sem 2),assignment,13,10,56.4,22,8.9,10,78,medium,critical,4,5,63.6,6,1
Software Engineering Assignment #4,assignment,23,22,33.8,79,6.25,32,35,medium,low,3,1,28.4,-2,0
Algorithms Assignment,assignment,13,11,43.2,82,7.98,9,44,hard,low,1,5,29.5,-1,0
Weekly Test,exam,16,16,60.5,84,6.75,22,18,hard,high,3,1,45.4,-2,0
AI Lab - Search Algorithms,lab_experiment,4,0,72.8,25,9.19,9,78,hard,medium,2,0,63.9,2,1
Online Quiz #3,exam,8,6,13.6,19,7.91,36,10,hard,critical,10,2,78.8,7,1
Digital Electronics Lab #2,lab_experiment,15,12,44.1,26,4.45,13,90,easy,low,3,3,41.1,10,1
DBMS Lab - SQL Queries #3,lab_experiment,16,15,54.2,75,4.57,26,41,medium,low,2,5,38.6,0,0
Embedded Systems Lab #4,lab_experiment,30,27,44.4,35,8.11,26,88,medium,low,2,1,28.6,-2,0
Final Year Project (Sem 6),project,27,27,44.2,31,5.33,16,33,hard,medium,2,5,58.4,5,1
Unit Test (Sem 2),exam,18,16,73.6,28,9.86,32,41,medium,medium,2,6,43.6,14,1
Mini Project,project,14,13,50.6,10,9.66,36,79,very_hard,critical,4,6,83.6,11,1
AI Lab - Search Algorithms (Sem 8),lab_experiment,15,14,76.0,80,6.8,48,82,very_hard,high,10,1,62.8,12,1
Digital Electronics Lab #4,lab_experiment,11,6,67.2,74,4.8,48,38,very_hard,high,3,6,79.0,8,1
Open Source Contribution (Sem 6),project,31,30,13.0,21,6.14,23,28,medium,high,4,3,58.1,13,1
OS Assignment (Sem 4),assignment,5,4,26.7,2,9.9,10,37,medium,low,8,5,58.6,14,1
Surprise Test,exam,31,28,64.5,29,7.98,33,63,very_hard,high,8,5,74.5,7,1
Unit Test (Sem 7),exam,23,23,12.0,65,4.85,35,21,easy,medium,3,5,44.5,-3,0
IoT Based Project (Sem 4),project,7,7,79.8,98,5.04,31,97,hard,medium,8,6,63.5,9,1
Internal Assessment (Sem 1),exam,20,16,22.0,46,7.0,23,73,easy,medium,5,0,38.1,-3,0
Open Source Contribution #4,project,10,7,27.1,87,4.81,42,16,medium,medium,3,5,53.8,7,1
Industry Internship Project #4,project,3,1,16.2,78,5.6,44,58,medium,critical,9,6,93.8,11,1
Surprise Test (Sem 7),exam,24,23,23.2,82,9.65,23,34,easy,low,1,5,18.9,-2,0
Computer Graphics Assignment #2,assignment,18,13,31.5,30,4.56,47,45,medium,high,6,0,60.7,8,1
OS Lab - Process Scheduling #2,lab_experiment,11,7,61.5,75,4.69,37,89,hard,medium,8,2,62.7,9,1
DS Lab - Linked List (Sem 8),lab_experiment,6,6,39.9,24,4.26,32,61,medium,high,3,1,64.4,6,1
Capstone Project #2,project,10,6,68.9,79,7.06,40,84,easy,medium,9,0,41.2,-3,0
Software Engineering Assignment #1,assignment,12,11,2.0,79,7.48,27,43,easy,high,5,1,40.9,-3,0
Weekly Test (Sem 7),exam,19,17,75.0,4,9.09,46,16,hard,low,3,2,48.8,12,1
Data Structures Assignment,assignment,24,24,51.4,29,6.55,29,48,very_hard,critical,2,3,74.1,6,1
OS Lab - Process Scheduling #4,lab_experiment,13,13,77.3,9,7.04,37,83,medium,medium,9,4,59.9,1,1
Internal Assessment (Sem 8),exam,24,23,5.5,10,6.7,25,61,hard,medium,8,3,63.5,14,1
Embedded Systems Lab #4,lab_experiment,6,4,10.3,83,9.05,24,94,medium,medium,7,3,44.8,1,1
Capstone Project #3,project,29,28,14.6,79,5.06,35,56,very_hard,low,7,3,58.7,10,1
IoT Based Project,project,15,13,62.4,77,4.44,50,39,easy,high,10,6,56.6,3,1
IOT Lab Experiment (Sem 6),lab_experiment,17,14,61.1,58,6.32,12,67,very_hard,high,1,4,57.6,9,1
DBMS Lab - SQL Queries (Sem 4),lab_experiment,14,13,68.1,11,9.81,26,73,very_hard,medium,8,4,68.4,9,1
DS Lab - Linked List #4,lab_experiment,26,23,50.4,13,7.15,45,20,hard,critical,10,2,77.9,10,1
Open Source Contribution,project,30,26,58.5,95,5.01,25,38,very_hard,high,1,5,58.5,7,1
Mid-Semester Exam #1,exam,26,26,14.8,17,9.33,24,55,medium,medium,10,2,48.0,-3,0
Group Project - Web App #4,project,8,4,31.0,63,4.44,39,42,medium,high,4,4,66.3,4,1
Viva Voce #3,exam,6,4,19.8,43,5.63,38,46,very_hard,high,3,4,82.2,1,1
Digital Electronics Lab,lab_experiment,18,13,38.7,31,6.6,41,80,easy,medium,9,4,50.9,10,1
Mini Project,project,8,7,28.6,63,8.04,39,28,hard,critical,8,2,70.3,3,1
IoT Based Project,project,18,16,65.9,48,9.29,7,30,very_hard,high,5,4,66.1,9,1
AI Lab - Search Algorithms #4,lab_experiment,21,17,30.4,93,9.95,41,38,easy,high,10,1,34.5,0,0
Digital Electronics Lab,lab_experiment,17,14,15.8,41,5.8,49,34,hard,high,9,6,75.7,2,1
Mini Project #5,project,16,16,10.8,30,6.91,42,72,medium,low,0,2,32.2,-2,0
Machine Learning Assignment,assignment,30,30,55.9,97,7.49,39,91,medium,medium,5,6,44.5,0,0
DBMS Assignment #4,assignment,21,20,75.8,96,4.44,34,50,easy,high,3,4,43.2,7,1
IOT Lab Experiment #4,lab_experiment,20,17,26.9,85,6.64,32,37,medium,high,4,0,40.2,0,0
Compiler Lab - Lexical Analysis (Sem 5),lab_experiment,26,26,50.6,20,9.26,10,62,hard,medium,5,1,51.0,6,1
DS Lab - Linked List #5,lab_experiment,17,15,71.1,31,9.7,40,90,hard,low,10,6,54.8,8,1
End-Semester Exam,exam,25,21,64.3,96,6.83,20,79,easy,medium,7,6,37.8,-1,0
Network Lab - Packet Analysis,lab_experiment,14,14,49.4,69,4.54,48,47,medium,critical,8,5,71.0,13,1
Mid-Semester Exam,exam,13,9,5.1,87,5.92,31,30,medium,high,7,0,47.7,7,1
Viva Voce (Sem 6),exam,10,8,56.3,45,6.17,33,34,easy,low,2,1,27.3,-1,0
DBMS Assignment (Sem 8),assignment,15,13,59.0,31,5.98,36,45,medium,medium,7,5,62.4,1,1
DBMS Lab - SQL Queries #4,lab_experiment,9,4,15.1,84,6.9,10,56,medium,high,10,0,49.2,13,1
IOT Lab Experiment,lab_experiment,15,15,47.4,46,6.72,11,46,medium,low,8,0,36.9,-3,0
Machine Learning Assignment (Sem 7),assignment,7,3,59.7,16,4.03,48,51,easy,low,10,5,71.6,7,1
Internal Assessment #5,exam,18,13,28.6,6,8.82,37,71,hard,medium,7,3,60.5,5,1
Viva Voce,exam,14,14,61.5,56,7.88,26,83,medium,high,4,6,50.4,0,0
IOT Lab Experiment #4,lab_experiment,10,8,78.9,89,4.6,37,38,easy,medium,9,1,37.9,0,0
End-Semester Exam (Sem 8),exam,23,18,74.0,33,7.12,26,49,medium,critical,2,5,62.0,11,1
Practical Exam #4,exam,15,13,29.1,19,5.7,6,56,very_hard,high,9,5,83.8,7,1
Group Project - Web App,project,10,6,42.3,100,4.86,11,19,medium,medium,9,0,44.1,-1,0
AI Lab - Search Algorithms #3,lab_experiment,14,14,55.7,30,9.02,48,73,very_hard,low,2,1,46.8,3,1
Unit Test (Sem 5),exam,3,2,27.3,84,9.5,31,94,hard,high,2,3,57.3,11,1
Network Lab - Packet Analysis,lab_experiment,14,14,32.3,23,4.29,8,12,medium,low,10,0,46.2,-3,0
Computer Graphics Assignment #3,assignment,5,0,12.3,73,5.88,12,26,easy,low,5,4,64.6,3,1
Algorithms Assignment #4,assignment,17,16,33.9,20,7.59,22,67,easy,low,2,6,34.2,-2,0
Computer Vision Lab,lab_experiment,22,18,27.2,14,9.87,21,40,easy,critical,9,0,54.3,4,1
Viva Voce (Sem 5),exam,27,24,16.6,14,8.3,30,85,hard,medium,6,3,58.2,7,1
AI Lab - Search Algorithms,lab_experiment,17,17,54.2,40,6.65,21,22,very_hard,low,7,3,60.1,9,1
Mini Project #2,project,18,18,57.5,88,8.82,29,27,hard,high,6,1,46.3,0,0
Capstone Project,project,8,4,14.9,87,8.95,44,76,very_hard,critical,3,0,64.0,11,1
Mid-Semester Exam,exam,20,20,46.8,9,4.5,12,35,hard,medium,3,4,63.4,10,1
AI Lab - Search Algorithms,lab_experiment,10,5,52.4,0,7.16,38,66,easy,medium,8,5,66.8,6,1
Surprise Test,exam,12,7,17.0,62,5.63,43,89,easy,critical,3,0,58.9,13,1
DBMS Lab - SQL Queries,lab_experiment,13,10,6.2,33,4.89,43,38,hard,low,1,2,46.7,10,1
AI Lab - Search Algorithms,lab_experiment,14,10,42.6,89,8.96,33,33,medium,critical,10,2,49.5,13,1
Open Source Contribution,project,4,0,39.0,17,9.15,35,20,medium,high,6,5,87.1,14,1
Mobile App Development,project,32,29,38.2,77,7.59,39,29,hard,low,7,6,45.5,11,1
Software Engineering Assignment #1,assignment,16,12,35.5,43,8.03,24,74,medium,low,9,4,41.8,-3,0
Math Assignment #5,assignment,30,26,12.3,27,7.61,49,39,medium,medium,0,4,37.5,-3,0
IOT Lab Experiment #4,lab_experiment,13,10,46.6,83,9.85,19,95,hard,high,8,1,46.3,13,1
OS Lab - Process Scheduling,lab_experiment,12,11,14.6,81,6.3,8,82,easy,high,10,3,42.6,11,1
Internal Assessment,exam,26,22,57.5,87,8.38,42,39,easy,medium,7,3,32.8,-1,0
DBMS Assignment (Sem 8),assignment,28,23,6.3,40,7.95,50,54,hard,low,8,2,48.0,-2,0
DBMS Assignment,assignment,7,6,46.4,48,4.65,25,20,easy,low,7,6,55.9,1,1
Mini Project #5,project,24,20,37.5,13,7.49,45,79,medium,medium,6,5,61.9,7,1
Math Assignment #3,assignment,3,1,50.3,41,5.88,6,21,very_hard,medium,7,4,95.4,12,1
Surprise Test (Sem 8),exam,33,28,18.4,93,6.3,36,31,very_hard,medium,8,6,60.0,11,1
ML Model Project,project,21,21,68.5,63,4.48,39,82,medium,medium,7,3,52.3,5,1
Capstone Project,project,10,10,19.1,98,9.44,28,88,hard,high,7,2,46.2,7,1
Compiler Lab - Lexical Analysis (Sem 3),lab_experiment,33,28,38.7,41,5.12,38,73,medium,medium,7,1,52.6,3,1
ML Model Project,project,12,9,7.7,95,5.43,48,87,easy,high,1,5,40.8,-3,0
AI Lab - Search Algorithms #4,lab_experiment,23,22,8.5,90,9.48,36,17,hard,critical,10,2,56.6,10,1
DBMS Lab - SQL Queries,lab_experiment,4,3,17.5,10,6.17,9,13,medium,medium,4,5,70.9,13,1
OS Assignment #4,assignment,29,28,3.7,75,4.8,36,90,hard,high,6,0,57.6,3,1
Practical Exam (Sem 4),exam,20,16,59.2,45,5.11,33,75,very_hard,low,4,1,58.3,14,1
Compiler Lab - Lexical Analysis #4,lab_experiment,7,3,49.1,41,8.37,41,31,medium,low,9,1,52.9,8,1
Computer Vision Lab,lab_experiment,15,11,7.1,84,4.17,45,48,easy,medium,5,5,47.7,-3,0
DS Lab - Linked List,lab_experiment,9,6,42.8,54,5.47,12,47,easy,low,1,3,37.4,0,0
AI Lab - Search Algorithms (Sem 5),lab_experiment,21,19,22.5,77,7.07,36,23,medium,medium,0,2,27.2,-3,0
Weekly Test (Sem 5),exam,3,3,37.1,43,9.51,41,94,very_hard,low,6,6,75.5,9,1
Final Year Project,project,17,14,72.2,80,6.32,6,17,hard,high,3,3,48.6,7,1
DBMS Assignment (Sem 5),assignment,33,30,23.0,73,9.12,38,73,medium,medium,5,6,44.2,0,0
Machine Learning Assignment #2,assignment,26,23,19.5,53,6.28,39,59,very_hard,high,1,1,55.3,-3,0
Viva Voce #4,exam,10,5,5.5,59,7.94,24,68,easy,low,2,3,30.6,-1,0
Module Exam (Sem 7),exam,23,18,30.8,61,6.45,40,37,medium,critical,4,0,53.8,14,1
End-Semester Exam #2,exam,17,14,54.1,31,6.08,42,36,medium,critical,0,5,58.0,3,1
Viva Voce,exam,29,26,44.7,73,8.66,16,10,medium,low,9,3,33.0,-2,0
Research Project #4,project,22,20,71.1,46,8.63,17,59,medium,low,2,5,33.5,-1,0
Compiler Lab - Lexical Analysis (Sem 1),lab_experiment,13,11,12.5,93,4.44,21,35,hard,medium,7,1,47.5,-1,0
Unit Test #5,exam,3,0,50.1,60,8.04,49,27,medium,critical,7,1,79.9,13,1
Mid-Semester Exam #1,exam,4,2,5.5,12,5.31,11,79,easy,medium,3,4,65.7,11,1
Math Assignment #3,assignment,9,8,15.2,76,6.1,25,65,hard,medium,5,4,52.3,7,1
Surprise Test,exam,33,29,27.5,31,8.36,35,36,medium,medium,7,4,50.3,8,1
Module Exam (Sem 4),exam,12,11,37.7,37,4.35,50,72,hard,low,0,4,47.6,4,1
Research Project #4,project,8,6,63.8,31,7.64,15,67,medium,high,5,4,63.3,14,1
DS Lab - Linked List #4,lab_experiment,6,2,22.3,50,7.52,35,80,easy,high,4,3,58.5,14,1
IOT Lab Experiment (Sem 8),lab_experiment,22,21,67.9,47,4.15,30,23,very_hard,low,9,0,58.6,9,1
AI Lab - Search Algorithms #2,lab_experiment,18,14,52.3,13,6.81,49,73,easy,critical,10,1,64.3,4,1
Computer Vision Lab (Sem 1),lab_experiment,3,1,32.5,12,7.73,42,16,medium,critical,0,2,75.8,4,1
Mobile App Development #3,project,25,22,22.6,87,4.97,27,91,easy,low,9,2,34.3,0,0
DBMS Lab - SQL Queries,lab_experiment,16,16,14.3,13,7.2,12,38,medium,high,2,5,56.6,4,1
Group Project - Web App (Sem 2),project,14,12,12.4,44,7.68,19,86,medium,medium,5,3,44.1,-2,0
IoT Based Project #3,project,17,16,23.2,31,5.54,24,50,medium,high,1,2,50.2,7,1
Computer Vision Lab #5,lab_experiment,34,30,28.2,31,5.21,22,48,hard,high,2,2,60.0,8,1
Industry Internship Project (Sem 2),project,27,23,63.0,56,8.29,39,96,medium,medium,0,1,24.7,-1,0
Capstone Project #1,project,29,29,43.0,72,7.95,40,98,medium,critical,4,0,46.6,9,1
Algorithms Assignment #3,assignment,12,7,6.7,23,8.23,23,34,medium,critical,3,5,69.7,5,1
Viva Voce,exam,15,13,21.7,68,4.58,48,63,hard,low,3,1,44.2,10,1
DBMS Assignment #4,assignment,29,25,27.8,43,5.2,12,30,hard,low,1,6,47.6,2,1
Mini Project,project,20,19,65.2,87,6.61,38,86,medium,critical,5,6,61.4,10,1
ML Model Project,project,4,3,60.4,72,7.45,17,62,medium,medium,9,5,62.3,12,1
Group Project - Web App,project,18,14,9.4,6,4.68,16,66,medium,high,0,5,57.4,5,1
Capstone Project #5,project,14,13,8.1,27,6.08,43,18,medium,medium,4,1,47.9,13,1
Web Dev Assignment,assignment,23,20,21.6,97,9.26,30,43,hard,medium,10,0,35.6,-3,0
Mini Project,project,33,28,42.3,85,4.65,42,81,medium,high,6,4,57.2,10,1
Machine Learning Assignment (Sem 3),assignment,10,9,8.2,65,7.89,15,22,hard,medium,1,2,32.5,-3,0
Computer Graphics Assignment,assignment,0,0,75.6,25,7.95,18,88,medium,medium,3,5,70.8,9,1
Capstone Project,project,31,29,25.2,63,4.31,43,58,very_hard,medium,8,4,69.7,7,1
OS Assignment #1,assignment,10,7,59.7,78,6.39,42,18,easy,medium,9,3,47.6,12,1
Digital Electronics Lab (Sem 3),lab_experiment,18,14,30.5,30,8.62,13,89,medium,high,5,4,55.3,14,1
DBMS Assignment #1,assignment,20,19,58.5,23,5.66,44,89,medium,critical,1,4,65.8,11,1
Viva Voce (Sem 3),exam,30,26,59.5,59,5.0,32,28,easy,high,5,0,48.4,12,1
ML Model Project (Sem 5),project,13,12,34.4,81,7.52,16,43,hard,medium,6,3,43.4,-1,0
Internal Assessment,exam,10,9,13.9,30,5.06,22,18,medium,medium,1,0,39.2,-1,0
AI Lab - Search Algorithms #5,lab_experiment,11,6,46.8,37,6.88,41,78,easy,high,6,4,64.7,11,1
Practical Exam #4,exam,10,5,67.6,96,7.52,39,12,easy,medium,8,6,42.7,2,1
IOT Lab Experiment (Sem 4),lab_experiment,8,4,4.7,83,6.88,11,36,medium,critical,7,0,57.5,11,1
DBMS Lab - SQL Queries #2,lab_experiment,29,26,18.8,33,5.47,27,100,hard,high,1,4,61.1,14,1
Algorithms Assignment #3,assignment,7,3,62.7,55,8.08,15,14,medium,medium,8,5,60.5,2,1
Network Lab - Packet Analysis (Sem 7),lab_experiment,21,17,3.1,33,7.23,5,53,very_hard,low,8,3,59.9,5,1
DS Lab - Linked List,lab_experiment,11,6,72.8,66,9.25,30,60,hard,medium,3,0,43.8,5,1
Machine Learning Assignment (Sem 6),assignment,21,17,35.2,62,6.25,48,63,medium,medium,7,3,48.4,13,1
Embedded Systems Lab (Sem 3),lab_experiment,12,7,62.6,62,8.71,13,44,easy,critical,10,6,61.9,7,1
Practical Exam (Sem 7),exam,16,15,36.3,73,4.52,16,26,hard,medium,2,4,48.0,14,1
Computer Graphics Assignment #5,assignment,21,18,42.1,43,5.6,48,56,easy,low,3,0,35.2,0,0
Embedded Systems Lab,lab_experiment,31,26,24.0,38,9.92,42,91,very_hard,critical,0,0,56.6,13,1
Internal Assessment,exam,19,18,51.6,28,8.2,46,92,medium,critical,2,4,58.0,7,1
Digital Electronics Lab (Sem 6),lab_experiment,11,10,22.0,90,5.79,37,45,easy,low,2,4,29.7,0,0
ML Model Project #1,project,16,14,79.5,13,4.58,9,96,hard,medium,8,3,66.3,14,1
Math Assignment (Sem 5),assignment,13,8,55.8,93,8.39,24,40,hard,critical,2,4,49.8,-2,0
Online Quiz (Sem 7),exam,32,30,4.4,95,8.01,35,20,medium,high,10,6,46.5,0,0
Web Dev Assignment (Sem 5),assignment,13,12,18.6,87,7.27,39,73,very_hard,critical,0,3,57.5,2,1
DBMS Assignment,assignment,18,15,39.1,86,6.59,25,65,very_hard,high,4,5,64.3,8,1
Computer Vision Lab #4,lab_experiment,9,7,31.4,93,6.47,31,93,medium,low,4,0,34.5,13,1
Internal Assessment (Sem 6),exam,19,19,24.3,2,6.85,47,23,medium,low,1,6,47.3,9,1
Mini Project #3,project,27,22,39.0,17,7.56,29,19,medium,low,7,0,39.5,-3,0
Data Structures Assignment #4,assignment,34,29,13.2,22,6.8,7,30,medium,high,8,3,59.3,1,1
OS Lab - Process Scheduling (Sem 6),lab_experiment,25,20,67.1,16,6.65,18,44,medium,high,10,3,61.6,5,1
DBMS Assignment #2,assignment,12,11,19.5,25,4.29,26,72,medium,medium,1,1,42.6,9,1
Final Year Project #2,project,22,21,79.5,25,9.96,40,83,easy,low,1,6,32.0,-3,0
Surprise Test,exam,9,4,64.7,69,8.03,44,96,easy,medium,2,5,39.6,-1,0
Mini Project (Sem 1),project,16,15,65.0,22,8.81,9,68,very_hard,low,6,6,61.5,13,1
Weekly Test,exam,15,12,78.1,17,5.05,34,22,hard,medium,4,4,67.0,5,1
OS Assignment,assignment,27,26,20.4,77,6.2,41,94,very_hard,high,8,5,70.7,9,1
Computer Graphics Assignment #1,assignment,10,10,77.1,18,9.55,8,85,very_hard,critical,1,3,66.2,2,1
Online Quiz,exam,15,14,28.6,22,6.79,28,70,hard,medium,1,0,43.4,1,1
Practical Exam (Sem 4),exam,24,22,49.3,20,7.01,43,87,medium,medium,3,3,50.3,3,1
Mini Project (Sem 2),project,19,18,7.0,42,9.24,12,64,hard,medium,6,2,48.8,2,1
DS Lab - Linked List (Sem 8),lab_experiment,26,21,37.3,85,6.91,23,37,medium,low,1,1,20.3,-3,0
Software Engineering Assignment #2,assignment,2,0,19.7,58,5.36,11,73,hard,medium,2,3,73.5,11,1
Algorithms Assignment,assignment,35,30,77.0,3,8.44,22,89,medium,low,8,4,49.6,13,1
Software Engineering Assignment #4,assignment,28,26,67.3,87,4.09,38,42,easy,low,6,0,31.4,-3,0
Surprise Test (Sem 3),exam,1,0,77.4,5,4.59,26,25,medium,high,9,2,92.6,7,1
Industry Internship Project,project,14,13,39.9,69,7.54,15,52,easy,medium,9,3,33.7,-2,0
Data Structures Assignment #4,assignment,10,7,14.8,97,5.7,17,45,very_hard,low,1,0,43.3,4,1
Computer Vision Lab,lab_experiment,31,26,18.8,27,6.21,47,96,easy,medium,8,3,50.3,4,1
Mid-Semester Exam (Sem 6),exam,30,30,26.5,25,9.51,26,48,hard,critical,7,3,70.6,2,1
Algorithms Assignment (Sem 8),assignment,19,17,73.7,82,4.83,27,97,very_hard,medium,3,1,52.3,10,1
Machine Learning Assignment #5,assignment,24,19,66.0,98,8.61,15,52,hard,critical,0,2,37.9,-1,0
Practical Exam #4,exam,12,10,68.3,68,7.22,29,68,very_hard,medium,7,4,62.3,14,1
Surprise Test (Sem 5),exam,32,27,15.0,78,6.74,37,28,medium,high,4,5,52.1,4,1
Surprise Test,exam,6,5,72.5,1,7.47,21,21,medium,critical,6,3,80.9,13,1
IOT Lab Experiment #4,lab_experiment,27,25,44.0,31,4.1,6,88,hard,high,0,6,58.4,5,1
DBMS Assignment,assignment,24,20,4.7,71,7.93,42,52,very_hard,medium,3,0,44.0,7,1
Industry Internship Project,project,3,0,27.7,55,6.04,37,27,hard,high,0,3,72.7,12,1
Unit Test,exam,10,7,73.6,17,4.61,44,46,easy,high,8,1,68.0,6,1
OS Lab - Process Scheduling (Sem 8),lab_experiment,29,26,41.9,97,5.08,7,38,easy,high,4,6,45.3,-2,0
Practical Exam (Sem 2),exam,18,17,11.1,87,7.79,36,32,medium,low,10,1,28.2,-1,0
Networking Assignment,assignment,16,15,79.2,62,4.44,7,85,medium,high,6,5,60.3,13,1
Industry Internship Project (Sem 3),project,22,22,14.2,53,4.81,30,26,medium,high,6,1,56.4,10,1
IoT Based Project #3,project,14,9,66.8,19,9.58,21,24,medium,critical,6,1,60.3,12,1
Viva Voce,exam,17,12,14.4,77,7.6,24,42,easy,low,3,4,24.0,0,0
Group Project - Web App #4,project,15,13,78.0,99,7.45,26,72,medium,high,5,4,47.8,14,1
DS Lab - Linked List #2,lab_experiment,24,22,59.2,10,7.55,43,36,medium,medium,5,0,47.3,2,1
Software Engineering Assignment,assignment,21,17,27.4,12,6.26,34,76,hard,medium,6,2,62.0,8,1
OS Lab - Process Scheduling #5,lab_experiment,31,30,11.7,21,9.72,10,56,hard,medium,7,2,52.8,3,1
Network Lab - Packet Analysis,lab_experiment,17,16,63.4,64,5.58,25,58,hard,high,4,1,57.7,13,1
Module Exam (Sem 3),exam,14,12,49.0,88,8.1,9,10,hard,high,7,0,42.3,-1,0
DBMS Lab - SQL Queries (Sem 2),lab_experiment,20,20,65.6,19,4.37,43,46,easy,high,1,4,53.5,5,1
Open Source Contribution,project,16,16,17.4,25,4.3,39,32,medium,medium,3,1,49.9,7,1
Module Exam (Sem 7),exam,18,13,13.0,76,4.18,10,25,medium,medium,7,4,48.8,0,0
IOT Lab Experiment (Sem 1),lab_experiment,23,22,23.6,27,8.15,47,26,medium,critical,9,4,67.3,1,1
Weekly Test,exam,3,1,46.4,46,9.75,29,17,medium,low,7,2,62.7,6,1
Algorithms Assignment (Sem 2),assignment,3,1,69.5,43,5.04,24,28,medium,medium,8,0,73.8,10,1
Digital Electronics Lab #3,lab_experiment,28,26,19.0,33,9.3,49,88,hard,low,9,1,47.3,8,1
Industry Internship Project #5,project,4,4,12.3,98,7.42,44,54,medium,high,3,1,45.8,6,1
Mid-Semester Exam #5,exam,7,6,25.1,21,5.77,45,82,very_hard,high,2,6,86.3,1,1
Research Project #3,project,25,20,20.6,20,5.52,10,36,hard,high,5,4,74.0,14,1
Mobile App Development #4,project,17,13,6.3,96,9.63,30,35,hard,high,3,1,38.8,0,0
Compiler Lab - Lexical Analysis,lab_experiment,21,21,62.9,24,5.53,24,49,easy,high,9,0,54.6,14,1
Research Project,project,4,2,71.2,63,4.9,14,27,very_hard,high,9,1,82.8,11,1
Algorithms Assignment (Sem 2),assignment,29,29,30.1,97,8.45,46,85,medium,medium,3,2,28.2,0,0
Machine Learning Assignment,assignment,29,27,42.3,56,5.04,44,81,medium,high,9,2,59.2,3,1
OS Assignment,assignment,15,11,46.5,12,8.25,7,14,medium,medium,8,0,43.3,0,0
IoT Based Project #2,project,19,15,49.8,36,6.13,5,17,medium,high,7,0,50.3,7,1
Weekly Test #1,exam,26,26,23.6,91,5.85,41,82,hard,critical,10,4,70.9,13,1
Online Quiz #1,exam,31,28,27.0,45,7.67,21,85,medium,medium,9,0,38.1,-3,0
Internal Assessment (Sem 2),exam,33,30,27.6,42,6.83,15,30,medium,medium,2,2,38.1,12,1
Internal Assessment,exam,24,21,35.7,60,9.54,32,88,medium,critical,10,4,59.2,0,0
OS Assignment (Sem 8),assignment,10,10,75.3,62,9.66,21,26,very_hard,medium,6,3,55.7,4,1
Unit Test (Sem 1),exam,6,5,3.1,6,6.82,29,26,hard,medium,0,5,61.7,7,1
Algorithms Assignment,assignment,5,3,33.0,45,8.73,39,80,very_hard,high,2,6,77.9,3,1
Mini Project #3,project,21,18,3.1,91,9.47,42,90,medium,critical,5,2,50.0,2,1
Final Year Project,project,19,17,16.7,18,5.48,35,50,easy,critical,10,5,74.9,13,1
DBMS Lab - SQL Queries,lab_experiment,29,29,50.0,85,5.05,11,14,medium,medium,10,3,45.1,-1,0
Web Dev Assignment #1,assignment,23,19,4.4,89,5.29,21,39,very_hard,critical,4,0,66.3,13,1
Computer Graphics Assignment (Sem 7),assignment,14,10,3.0,41,4.89,33,44,very_hard,medium,6,0,65.1,4,1
End-Semester Exam (Sem 7),exam,15,14,65.1,9,6.83,6,71,very_hard,high,0,5,65.8,2,1
Research Project,project,29,28,66.6,65,6.07,18,16,medium,medium,6,4,46.8,-2,0
Module Exam (Sem 2),exam,22,20,7.1,53,8.21,47,59,medium,critical,2,0,45.1,-1,0
Digital Electronics Lab,lab_experiment,18,15,8.4,48,9.46,10,70,hard,medium,6,1,45.4,-3,0
Viva Voce (Sem 4),exam,26,24,40.3,3,4.41,48,98,hard,medium,9,0,66.2,11,1
Math Assignment (Sem 8),assignment,1,1,16.0,39,4.89,6,48,medium,high,6,2,83.8,13,1
Computer Graphics Assignment #3,assignment,6,5,63.7,97,8.12,23,60,hard,medium,6,5,52.9,3,1
Unit Test #4,exam,8,6,75.5,81,7.94,44,17,hard,high,8,6,65.2,7,1
OS Assignment #2,assignment,31,30,78.8,71,6.66,10,21,medium,high,7,0,43.8,-3,0
Mini Project (Sem 7),project,21,21,75.5,5,7.36,20,59,medium,medium,0,3,42.0,-2,0
Computer Vision Lab (Sem 2),lab_experiment,16,14,68.7,58,5.28,13,69,medium,high,10,4,59.7,2,1
Data Structures Assignment #3,assignment,5,1,38.8,12,4.31,11,44,hard,medium,2,2,80.7,7,1
OS Assignment,assignment,20,19,17.7,40,8.46,17,48,easy,low,10,5,38.7,0,0
End-Semester Exam (Sem 4),exam,31,30,42.1,34,9.58,48,79,hard,medium,2,0,41.0,-3,0
Unit Test (Sem 7),exam,28,27,3.1,51,7.48,13,70,medium,medium,1,1,31.1,-1,0
Algorithms Assignment #5,assignment,25,23,28.6,92,4.16,15,57,hard,medium,7,5,55.1,7,1
OS Assignment,assignment,4,2,24.0,48,8.17,31,85,very_hard,critical,10,4,91.5,12,1
Algorithms Assignment (Sem 5),assignment,30,25,15.7,71,6.39,34,97,hard,critical,0,3,52.2,3,1
Viva Voce #3,exam,31,30,6.1,8,7.25,9,84,hard,high,4,1,62.3,3,1
Open Source Contribution,project,16,16,30.8,94,9.02,8,49,medium,critical,9,5,52.0,3,1
Machine Learning Assignment (Sem 2),assignment,28,26,31.1,84,6.67,23,49,hard,high,5,4,57.5,9,1
End-Semester Exam #1,exam,32,28,33.2,5,7.14,31,77,easy,critical,6,5,72.1,7,1
Group Project - Web App #2,project,14,12,47.7,99,6.41,5,58,medium,low,5,1,27.7,-2,0
Group Project - Web App (Sem 6),project,23,19,1.1,89,6.34,50,95,hard,high,10,4,59.2,4,1
Mini Project,project,14,14,10.9,1,6.27,50,10,medium,medium,7,2,58.8,12,1
IoT Based Project (Sem 4),project,20,20,25.5,24,7.57,23,100,easy,medium,1,5,35.5,-1,0
Compiler Lab - Lexical Analysis,lab_experiment,18,18,76.5,31,5.73,14,59,hard,medium,4,5,64.2,14,1
Unit Test #5,exam,17,12,52.8,31,4.51,34,99,medium,high,10,5,69.2,1,1
Data Structures Assignment,assignment,10,10,4.8,23,8.17,44,42,medium,low,2,1,32.8,-1,0
Weekly Test #1,exam,26,26,71.6,94,5.77,47,10,hard,medium,8,4,55.9,6,1
Weekly Test (Sem 3),exam,33,28,32.3,36,7.84,48,39,hard,critical,0,1,51.6,4,1
Mini Project #5,project,6,2,8.8,40,9.2,21,96,medium,high,6,1,63.1,10,1
Module Exam (Sem 4),exam,22,21,23.2,28,4.17,39,38,medium,high,3,4,62.3,3,1
Online Quiz (Sem 4),exam,30,29,49.2,28,5.87,15,52,hard,medium,7,5,67.9,11,1
OS Assignment #3,assignment,11,7,56.5,98,7.07,5,84,very_hard,critical,1,1,58.9,12,1
Web Dev Assignment (Sem 8),assignment,18,18,25.4,49,7.43,32,14,easy,low,4,3,36.4,-3,0
Group Project - Web App (Sem 7),project,32,28,35.9,51,6.47,47,97,hard,medium,1,6,49.5,14,1
Embedded Systems Lab #1,lab_experiment,8,7,51.9,53,7.43,48,43,medium,medium,2,4,51.2,9,1
IoT Based Project,project,5,3,25.4,88,7.91,32,31,hard,medium,1,4,48.6,4,1
Industry Internship Project,project,30,26,66.0,88,7.14,10,89,medium,medium,9,2,37.4,-1,0
Computer Graphics Assignment (Sem 6),assignment,13,12,13.4,43,5.74,32,70,medium,low,6,5,54.6,4,1
Group Project - Web App #3,project,12,7,23.5,28,9.38,36,90,hard,medium,6,6,68.0,11,1
Networking Assignment,assignment,17,17,28.5,67,4.22,13,77,medium,medium,1,3,36.9,-1,0
Viva Voce,exam,25,21,29.4,36,8.74,31,21,medium,low,7,0,35.9,8,1
Mini Project,project,27,22,63.4,32,4.92,25,44,easy,high,6,0,53.1,5,1
IOT Lab Experiment (Sem 3),lab_experiment,25,24,71.3,13,9.96,33,90,easy,high,1,4,43.7,4,1
Math Assignment #5,assignment,27,24,28.8,72,8.02,50,28,medium,high,6,3,48.6,8,1
AI Lab - Search Algorithms (Sem 1),lab_experiment,22,22,76.5,35,8.54,36,85,medium,critical,1,3,50.6,11,1
Capstone Project (Sem 8),project,6,3,35.0,32,7.64,47,87,hard,critical,7,5,90.3,10,1
Mobile App Development (Sem 2),project,14,9,16.1,95,6.71,32,41,easy,medium,4,0,26.2,-2,0
Computer Graphics Assignment (Sem 5),assignment,13,9,52.0,49,6.24,38,99,medium,low,4,0,36.0,-3,0
DBMS Assignment #4,assignment,8,3,70.4,63,5.3,39,52,medium,high,4,6,75.3,14,1
IoT Based Project #2,project,5,3,45.4,15,8.45,41,50,medium,critical,10,2,80.1,12,1
Web Dev Assignment,assignment,26,25,26.6,30,4.29,8,67,very_hard,medium,3,0,58.8,14,1
Online Quiz #5,exam,24,19,34.7,20,4.12,13,11,easy,high,5,0,54.3,2,1
Mid-Semester Exam (Sem 6),exam,24,19,31.1,57,9.96,35,47,hard,low,7,5,49.1,13,1
Compiler Lab - Lexical Analysis (Sem 3),lab_experiment,32,29,33.8,11,5.06,31,39,medium,medium,1,5,53.9,13,1
Mid-Semester Exam #3,exam,18,16,57.9,91,9.43,41,58,very_hard,medium,3,2,43.9,13,1
Practical Exam,exam,30,28,28.9,74,6.42,42,96,medium,low,3,1,30.4,0,0
End-Semester Exam (Sem 2),exam,25,24,63.6,34,9.03,33,98,easy,critical,2,2,46.5,4,1
Online Quiz (Sem 6),exam,21,18,68.2,6,9.96,45,78,very_hard,critical,5,1,80.3,9,1
Capstone Project #2,project,9,5,42.2,95,7.82,24,13,medium,critical,0,0,36.4,0,0
Module Exam,exam,11,11,36.0,47,7.02,44,73,medium,high,10,5,62.0,1,1
Internal Assessment (Sem 7),exam,13,8,78.8,7,5.3,10,77,easy,critical,9,5,74.6,2,1
Practical Exam (Sem 5),exam,26,25,1.5,74,9.25,15,97,hard,critical,9,1,55.7,13,1
Mobile App Development #1,project,9,7,48.5,46,9.16,46,95,medium,critical,0,2,52.4,3,1
Online Quiz (Sem 8),exam,25,21,13.7,84,8.07,30,14,easy,high,7,3,39.2,-2,0
Mobile App Development,project,17,15,37.1,66,5.65,48,34,easy,low,7,0,36.6,-3,0
Surprise Test,exam,5,0,10.2,82,6.48,26,47,hard,medium,10,5,78.2,6,1
Math Assignment,assignment,5,1,47.2,56,8.29,34,18,very_hard,high,5,5,94.2,11,1
Math Assignment,assignment,15,15,17.0,2,4.14,45,54,medium,medium,3,5,63.1,1,1
OS Lab - Process Scheduling (Sem 3),lab_experiment,7,6,31.3,45,6.39,24,40,easy,medium,1,0,34.4,-3,0
End-Semester Exam (Sem 2),exam,31,29,42.3,11,9.11,22,40,hard,low,7,2,51.0,12,1
Weekly Test (Sem 7),exam,19,14,56.7,74,5.45,33,98,medium,critical,0,6,53.5,7,1
Mobile App Development (Sem 3),project,22,17,36.1,84,7.34,41,86,medium,medium,5,2,41.3,-1,0
Practical Exam #4,exam,20,20,24.3,37,8.23,50,65,hard,low,1,0,32.6,-1,0
Capstone Project #3,project,15,15,48.6,15,7.9,19,36,medium,critical,10,4,66.9,4,1
Module Exam (Sem 5),exam,15,12,19.3,81,8.84,46,77,very_hard,high,1,2,47.4,1,1
IOT Lab Experiment (Sem 6),lab_experiment,28,24,26.4,29,8.51,22,57,medium,low,5,6,46.4,7,1
Mobile App Development,project,7,4,21.9,80,6.93,49,33,easy,medium,9,5,51.9,3,1
Math Assignment #4,assignment,5,4,78.8,36,9.18,27,12,easy,high,3,2,48.5,10,1
Mobile App Development,project,20,17,62.7,16,4.24,24,24,medium,high,10,4,69.2,8,1
Industry Internship Project,project,20,20,70.9,41,7.9,12,13,medium,high,10,4,53.0,8,1
Research Project (Sem 5),project,2,1,58.1,75,9.32,39,31,hard,medium,2,6,66.9,4,1
OS Lab - Process Scheduling #3,lab_experiment,32,30,49.1,2,4.83,33,43,medium,high,7,2,68.9,3,1
Internal Assessment #4,exam,22,19,35.3,68,7.71,6,62,hard,medium,3,0,33.0,-2,0
Computer Graphics Assignment (Sem 8),assignment,33,30,66.6,89,6.68,49,86,easy,critical,1,1,37.1,-3,0
Web Dev Assignment #2,assignment,21,20,71.2,35,5.37,23,90,easy,high,0,3,43.3,-2,0
Practical Exam,exam,28,24,15.5,58,4.49,8,84,very_hard,low,5,5,64.2,6,1
Viva Voce #5,exam,4,3,56.5,72,7.11,34,49,easy,high,1,2,48.0,4,1
Compiler Lab - Lexical Analysis,lab_experiment,8,6,49.2,54,8.69,6,100,very_hard,medium,6,3,63.8,11,1
Compiler Lab - Lexical Analysis,lab_experiment,16,16,11.7,41,7.31,48,39,very_hard,low,5,6,66.6,10,1
IOT Lab Experiment (Sem 4),lab_experiment,26,21,43.7,15,8.55,5,31,very_hard,critical,4,4,77.5,8,1
End-Semester Exam #1,exam,25,22,47.3,50,6.13,24,35,hard,medium,4,5,56.4,12,1
AI Lab - Search Algorithms #4,lab_experiment,0,0,17.8,22,7.37,36,32,very_hard,low,2,6,85.2,3,1
Mini Project,project,18,16,54.4,53,9.51,44,86,hard,low,3,5,44.8,0,0
Weekly Test,exam,9,8,67.8,22,8.21,50,39,hard,high,8,3,65.6,3,1
Capstone Project #2,project,27,25,47.7,21,7.12,28,10,medium,medium,6,6,58.6,9,1
Digital Electronics Lab #2,lab_experiment,28,27,15.4,55,6.14,48,67,medium,critical,0,3,49.8,10,1
ML Model Project,project,28,27,24.9,21,7.6,50,38,very_hard,high,4,0,64.8,10,1
Unit Test,exam,10,5,34.7,51,8.76,26,56,medium,high,1,3,46.4,5,1
Computer Graphics Assignment #4,assignment,20,20,78.7,46,4.25,20,76,medium,medium,5,2,51.8,9,1
OS Lab - Process Scheduling,lab_experiment,31,26,30.4,28,4.89,8,67,medium,medium,5,4,58.2,5,1
Online Quiz,exam,28,25,68.0,10,8.36,14,59,hard,medium,8,4,59.4,8,1
Software Engineering Assignment #4,assignment,1,0,63.0,78,5.39,32,64,easy,high,4,5,76.6,8,1
Open Source Contribution #3,project,25,25,52.0,90,4.14,15,13,hard,low,8,1,42.5,-2,0
Computer Vision Lab (Sem 8),lab_experiment,17,16,30.5,26,4.36,45,39,medium,low,5,3,55.3,9,1
Mid-Semester Exam,exam,13,12,44.2,1,4.04,48,93,easy,medium,8,0,54.6,8,1
Computer Graphics Assignment,assignment,10,9,22.7,31,4.56,19,43,easy,high,1,4,48.7,0,0
Practical Exam (Sem 2),exam,14,11,50.6,81,5.84,38,26,very_hard,low,7,2,56.6,12,1
End-Semester Exam (Sem 4),exam,2,0,70.7,94,6.69,8,50,easy,high,1,5,57.0,5,1
Network Lab - Packet Analysis,lab_experiment,13,12,34.6,100,5.48,12,57,medium,high,9,1,45.2,-2,0
OS Assignment (Sem 3),assignment,6,1,77.4,82,5.07,23,75,easy,low,4,1,54.9,12,1
Computer Graphics Assignment (Sem 8),assignment,14,9,30.2,100,7.55,21,45,easy,critical,4,5,44.1,3,1
IoT Based Project (Sem 2),project,12,8,9.7,61,8.48,9,50,hard,high,8,4,55.7,9,1
ML Model Project,project,18,13,31.2,26,7.29,20,91,medium,critical,1,4,57.8,8,1
IOT Lab Experiment #4,lab_experiment,5,0,11.2,57,4.44,45,80,easy,medium,5,1,70.1,4,1
Algorithms Assignment,assignment,35,30,63.0,45,7.22,39,21,medium,critical,3,1,55.9,-3,0
Computer Vision Lab (Sem 8),lab_experiment,10,9,33.6,76,4.22,15,10,easy,high,3,5,47.3,-1,0
Capstone Project (Sem 1),project,21,21,32.3,73,5.48,31,84,medium,high,2,6,51.5,0,0
Unit Test,exam,21,21,2.1,99,6.76,20,19,very_hard,low,0,3,33.2,-2,0
Mini Project #4,project,2,1,50.1,74,6.81,32,73,easy,medium,4,2,59.4,11,1
Practical Exam #1,exam,6,3,2.2,87,8.84,45,96,hard,critical,0,6,64.1,13,1
Open Source Contribution #2,project,1,1,66.7,18,6.52,49,35,very_hard,medium,1,6,89.3,4,1
Computer Graphics Assignment #4,assignment,18,14,54.7,65,6.84,14,28,medium,medium,2,2,33.4,-2,0
Module Exam (Sem 7),exam,23,18,36.4,10,9.47,11,81,medium,low,1,5,37.1,0,0
Capstone Project,project,29,28,16.4,33,9.8,25,37,hard,high,5,1,56.9,14,1
Network Lab - Packet Analysis (Sem 3),lab_experiment,23,23,51.5,97,7.6,45,21,hard,medium,2,2,32.1,-1,0
OS Assignment #4,assignment,29,24,33.5,61,4.48,17,40,easy,medium,8,2,43.5,2,1
End-Semester Exam (Sem 5),exam,22,21,1.2,6,5.66,48,24,hard,low,4,2,61.6,8,1
Open Source Contribution (Sem 6),project,17,17,78.8,41,7.43,42,100,medium,high,4,1,52.0,8,1
Data Structures Assignment (Sem 1),assignment,5,1,48.9,15,6.74,17,94,medium,high,2,3,77.7,6,1
Unit Test,exam,31,28,20.7,41,5.56,8,46,easy,high,5,0,49.6,2,1
DS Lab - Linked List,lab_experiment,4,2,57.6,22,5.52,23,14,medium,medium,9,6,77.9,13,1
Machine Learning Assignment,assignment,22,17,56.6,80,4.44,47,54,hard,medium,2,0,41.7,-3,0
End-Semester Exam #5,exam,5,4,73.4,91,7.64,20,12,hard,medium,3,5,47.8,4,1
Module Exam,exam,17,15,31.1,49,4.69,19,97,easy,low,8,6,47.1,5,1
Network Lab - Packet Analysis,lab_experiment,8,6,78.4,72,5.1,30,20,medium,low,1,5,44.6,0,0
Unit Test (Sem 7),exam,12,12,58.0,64,9.83,28,100,very_hard,low,8,6,55.0,9,1
Final Year Project #2,project,9,6,17.0,40,4.87,27,87,medium,medium,6,0,57.7,4,1
DBMS Lab - SQL Queries (Sem 1),lab_experiment,35,30,75.3,80,8.12,45,46,easy,medium,10,4,36.5,-1,0
Computer Graphics Assignment #2,assignment,10,6,28.6,84,7.82,48,83,hard,high,7,2,59.0,13,1
Compiler Lab - Lexical Analysis #1,lab_experiment,18,15,33.3,99,5.99,25,10,hard,medium,6,3,50.7,6,1
Digital Electronics Lab,lab_experiment,23,20,51.2,89,4.83,10,53,very_hard,medium,8,2,57.2,4,1
Algorithms Assignment,assignment,8,3,36.2,6,5.04,45,34,very_hard,high,1,4,91.3,6,1
IOT Lab Experiment,lab_experiment,17,15,68.9,59,8.75,48,95,hard,high,8,0,52.0,10,1
Open Source Contribution #1,project,19,18,42.1,29,7.69,30,36,easy,medium,10,1,39.2,9,1
Open Source Contribution #2,project,4,0,20.3,78,7.01,5,38,medium,critical,5,6,84.9,3,1
Math Assignment #4,assignment,11,8,38.2,10,6.11,13,67,medium,high,2,2,51.3,-2,0
Computer Graphics Assignment (Sem 6),assignment,3,3,61.0,69,9.99,27,76,medium,low,5,1,45.9,-1,0
Open Source Contribution (Sem 2),project,11,8,44.8,39,8.47,42,41,very_hard,medium,8,1,58.4,13,1
Mobile App Development #2,project,35,30,5.9,63,6.44,44,37,hard,medium,2,6,49.8,-2,0
DBMS Assignment (Sem 1),assignment,34,29,20.8,91,8.25,24,98,hard,high,1,2,35.2,-3,0
Software Engineering Assignment #5,assignment,33,29,57.3,5,5.51,21,91,hard,high,5,6,80.1,9,1
DBMS Lab - SQL Queries (Sem 3),lab_experiment,7,4,64.2,27,4.18,14,86,medium,medium,4,4,64.0,4,1
Computer Graphics Assignment,assignment,26,23,28.5,24,4.62,45,41,hard,low,0,6,51.7,11,1
OS Assignment #5,assignment,30,27,28.6,56,4.68,44,100,medium,critical,10,1,65.2,14,1
Unit Test,exam,27,24,25.8,76,4.26,49,88,very_hard,low,3,4,56.7,13,1
End-Semester Exam (Sem 5),exam,34,29,26.3,94,5.31,48,69,medium,low,3,3,36.0,0,0
AI Lab - Search Algorithms,lab_experiment,30,28,24.1,98,9.88,17,73,medium,high,5,2,38.1,-2,0
Final Year Project (Sem 6),project,29,27,28.7,75,8.29,43,65,hard,low,4,4,41.3,-1,0
Data Structures Assignment,assignment,23,23,71.2,16,6.22,26,59,very_hard,medium,6,0,64.4,14,1
Network Lab - Packet Analysis #5,lab_experiment,2,0,55.3,81,9.55,47,57,easy,high,10,3,66.5,12,1
AI Lab - Search Algorithms (Sem 5),lab_experiment,9,7,43.3,69,4.51,30,50,easy,medium,7,3,53.2,4,1
Practical Exam,exam,6,4,33.2,51,9.77,7,77,medium,medium,3,5,47.5,10,1
Viva Voce,exam,19,15,21.1,100,7.31,23,88,medium,high,0,6,34.3,-3,0
Mid-Semester Exam #4,exam,27,27,32.6,44,7.64,13,33,medium,critical,7,3,58.5,6,1
Mobile App Development (Sem 7),project,0,0,42.0,17,8.14,38,21,easy,critical,6,0,80.4,4,1
Weekly Test #5,exam,5,0,58.0,51,5.42,19,56,medium,medium,0,6,66.7,4,1
Viva Voce,exam,13,13,72.8,6,4.89,22,78,hard,medium,5,1,65.0,13,1
IOT Lab Experiment,lab_experiment,27,22,42.5,89,4.58,28,91,hard,critical,1,6,60.0,12,1
End-Semester Exam (Sem 8),exam,27,25,25.9,38,5.37,11,26,easy,critical,2,1,51.5,2,1
End-Semester Exam,exam,9,7,47.0,83,9.32,30,79,easy,low,0,4,22.4,-1,0
OS Lab - Process Scheduling (Sem 2),lab_experiment,27,24,40.6,36,5.06,44,93,medium,medium,6,6,62.2,6,1
Practical Exam #5,exam,4,3,20.7,14,5.33,48,98,easy,critical,5,3,88.0,7,1
OS Lab - Process Scheduling #4,lab_experiment,1,0,15.7,86,6.58,41,74,hard,medium,3,4,70.9,11,1
Mobile App Development,project,17,13,65.9,16,8.51,6,73,very_hard,low,9,4,60.4,11,1
DBMS Assignment #3,assignment,3,1,18.9,43,9.58,48,64,easy,high,8,2,72.2,13,1
Online Quiz (Sem 4),exam,12,11,45.2,34,8.54,48,58,medium,critical,1,1,48.0,13,1
Computer Vision Lab #4,lab_experiment,18,18,79.6,86,6.77,28,57,medium,high,2,0,33.6,0,0
OS Lab - Process Scheduling #5,lab_experiment,19,16,23.3,31,5.96,49,95,medium,high,7,1,62.7,14,1
AI Lab - Search Algorithms #4,lab_experiment,10,5,60.9,40,5.13,37,64,very_hard,critical,3,6,92.7,1,1
Group Project - Web App,project,24,20,60.9,80,4.71,11,88,hard,medium,7,4,55.1,2,1
Weekly Test #3,exam,25,21,73.4,51,9.52,18,32,hard,high,5,5,60.6,3,1
Weekly Test,exam,18,16,10.1,31,9.8,14,78,hard,high,3,6,58.2,4,1
Industry Internship Project (Sem 3),project,18,15,56.4,21,7.93,35,93,medium,critical,2,1,52.3,3,1
Network Lab - Packet Analysis (Sem 7),lab_experiment,19,15,79.2,96,9.11,34,61,hard,high,0,1,30.2,-3,0
Web Dev Assignment #3,assignment,5,3,20.5,72,6.23,12,99,medium,critical,6,1,68.8,12,1
Research Project (Sem 1),project,25,21,67.2,21,8.1,8,93,easy,medium,2,6,37.6,0,0
Data Structures Assignment #3,assignment,8,4,20.4,57,5.29,38,43,medium,medium,4,5,62.4,11,1
Software Engineering Assignment #1,assignment,8,4,73.2,86,8.04,25,32,medium,critical,1,2,45.3,-3,0
DBMS Lab - SQL Queries #1,lab_experiment,26,25,20.0,71,6.12,19,23,medium,medium,7,2,41.7,-3,0
AI Lab - Search Algorithms #3,lab_experiment,30,29,6.4,22,9.34,39,93,hard,medium,0,0,36.5,0,0
Algorithms Assignment (Sem 6),assignment,15,15,28.8,65,7.96,41,78,medium,high,10,4,51.1,2,1
OS Lab - Process Scheduling,lab_experiment,24,19,44.7,74,7.51,35,57,very_hard,medium,5,2,52.7,-2,0
IOT Lab Experiment,lab_experiment,24,20,5.3,83,5.69,13,86,hard,high,3,3,53.7,3,1
Network Lab - Packet Analysis,lab_experiment,21,21,60.7,94,9.79,42,85,medium,low,6,2,29.4,-2,0
Practical Exam (Sem 8),exam,7,4,20.5,95,8.35,9,59,very_hard,high,7,1,58.9,1,1
DBMS Lab - SQL Queries (Sem 3),lab_experiment,5,4,56.7,45,8.43,27,50,medium,high,1,6,51.7,6,1
Open Source Contribution #2,project,11,11,44.8,27,6.63,30,66,hard,high,4,0,58.6,2,1
Computer Vision Lab (Sem 4),lab_experiment,8,3,17.2,2,5.12,15,11,medium,high,9,6,88.1,4,1
OS Lab - Process Scheduling,lab_experiment,23,21,7.8,76,7.24,15,29,very_hard,high,1,5,56.3,10,1
DBMS Assignment #2,assignment,28,24,79.8,60,9.64,37,36,medium,medium,6,6,46.7,14,1
Online Quiz (Sem 6),exam,18,15,47.6,30,8.1,13,29,hard,low,4,0,39.3,-2,0
AI Lab - Search Algorithms (Sem 6),lab_experiment,7,4,44.0,26,8.89,21,58,hard,high,8,3,69.9,9,1
Practical Exam (Sem 4),exam,12,8,35.6,6,4.08,27,84,easy,medium,7,1,53.5,2,1
DS Lab - Linked List (Sem 5),lab_experiment,24,19,11.8,56,9.53,27,26,medium,high,3,3,43.5,-3,0
Embedded Systems Lab #5,lab_experiment,26,24,65.5,82,9.87,41,23,easy,medium,3,2,25.7,0,0
Mini Project #2,project,25,23,6.4,99,8.37,25,36,hard,medium,10,0,34.7,-1,0
Network Lab - Packet Analysis (Sem 2),lab_experiment,13,11,79.9,73,8.78,36,60,hard,low,2,5,37.0,-1,0
IOT Lab Experiment,lab_experiment,26,24,38.7,8,6.46,12,64,hard,high,3,1,59.6,14,1
Final Year Project (Sem 5),project,23,22,9.3,90,4.34,24,59,medium,high,0,1,33.4,0,0
Web Dev Assignment (Sem 3),assignment,16,15,69.7,12,8.27,14,98,hard,medium,9,0,51.0,-2,0
Algorithms Assignment (Sem 2),assignment,3,2,13.4,98,7.51,37,50,medium,high,3,3,51.1,14,1
End-Semester Exam #3,exam,17,14,6.1,68,5.18,50,20,medium,medium,10,3,52.4,12,1
Viva Voce (Sem 7),exam,9,4,57.0,61,4.03,10,90,easy,high,8,5,63.8,1,1
Mini Project #2,project,32,27,70.2,83,6.13,35,55,very_hard,high,0,6,53.9,5,1
Embedded Systems Lab,lab_experiment,26,25,41.0,18,6.23,8,28,easy,high,6,4,57.2,12,1
DS Lab - Linked List (Sem 6),lab_experiment,18,18,33.4,19,7.42,43,75,hard,medium,7,5,67.5,6,1
Research Project #5,project,4,4,6.5,29,4.38,24,77,hard,medium,2,3,63.6,4,1
Module Exam,exam,3,3,67.8,34,7.01,20,86,medium,medium,1,5,58.2,10,1
DBMS Assignment (Sem 2),assignment,25,21,64.4,50,5.87,47,95,very_hard,low,0,0,44.7,-3,0
DS Lab - Linked List (Sem 4),lab_experiment,4,4,33.0,67,9.12,26,32,medium,low,4,0,34.2,-2,0
OS Assignment #5,assignment,30,27,53.0,49,8.13,23,76,easy,high,10,2,43.5,-2,0
End-Semester Exam (Sem 3),exam,33,30,10.0,42,9.59,11,21,hard,high,2,2,46.7,-3,0
Math Assignment (Sem 6),assignment,19,15,19.9,45,8.94,15,77,hard,medium,6,2,48.5,12,1
IoT Based Project (Sem 2),project,24,19,72.8,88,7.73,18,78,medium,medium,9,3,35.2,-1,0
Computer Vision Lab #1,lab_experiment,20,17,60.0,3,4.67,38,21,very_hard,critical,7,6,98.2,9,1
Internal Assessment (Sem 1),exam,4,2,54.8,51,9.66,30,57,medium,high,0,5,54.8,8,1
AI Lab - Search Algorithms,lab_experiment,11,7,58.6,25,6.58,19,100,medium,critical,3,4,71.9,6,1
Internal Assessment (Sem 4),exam,32,30,67.8,71,4.9,18,56,medium,medium,2,2,37.6,-1,0
AI Lab - Search Algorithms (Sem 1),lab_experiment,3,0,40.5,39,7.87,48,14,medium,low,5,5,72.0,14,1
Data Structures Assignment #4,assignment,7,4,53.1,41,8.37,16,45,hard,medium,0,6,48.4,-3,0
Industry Internship Project,project,4,2,16.9,20,8.97,26,19,hard,high,2,5,73.6,5,1
Online Quiz,exam,18,15,66.9,86,5.64,22,41,very_hard,low,9,0,50.0,3,1
Mini Project,project,20,17,42.2,3,8.62,31,68,hard,high,8,4,69.5,2,1
Embedded Systems Lab (Sem 4),lab_experiment,4,1,66.8,0,5.32,23,81,medium,high,6,5,99.3,7,1
Online Quiz (Sem 3),exam,5,1,54.6,4,9.04,42,81,medium,critical,9,2,92.4,13,1
Open Source Contribution,project,10,8,34.0,23,9.24,16,88,very_hard,high,4,6,71.0,12,1
Open Source Contribution,project,13,9,1.5,15,7.76,26,25,hard,high,0,1,45.6,-2,0
Mobile App Development #1,project,1,1,39.7,6,4.62,17,96,easy,medium,10,4,83.5,14,1
IoT Based Project #2,project,14,10,13.2,74,6.92,49,63,easy,critical,2,5,51.1,10,1
Mid-Semester Exam,exam,5,3,15.6,64,5.79,47,93,very_hard,high,5,2,87.9,6,1
Industry Internship Project,project,30,25,72.7,16,4.05,31,40,hard,medium,9,1,63.9,6,1
Group Project - Web App (Sem 6),project,31,26,62.2,90,4.46,13,62,hard,low,10,2,44.3,2,1
Web Dev Assignment,assignment,3,1,6.9,88,7.79,10,86,easy,medium,2,4,47.4,6,1
Final Year Project,project,5,2,3.3,69,9.99,26,24,medium,medium,6,0,48.8,14,1
Internal Assessment,exam,28,23,17.0,4,4.61,45,51,very_hard,critical,10,6,98.7,3,1
Viva Voce,exam,15,10,73.6,46,9.57,27,39,medium,medium,7,6,48.5,2,1
Embedded Systems Lab (Sem 7),lab_experiment,33,30,31.7,53,6.47,7,56,hard,medium,9,5,57.1,4,1
Machine Learning Assignment (Sem 7),assignment,3,1,34.4,54,8.45,23,20,hard,low,7,1,65.5,7,1
OS Lab - Process Scheduling,lab_experiment,24,23,68.8,31,4.03,45,90,easy,high,7,4,63.3,2,1
End-Semester Exam,exam,20,15,43.5,11,4.03,11,15,hard,high,4,4,72.9,12,1
Module Exam,exam,14,14,59.6,61,7.76,49,47,very_hard,medium,0,0,37.7,-1,0
OS Lab - Process Scheduling,lab_experiment,15,13,60.5,94,9.79,12,23,medium,critical,2,0,33.4,0,0
Network Lab - Packet Analysis (Sem 4),lab_experiment,28,27,34.7,15,6.17,48,55,hard,low,1,1,43.8,13,1
Research Project (Sem 6),project,22,17,6.7,36,8.05,21,21,hard,medium,4,6,53.9,3,1
Embedded Systems Lab (Sem 3),lab_experiment,25,24,5.0,28,6.92,16,87,hard,high,1,2,52.0,6,1
Viva Voce (Sem 6),exam,3,2,48.4,82,9.59,20,82,easy,low,1,5,33.6,0,0
Mid-Semester Exam #2,exam,6,1,22.9,64,7.15,32,99,hard,high,4,5,86.4,8,1
Industry Internship Project,project,20,18,59.5,60,7.24,41,18,easy,medium,6,5,47.1,2,1
Research Project (Sem 5),project,21,20,29.6,61,5.04,47,57,easy,high,9,6,59.5,9,1
Weekly Test (Sem 8),exam,23,23,61.0,56,6.76,5,71,medium,critical,1,3,48.3,3,1
Web Dev Assignment,assignment,29,24,5.7,7,4.38,5,29,medium,high,7,2,65.1,8,1
Networking Assignment,assignment,1,0,79.7,79,6.98,37,87,very_hard,medium,2,5,78.9,9,1
Surprise Test,exam,11,8,18.6,14,7.22,43,67,medium,high,3,3,58.5,12,1
DBMS Lab - SQL Queries #3,lab_experiment,3,2,3.1,77,8.36,29,60,medium,low,6,2,46.5,2,1
Computer Graphics Assignment (Sem 3),assignment,1,0,62.1,3,7.8,16,96,very_hard,high,8,3,99.0,9,1
IoT Based Project (Sem 4),project,24,23,55.1,36,5.76,41,92,medium,medium,6,4,59.9,8,1
Research Project (Sem 7),project,18,15,12.9,41,6.1,28,79,medium,critical,4,3,62.6,13,1
Open Source Contribution (Sem 3),project,32,28,2.6,85,9.78,39,83,very_hard,medium,1,1,36.9,0,0
Network Lab - Packet Analysis (Sem 5),lab_experiment,30,28,48.4,35,4.39,19,62,hard,high,3,6,67.9,8,1
Open Source Contribution,project,27,26,22.3,56,4.01,24,15,medium,medium,1,0,34.2,-1,0
Embedded Systems Lab,lab_experiment,2,2,29.1,91,7.21,35,16,hard,critical,0,4,65.3,7,1
Capstone Project #4,project,9,6,54.9,18,6.02,10,99,very_hard,medium,0,5,65.4,12,1
Software Engineering Assignment (Sem 3),assignment,19,18,36.6,20,4.79,29,32,hard,medium,4,1,59.9,1,1
Mobile App Development,project,34,30,2.6,73,4.34,11,82,medium,critical,4,5,63.5,8,1
Capstone Project,project,35,30,64.6,59,5.22,41,43,hard,critical,0,6,64.3,5,1
Module Exam (Sem 1),exam,16,15,34.8,21,8.75,39,82,easy,low,5,2,38.7,0,0
Internal Assessment,exam,28,28,13.8,2,7.13,20,10,medium,medium,0,6,46.6,11,1
Online Quiz,exam,8,4,21.0,92,4.8,15,93,easy,medium,2,4,40.1,2,1
Algorithms Assignment,assignment,11,6,58.5,28,7.92,31,100,medium,low,7,5,55.5,4,1
Math Assignment (Sem 3),assignment,19,19,20.4,22,6.68,42,43,hard,high,2,5,64.8,7,1
Group Project - Web App #2,project,14,10,13.2,91,7.4,12,76,easy,low,8,0,23.0,0,0
End-Semester Exam (Sem 1),exam,5,5,46.2,23,6.19,39,44,hard,medium,0,2,53.3,8,1
AI Lab - Search Algorithms (Sem 1),lab_experiment,7,4,31.4,97,7.22,13,21,hard,medium,3,5,50.9,-3,0
Web Dev Assignment (Sem 4),assignment,12,10,27.8,75,5.56,42,63,very_hard,medium,1,2,51.2,6,1
Mini Project (Sem 3),project,27,24,5.1,87,7.1,33,15,easy,medium,10,5,40.9,10,1
Machine Learning Assignment,assignment,9,6,21.0,56,9.54,5,73,easy,medium,5,0,37.3,-3,0
Digital Electronics Lab #1,lab_experiment,7,7,53.8,71,7.79,8,18,hard,high,8,5,63.6,3,1
Weekly Test,exam,22,19,63.8,37,4.93,22,98,easy,low,5,3,45.8,-3,0
DS Lab - Linked List #4,lab_experiment,4,4,77.9,3,5.49,37,56,easy,medium,7,6,71.1,9,1
Software Engineering Assignment (Sem 6),assignment,5,2,22.2,99,5.55,19,44,hard,medium,4,5,66.1,14,1
Math Assignment,assignment,33,29,24.0,22,8.74,35,40,medium,medium,2,0,35.1,-2,0
Research Project,project,11,8,49.6,33,6.36,13,58,hard,high,6,5,68.7,13,1
Digital Electronics Lab,lab_experiment,21,16,11.5,28,9.78,14,100,medium,critical,4,1,54.8,5,1
Compiler Lab - Lexical Analysis #5,lab_experiment,11,10,10.9,77,5.75,14,67,easy,high,6,3,49.0,13,1
AI Lab - Search Algorithms,lab_experiment,3,1,4.6,44,9.45,44,86,hard,medium,0,4,65.6,9,1
Web Dev Assignment #1,assignment,12,8,1.7,90,5.97,7,95,very_hard,medium,2,0,43.7,14,1
Mini Project #1,project,25,25,63.2,88,5.35,5,70,medium,critical,2,1,45.9,6,1
Embedded Systems Lab (Sem 3),lab_experiment,3,0,16.6,30,7.08,25,64,medium,medium,8,2,75.5,12,1
Embedded Systems Lab,lab_experiment,2,0,47.6,65,6.37,48,13,medium,high,9,3,79.8,10,1
Research Project #1,project,25,24,54.9,41,9.01,25,70,medium,medium,5,2,43.3,0,0
ML Model Project (Sem 2),project,5,2,17.7,5,7.22,47,35,medium,high,1,5,73.7,4,1
Internal Assessment #1,exam,5,0,3.1,64,9.31,39,11,hard,high,5,4,83.1,2,1
Web Dev Assignment,assignment,30,27,42.7,99,9.2,21,48,easy,medium,5,6,32.3,-2,0
Mini Project,project,11,7,42.4,2,4.29,14,22,hard,critical,7,2,90.0,13,1
DS Lab - Linked List,lab_experiment,23,23,42.2,18,6.06,44,58,medium,medium,1,4,46.8,6,1
Capstone Project (Sem 4),project,31,30,64.4,37,8.29,43,39,easy,high,7,0,43.9,-1,0
Network Lab - Packet Analysis (Sem 8),lab_experiment,32,28,6.4,47,4.28,12,30,hard,low,6,5,58.8,3,1
OS Assignment (Sem 7),assignment,16,14,18.5,33,5.51,33,56,medium,high,3,5,62.7,2,1
Research Project (Sem 7),project,30,25,7.5,52,6.05,19,77,hard,high,10,1,57.5,10,1
Digital Electronics Lab (Sem 7),lab_experiment,29,29,22.2,35,8.32,37,19,hard,critical,8,4,71.7,4,1
Data Structures Assignment (Sem 6),assignment,16,14,47.0,46,4.84,31,38,very_hard,high,8,3,76.9,8,1
Networking Assignment #2,assignment,17,15,76.4,39,6.88,14,73,easy,critical,10,5,63.6,4,1
Networking Assignment (Sem 2),assignment,15,10,24.8,77,4.65,26,75,very_hard,high,8,3,70.2,5,1
OS Assignment (Sem 2),assignment,8,6,29.3,84,4.19,9,68,easy,medium,6,0,42.1,-2,0
DBMS Lab - SQL Queries,lab_experiment,14,11,24.9,55,8.95,47,35,medium,high,4,4,50.7,10,1
Practical Exam (Sem 8),exam,26,25,7.0,93,9.14,13,18,hard,high,10,2,45.7,2,1
IoT Based Project #4,project,23,22,5.5,98,9.23,48,63,hard,medium,0,3,28.2,-1,0
Network Lab - Packet Analysis #1,lab_experiment,26,24,41.0,25,6.82,45,91,medium,low,8,4,52.5,9,1
Research Project #2,project,29,24,29.7,89,6.79,44,48,easy,medium,9,2,35.6,0,0
Networking Assignment (Sem 1),assignment,1,1,35.6,89,6.76,23,74,easy,high,10,5,71.5,13,1
Compiler Lab - Lexical Analysis,lab_experiment,22,17,17.2,18,6.91,27,26,easy,critical,4,0,56.1,11,1
Online Quiz #2,exam,17,15,24.6,28,9.63,36,18,hard,low,6,0,45.0,3,1
Web Dev Assignment,assignment,34,30,2.0,71,7.71,37,70,medium,high,8,2,45.5,-3,0
Viva Voce (Sem 8),exam,30,30,32.0,62,4.57,8,59,easy,medium,4,5,45.4,-3,0
Open Source Contribution,project,10,9,48.8,95,7.58,21,33,very_hard,low,6,3,44.1,13,1
Network Lab - Packet Analysis #3,lab_experiment,9,5,59.5,1,7.65,44,59,medium,medium,9,5,67.2,1,1
Online Quiz,exam,18,16,22.0,50,8.36,5,65,easy,low,2,0,16.5,0,0
End-Semester Exam #2,exam,19,17,35.8,26,8.61,6,95,medium,high,1,3,41.4,4,1
Networking Assignment #2,assignment,21,21,60.1,22,4.56,12,88,easy,low,0,4,34.8,0,0
End-Semester Exam (Sem 8),exam,20,17,16.6,68,4.69,9,88,very_hard,low,0,0,37.3,0,0
Computer Vision Lab (Sem 8),lab_experiment,1,0,3.6,98,5.32,47,96,hard,medium,10,6,82.1,8,1
Math Assignment (Sem 7),assignment,25,22,63.6,96,6.99,12,67,hard,high,1,5,44.0,12,1
Online Quiz #2,exam,6,3,23.3,41,6.41,50,66,medium,critical,3,4,78.8,7,1
Online Quiz (Sem 6),exam,14,9,58.8,86,6.98,48,13,hard,medium,3,5,48.6,14,1
Computer Graphics Assignment #1,assignment,22,21,34.7,99,6.41,26,53,medium,low,6,3,33.8,-3,0
Computer Graphics Assignment #4,assignment,28,23,22.2,95,6.07,27,64,medium,medium,1,0,21.7,0,0
Industry Internship Project (Sem 5),project,15,10,46.0,73,8.42,35,97,medium,high,5,1,42.9,-2,0
OS Assignment #5,assignment,25,24,38.6,20,4.04,16,20,medium,high,7,6,69.6,5,1
Compiler Lab - Lexical Analysis,lab_experiment,26,24,42.6,0,5.04,19,37,medium,medium,8,6,66.9,3,1
Internal Assessment #3,exam,33,28,52.6,41,6.21,12,33,very_hard,high,8,5,75.0,7,1
Computer Graphics Assignment (Sem 7),assignment,3,2,61.5,55,6.4,10,17,medium,high,0,0,47.0,-2,0
Math Assignment,assignment,11,9,25.6,8,7.25,49,48,hard,high,5,0,67.3,8,1
Industry Internship Project (Sem 5),project,14,11,5.2,60,9.14,36,52,medium,high,2,3,40.6,-3,0
OS Lab - Process Scheduling #5,lab_experiment,18,18,77.2,60,6.26,5,79,hard,critical,9,1,62.5,12,1
Group Project - Web App (Sem 7),project,23,22,77.5,95,5.18,31,74,medium,high,3,5,50.1,10,1
Compiler Lab - Lexical Analysis,lab_experiment,8,6,66.6,40,5.64,27,94,hard,critical,7,5,89.7,9,1
Module Exam,exam,24,21,49.0,24,9.58,14,96,hard,critical,7,3,69.6,7,1
Compiler Lab - Lexical Analysis (Sem 3),lab_experiment,6,4,37.4,58,5.32,23,21,easy,medium,5,2,52.7,3,1
Weekly Test #2,exam,8,3,72.9,35,7.42,36,38,hard,medium,8,0,68.6,8,1
Networking Assignment (Sem 8),assignment,17,15,27.4,24,8.32,40,10,medium,medium,1,0,32.2,-3,0
Module Exam #3,exam,26,22,46.9,13,7.19,48,62,very_hard,medium,2,0,58.2,10,1
Algorithms Assignment #4,assignment,32,29,56.4,39,6.74,33,85,medium,low,0,2,29.5,-3,0
Machine Learning Assignment,assignment,7,6,27.7,57,5.26,32,77,medium,high,5,5,71.8,6,1
Capstone Project (Sem 1),project,25,21,75.0,57,5.35,13,43,medium,high,4,1,50.9,14,1
End-Semester Exam (Sem 4),exam,25,20,52.7,81,5.33,28,67,hard,high,7,6,65.6,5,1
Group Project - Web App (Sem 2),project,25,20,9.3,82,4.17,25,51,medium,medium,10,3,47.1,-1,0
Networking Assignment (Sem 5),assignment,7,3,70.9,22,4.12,18,82,very_hard,medium,5,6,92.4,5,1
Data Structures Assignment,assignment,12,11,39.4,78,9.31,43,82,medium,low,2,2,23.7,-1,0
IoT Based Project,project,27,27,47.2,2,8.61,39,36,medium,medium,3,1,44.5,-2,0
Compiler Lab - Lexical Analysis,lab_experiment,4,4,1.8,65,8.82,39,28,hard,critical,9,1,67.9,13,1
Final Year Project,project,30,26,35.2,82,4.52,6,58,hard,low,4,1,40.2,-3,0
Viva Voce #1,exam,31,27,12.3,35,7.19,34,88,easy,low,6,4,44.4,-2,0
Computer Vision Lab #1,lab_experiment,33,29,46.3,42,5.2,41,64,hard,medium,9,0,57.7,9,1
Practical Exam (Sem 3),exam,2,2,63.7,39,8.91,12,31,very_hard,high,4,1,74.4,1,1
Viva Voce #3,exam,29,24,6.9,12,6.18,7,89,easy,high,3,6,54.3,2,1
Compiler Lab - Lexical Analysis,lab_experiment,27,27,16.2,78,7.7,28,24,hard,high,1,5,44.2,9,1
DBMS Lab - SQL Queries (Sem 1),lab_experiment,19,15,79.2,74,7.56,50,86,very_hard,high,0,1,44.2,-2,0
Practical Exam (Sem 7),exam,20,16,48.6,93,4.42,28,87,medium,low,7,3,40.2,-2,0
Computer Vision Lab,lab_experiment,27,26,29.7,47,5.16,22,37,medium,high,2,3,51.8,-2,0
Math Assignment (Sem 7),assignment,25,20,7.9,7,5.71,13,41,hard,critical,5,3,82.9,8,1
Open Source Contribution #1,project,32,30,22.6,24,5.33,30,38,medium,medium,2,0,44.2,-1,0
Surprise Test (Sem 1),exam,22,20,49.7,17,8.03,13,59,hard,low,6,5,54.9,2,1
OS Assignment #2,assignment,24,19,15.0,76,9.63,6,34,hard,medium,10,0,37.4,-1,0
End-Semester Exam (Sem 3),exam,7,6,31.7,17,7.26,38,56,medium,critical,5,6,83.4,12,1
Computer Graphics Assignment #4,assignment,29,26,71.2,80,5.13,26,53,easy,medium,3,5,40.6,-2,0
Weekly Test #4,exam,20,18,28.4,99,5.14,40,48,very_hard,critical,2,6,70.2,10,1
Computer Vision Lab (Sem 1),lab_experiment,9,7,23.0,4,9.58,29,89,hard,critical,10,1,79.1,7,1
Practical Exam #4,exam,26,25,4.5,41,5.4,20,46,easy,high,6,6,60.8,9,1
Computer Vision Lab (Sem 4),lab_experiment,27,23,56.9,26,5.95,48,54,hard,high,5,2,72.6,1,1
Networking Assignment,assignment,21,20,62.6,62,5.32,43,43,hard,medium,5,5,63.9,8,1
DBMS Assignment,assignment,6,1,10.3,47,4.16,46,96,hard,medium,1,2,74.2,4,1
Online Quiz (Sem 6),exam,29,25,40.3,33,5.89,32,28,easy,high,10,0,53.6,1,1
Group Project - Web App,project,13,8,71.7,47,5.8,35,65,very_hard,medium,4,5,71.1,5,1
Mobile App Development #5,project,16,14,31.1,17,8.42,42,65,medium,high,0,6,47.8,5,1
DS Lab - Linked List (Sem 5),lab_experiment,28,23,36.5,60,7.32,24,17,easy,critical,8,5,60.4,1,1
DBMS Lab - SQL Queries #5,lab_experiment,19,17,23.5,54,5.51,49,61,very_hard,high,1,1,61.1,8,1
IOT Lab Experiment #3,lab_experiment,32,27,34.7,14,9.74,23,91,hard,medium,6,5,61.5,7,1
Algorithms Assignment,assignment,12,8,10.3,46,5.71,32,25,easy,high,10,6,61.0,7,1
Capstone Project #4,project,21,17,58.2,45,7.9,50,97,medium,low,10,4,44.0,-2,0
Mini Project,project,9,7,20.3,99,6.5,38,54,hard,medium,9,1,51.0,-3,0
Group Project - Web App #4,project,25,23,48.5,68,9.63,50,53,hard,critical,1,0,46.4,-1,0
Unit Test #3,exam,28,24,45.9,25,9.18,10,18,medium,high,5,6,58.0,5,1
Mid-Semester Exam,exam,21,17,72.9,83,4.59,27,66,medium,medium,1,1,31.1,-3,0
Math Assignment #1,assignment,12,8,60.3,27,7.19,13,97,hard,medium,7,6,62.9,3,1
Unit Test,exam,5,2,79.5,26,6.07,43,45,medium,medium,8,3,70.1,2,1
Mid-Semester Exam #5,exam,22,18,29.6,80,9.84,7,56,medium,medium,4,4,34.7,-1,0
Data Structures Assignment #2,assignment,20,17,11.0,47,5.06,15,63,easy,high,1,6,47.1,0,0
Surprise Test (Sem 6),exam,18,13,52.0,89,7.38,29,68,medium,low,0,1,17.1,-2,0
Final Year Project,project,18,17,18.2,9,8.92,26,22,hard,critical,3,2,65.8,5,1
Embedded Systems Lab,lab_experiment,18,17,41.6,21,7.61,26,81,easy,high,3,0,39.4,0,0
Mid-Semester Exam (Sem 1),exam,15,14,53.1,12,8.98,39,59,medium,high,7,0,53.5,6,1
Embedded Systems Lab (Sem 1),lab_experiment,18,18,76.6,7,4.18,20,73,medium,medium,7,4,63.6,11,1
DBMS Assignment,assignment,9,5,78.3,77,8.24,16,49,medium,medium,8,6,49.2,12,1
Module Exam #4,exam,30,26,66.9,29,9.3,36,76,easy,high,1,5,42.8,0,0
Machine Learning Assignment,assignment,25,20,61.1,11,4.67,45,64,medium,medium,3,0,51.3,6,1
Module Exam (Sem 2),exam,29,29,75.3,35,6.51,30,51,easy,low,9,0,36.0,0,0
Capstone Project,project,10,7,24.7,48,9.26,23,66,very_hard,low,6,6,65.7,12,1
Open Source Contribution,project,7,2,21.4,73,5.52,29,76,medium,critical,7,6,83.3,14,1
Data Structures Assignment,assignment,16,11,43.3,48,7.87,38,39,very_hard,low,4,1,48.2,10,1
DBMS Lab - SQL Queries,lab_experiment,12,10,41.5,51,7.35,10,41,easy,medium,6,1,37.8,-3,0
IoT Based Project,project,5,4,30.0,15,6.13,17,43,medium,critical,8,5,81.7,12,1
Industry Internship Project (Sem 2),project,8,8,79.4,94,9.68,49,14,medium,medium,8,4,39.1,-2,0
AI Lab - Search Algorithms #3,lab_experiment,31,29,57.5,10,8.66,40,50,medium,medium,7,5,57.0,8,1
Viva Voce,exam,21,17,50.2,43,7.29,47,95,very_hard,medium,4,3,64.1,2,1
AI Lab - Search Algorithms #5,lab_experiment,30,28,70.9,20,4.51,42,54,medium,critical,10,4,78.2,1,1
DBMS Lab - SQL Queries #5,lab_experiment,17,16,13.4,57,6.07,37,47,medium,medium,1,2,34.3,-2,0
Practical Exam #2,exam,30,29,25.2,73,7.64,46,100,very_hard,medium,5,2,54.0,7,1
Data Structures Assignment (Sem 8),assignment,17,14,14.7,99,7.86,31,61,very_hard,high,5,6,60.3,10,1
Math Assignment #2,assignment,14,11,79.2,65,5.35,20,76,easy,critical,9,2,58.0,2,1
Network Lab - Packet Analysis (Sem 5),lab_experiment,34,29,22.0,61,8.73,8,59,medium,critical,6,5,58.6,12,1
Computer Vision Lab (Sem 2),lab_experiment,30,29,62.8,85,9.77,5,85,easy,medium,9,0,23.5,0,0
DBMS Lab - SQL Queries #3,lab_experiment,15,10,75.0,30,6.17,23,99,hard,critical,6,5,78.3,10,1
Computer Vision Lab (Sem 3),lab_experiment,25,22,33.8,44,7.12,6,68,medium,medium,7,3,47.8,13,1
Networking Assignment (Sem 4),assignment,2,0,27.5,93,9.23,45,54,easy,low,9,0,45.9,3,1
Digital Electronics Lab (Sem 4),lab_experiment,4,4,45.2,16,4.53,10,55,very_hard,high,5,0,82.8,9,1
Algorithms Assignment,assignment,2,2,10.6,89,5.61,32,68,very_hard,low,10,2,69.4,6,1
Mid-Semester Exam #4,exam,22,19,77.8,88,6.95,9,30,medium,low,10,0,28.3,-2,0
Group Project - Web App,project,13,8,18.9,94,5.68,29,65,medium,high,3,3,46.1,-2,0
Network Lab - Packet Analysis,lab_experiment,34,30,26.1,54,4.97,47,73,easy,low,2,1,31.9,-1,0
Mobile App Development,project,19,17,2.6,100,8.09,43,86,medium,medium,8,0,29.3,-1,0
DBMS Lab - SQL Queries,lab_experiment,14,10,57.1,31,9.75,40,20,very_hard,high,8,0,64.8,9,1
Compiler Lab - Lexical Analysis (Sem 8),lab_experiment,19,19,18.0,5,6.86,40,55,easy,medium,3,2,46.0,2,1
Group Project - Web App (Sem 8),project,4,4,69.1,62,7.27,5,90,hard,high,10,1,62.1,4,1
Open Source Contribution (Sem 6),project,17,14,69.4,30,9.8,11,99,hard,medium,7,6,57.1,14,1
Online Quiz (Sem 5),exam,22,19,2.6,96,6.87,6,59,very_hard,critical,9,1,63.4,7,1
Algorithms Assignment (Sem 2),assignment,3,3,55.1,11,9.51,33,49,medium,high,10,3,74.1,14,1
Surprise Test #3,exam,4,3,50.5,0,5.34,25,30,very_hard,low,10,2,86.5,14,1
Practical Exam,exam,22,18,30.0,66,4.94,23,76,medium,medium,0,0,29.1,-1,0
Machine Learning Assignment,assignment,13,10,2.0,94,8.81,10,25,medium,high,8,1,36.2,-3,0
IOT Lab Experiment,lab_experiment,11,6,59.3,89,4.7,20,51,medium,high,2,6,55.2,5,1
Industry Internship Project #4,project,16,11,62.2,3,5.83,7,94,easy,low,10,6,55.1,5,1
Capstone Project,project,18,18,59.8,48,8.7,43,40,very_hard,medium,8,2,58.7,3,1
Open Source Contribution,project,9,8,48.3,39,7.36,45,43,medium,critical,7,5,71.7,11,1
Final Year Project,project,5,1,58.6,44,5.18,19,83,medium,medium,5,6,83.1,11,1
Research Project,project,18,14,37.2,39,8.37,33,54,medium,medium,8,0,40.5,-1,0
Mini Project #4,project,19,17,24.7,85,6.2,11,21,hard,high,8,3,54.1,10,1
Software Engineering Assignment #2,assignment,29,28,73.8,0,5.64,48,55,medium,critical,2,0,65.8,11,1
Surprise Test #4,exam,21,20,71.7,53,5.21,14,61,very_hard,high,7,0,67.8,2,1
Compiler Lab - Lexical Analysis (Sem 2),lab_experiment,18,13,11.9,24,4.67,21,80,medium,high,4,0,56.3,2,1
Practical Exam (Sem 8),exam,13,11,27.8,86,8.04,45,69,hard,medium,8,1,41.3,0,0
Group Project - Web App (Sem 6),project,32,27,8.5,82,6.82,43,76,easy,medium,3,0,26.9,-1,0
Viva Voce #5,exam,24,22,3.9,59,4.44,28,69,hard,high,8,6,70.0,9,1
Surprise Test (Sem 2),exam,5,5,18.2,57,6.55,30,68,very_hard,low,10,3,65.6,10,1
Group Project - Web App,project,20,15,38.0,23,7.52,5,62,medium,high,10,0,47.9,7,1
Mobile App Development (Sem 2),project,17,17,43.9,39,5.94,27,54,medium,critical,4,0,61.9,1,1
Mobile App Development #3,project,4,3,52.1,87,7.95,21,95,hard,high,1,1,48.7,-3,0
Mobile App Development,project,21,16,14.9,84,5.73,27,21,medium,medium,1,4,36.9,-3,0
Unit Test (Sem 4),exam,29,24,66.5,36,9.51,38,57,medium,high,8,3,54.6,9,1
Group Project - Web App,project,19,14,14.7,9,7.22,5,41,easy,high,10,5,60.7,14,1
Mini Project (Sem 3),project,17,14,73.3,98,7.1,38,18,medium,low,0,1,16.2,0,0
Computer Vision Lab #5,lab_experiment,27,23,58.9,34,9.54,13,94,easy,low,10,0,29.5,0,0
Mobile App Development #3,project,28,27,45.6,65,9.9,44,46,hard,medium,9,6,53.4,12,1
Weekly Test (Sem 6),exam,9,8,48.3,15,7.02,46,64,easy,critical,3,1,57.6,5,1
Module Exam (Sem 7),exam,12,8,1.1,35,7.97,27,100,very_hard,medium,1,6,53.7,12,1
Networking Assignment (Sem 8),assignment,20,19,43.3,45,4.49,27,21,medium,medium,3,2,46.7,8,1
Unit Test,exam,16,11,8.8,54,8.34,12,73,easy,high,3,4,39.4,0,0
Math Assignment (Sem 4),assignment,24,24,26.2,25,9.26,14,63,medium,high,9,1,50.4,4,1
Networking Assignment (Sem 6),assignment,27,27,24.0,67,5.76,38,100,medium,high,5,2,56.4,3,1
Compiler Lab - Lexical Analysis (Sem 2),lab_experiment,6,1,68.0,74,6.67,24,65,hard,high,4,6,83.6,2,1
Weekly Test,exam,16,12,3.9,68,9.06,47,26,very_hard,critical,2,0,57.1,2,1
IOT Lab Experiment (Sem 3),lab_experiment,22,19,36.6,80,5.94,12,17,hard,medium,7,1,49.2,1,1
Module Exam (Sem 3),exam,23,20,50.2,2,8.28,17,99,easy,medium,9,0,41.3,-1,0
Networking Assignment #5,assignment,6,1,41.5,58,6.09,32,33,easy,medium,8,3,67.6,1,1
Online Quiz,exam,23,20,47.3,62,5.13,24,94,medium,high,2,1,45.0,10,1
Surprise Test (Sem 4),exam,27,23,49.2,7,5.99,46,59,very_hard,medium,3,2,71.2,11,1
Mobile App Development (Sem 3),project,29,24,44.8,11,5.87,40,94,very_hard,low,10,5,76.8,7,1
Mini Project #4,project,28,27,63.8,4,4.14,27,43,hard,medium,3,3,63.9,8,1
Internal Assessment,exam,11,10,33.2,81,5.04,45,85,easy,critical,7,1,55.3,1,1
Unit Test #2,exam,28,24,53.5,74,8.09,13,67,medium,high,6,1,40.5,13,1
Viva Voce #4,exam,2,0,78.6,24,4.79,49,72,very_hard,high,4,5,100.0,13,1
Weekly Test (Sem 5),exam,4,4,11.6,89,6.4,23,43,hard,medium,5,0,49.5,-3,0
Embedded Systems Lab (Sem 5),lab_experiment,4,4,39.6,63,8.23,7,95,medium,high,10,3,54.1,11,1
AI Lab - Search Algorithms (Sem 3),lab_experiment,21,18,40.8,81,7.95,41,34,hard,low,2,5,35.9,-2,0
Embedded Systems Lab #1,lab_experiment,15,14,53.1,77,6.75,36,81,medium,low,5,6,43.2,-3,0
Computer Graphics Assignment #1,assignment,12,12,13.8,16,7.65,25,55,easy,low,6,4,42.3,14,1
Software Engineering Assignment #4,assignment,7,3,36.0,47,5.69,48,60,hard,critical,10,3,93.4,1,1
Digital Electronics Lab (Sem 1),lab_experiment,4,4,59.5,12,8.93,14,54,medium,critical,4,2,68.0,9,1
Weekly Test (Sem 8),exam,23,22,34.8,65,5.08,26,58,easy,high,6,5,56.6,14,1
OS Lab - Process Scheduling #1,lab_experiment,30,27,31.3,58,8.96,42,22,hard,medium,5,0,44.6,-1,0
End-Semester Exam #4,exam,32,28,24.5,2,5.31,35,81,very_hard,low,4,0,65.1,1,1
Weekly Test (Sem 5),exam,6,5,3.4,57,6.04,18,67,medium,critical,1,0,51.4,10,1
Open Source Contribution #5,project,21,16,42.1,93,9.56,9,26,easy,high,7,1,31.3,0,0
Computer Graphics Assignment (Sem 6),assignment,13,13,63.5,68,4.23,45,84,medium,low,4,3,43.9,-1,0
Digital Electronics Lab #4,lab_experiment,11,8,24.6,69,7.71,33,17,medium,critical,5,1,51.5,9,1
AI Lab - Search Algorithms (Sem 4),lab_experiment,6,1,3.3,86,9.69,24,10,easy,high,9,3,63.2,12,1
IOT Lab Experiment,lab_experiment,27,23,14.2,91,6.81,29,21,medium,medium,6,1,36.7,-1,0
Mid-Semester Exam,exam,25,23,37.9,89,7.52,27,30,hard,critical,7,4,59.9,12,1
Networking Assignment #2,assignment,24,22,36.6,76,5.11,11,42,medium,medium,0,2,29.9,-1,0
Computer Graphics Assignment (Sem 5),assignment,15,12,17.9,94,8.11,32,91,medium,medium,1,4,25.4,0,0
Digital Electronics Lab,lab_experiment,20,20,10.6,65,6.4,20,72,hard,high,4,2,54.0,4,1
Mobile App Development #4,project,23,19,48.3,57,8.28,15,89,medium,low,4,4,35.1,-1,0
Open Source Contribution,project,14,9,8.0,8,5.17,24,16,medium,medium,5,2,59.8,6,1
Mini Project (Sem 1),project,35,30,19.9,55,8.91,23,93,easy,high,2,1,31.3,-3,0
Software Engineering Assignment #3,assignment,28,28,14.6,97,4.54,21,69,medium,high,1,4,40.7,1,1
Embedded Systems Lab (Sem 3),lab_experiment,3,1,21.8,77,8.4,5,97,medium,medium,9,1,57.1,2,1
Module Exam,exam,22,20,19.7,27,4.97,48,73,very_hard,medium,8,5,79.4,12,1
Open Source Contribution #5,project,7,2,55.5,38,7.34,9,82,hard,high,5,3,78.3,14,1
Digital Electronics Lab (Sem 2),lab_experiment,4,2,80.0,42,4.7,18,29,medium,low,10,2,62.4,8,1
Compiler Lab - Lexical Analysis #4,lab_experiment,24,19,44.2,0,4.54,38,49,easy,medium,0,6,48.8,13,1
OS Lab - Process Scheduling #3,lab_experiment,22,21,56.3,25,6.16,30,56,easy,critical,7,2,62.0,9,1
DS Lab - Linked List (Sem 8),lab_experiment,33,29,20.6,43,6.42,29,24,hard,low,1,3,40.3,-2,0
End-Semester Exam (Sem 7),exam,23,21,70.3,11,5.4,49,90,easy,high,7,5,69.7,5,1
Machine Learning Assignment (Sem 1),assignment,21,21,71.9,87,4.48,15,46,hard,critical,10,0,61.1,10,1
Surprise Test (Sem 3),exam,6,3,62.3,43,7.44,45,48,easy,high,1,5,60.9,12,1
Software Engineering Assignment,assignment,14,13,4.1,55,5.3,50,55,medium,critical,8,3,70.0,2,1
Machine Learning Assignment #5,assignment,21,19,13.1,13,4.02,42,23,medium,high,10,3,69.6,5,1
Mid-Semester Exam (Sem 2),exam,21,19,30.7,89,7.98,44,76,medium,low,5,0,26.6,-1,0
Machine Learning Assignment,assignment,9,6,29.4,92,5.68,21,99,easy,medium,1,5,39.7,-3,0
Internal Assessment,exam,26,26,77.7,25,9.45,13,80,medium,medium,1,6,39.3,-1,0
OS Lab - Process Scheduling,lab_experiment,26,26,18.6,47,6.85,10,10,hard,medium,1,5,46.6,-2,0
Internal Assessment,exam,29,27,51.8,24,4.14,27,64,easy,low,2,6,43.9,4,1
Algorithms Assignment,assignment,27,25,70.5,84,6.98,41,97,hard,low,6,4,47.3,2,1
Software Engineering Assignment,assignment,17,14,31.0,43,5.87,43,36,medium,low,9,1,47.7,4,1
DBMS Lab - SQL Queries,lab_experiment,27,24,28.5,36,8.89,7,68,easy,high,2,3,37.5,0,0
Computer Graphics Assignment (Sem 5),assignment,0,0,34.7,88,6.72,12,30,very_hard,low,5,0,68.6,11,1
Viva Voce #4,exam,10,8,11.8,55,9.18,28,77,easy,medium,5,3,37.8,8,1
Embedded Systems Lab,lab_experiment,4,3,45.9,69,8.93,46,12,easy,critical,9,2,64.8,10,1
Data Structures Assignment (Sem 8),assignment,14,12,12.4,25,5.77,33,56,medium,low,7,5,58.3,3,1
OS Lab - Process Scheduling,lab_experiment,26,22,57.2,4,5.17,32,22,very_hard,medium,1,4,68.4,14,1
Online Quiz #4,exam,24,21,38.3,78,8.81,12,35,medium,low,1,0,13.6,-1,0
Algorithms Assignment #1,assignment,20,20,77.4,61,7.13,36,57,hard,high,8,1,57.4,14,1
Web Dev Assignment,assignment,18,15,68.5,16,7.13,27,45,hard,high,7,0,63.5,12,1
Software Engineering Assignment,assignment,28,23,64.1,100,9.39,24,71,hard,critical,0,3,40.4,0,0
Research Project,project,25,21,77.9,26,4.24,33,98,very_hard,medium,5,1,70.1,6,1
Weekly Test (Sem 1),exam,10,7,49.8,18,6.29,44,96,very_hard,low,8,0,68.8,3,1
End-Semester Exam,exam,32,28,20.4,8,4.54,42,25,medium,critical,1,0,60.6,4,1
Data Structures Assignment,assignment,16,16,74.2,48,5.65,14,52,easy,medium,0,2,30.8,-3,0
OS Lab - Process Scheduling (Sem 2),lab_experiment,5,0,38.2,50,4.31,37,55,easy,critical,5,5,93.7,13,1
Computer Graphics Assignment,assignment,6,5,11.6,91,9.59,32,73,medium,high,7,2,49.0,10,1
Mini Project,project,26,24,40.0,25,6.86,40,54,medium,critical,1,1,54.0,1,1
Networking Assignment (Sem 5),assignment,21,20,20.4,94,9.96,17,76,hard,high,3,0,35.9,0,0
Mini Project (Sem 8),project,26,24,48.3,66,9.2,8,99,medium,medium,2,1,25.6,-2,0
Module Exam (Sem 1),exam,18,18,62.5,56,4.43,31,16,hard,critical,0,2,57.9,12,1
ML Model Project (Sem 2),project,10,7,68.1,51,6.78,13,56,medium,medium,8,0,49.1,5,1
Data Structures Assignment,assignment,22,18,9.1,98,7.78,7,32,hard,medium,4,1,32.1,-1,0
Online Quiz (Sem 2),exam,22,21,36.3,18,9.51,19,97,medium,low,5,4,46.3,-2,0
Viva Voce,exam,31,30,54.0,61,9.45,41,52,medium,medium,3,4,38.9,-1,0
Computer Graphics Assignment (Sem 3),assignment,5,1,77.4,12,9.92,32,11,easy,critical,7,2,84.8,7,1
Surprise Test,exam,10,10,29.2,74,6.64,37,43,medium,low,10,1,35.9,-3,0
Research Project (Sem 6),project,31,26,56.1,62,8.95,41,13,easy,medium,2,2,26.7,-2,0
Computer Vision Lab (Sem 1),lab_experiment,24,20,48.8,20,6.83,48,76,very_hard,high,0,6,67.8,11,1
Module Exam,exam,26,23,70.2,85,5.8,29,61,medium,low,8,4,43.9,-3,0
DBMS Assignment,assignment,2,0,28.2,32,6.09,14,48,medium,low,9,0,65.0,9,1
IoT Based Project #4,project,9,8,20.4,72,8.42,32,86,easy,medium,4,1,27.8,-3,0
Mini Project #1,project,28,28,2.8,6,9.08,24,96,hard,critical,0,1,55.2,13,1
ML Model Project #2,project,11,10,69.8,59,4.63,9,54,medium,medium,4,6,51.1,9,1
ML Model Project,project,23,20,27.6,12,8.42,47,80,medium,medium,7,5,57.3,2,1
Internal Assessment,exam,15,13,45.5,29,8.32,10,60,medium,medium,4,0,37.2,14,1
Surprise Test #5,exam,15,13,61.9,8,4.84,14,36,hard,medium,6,1,63.8,1,1
Web Dev Assignment (Sem 2),assignment,5,1,9.1,91,8.22,45,41,medium,low,6,4,59.3,10,1
Mobile App Development #2,project,17,16,7.4,65,5.39,23,38,very_hard,high,1,3,60.3,9,1
Research Project #1,project,8,3,61.9,21,6.32,11,20,easy,critical,7,1,73.9,2,1
Industry Internship Project #2,project,29,24,62.7,79,6.04,17,91,medium,critical,7,3,56.9,9,1
Surprise Test #1,exam,30,26,24.2,22,4.68,32,23,easy,high,2,1,48.8,3,1
Open Source Contribution (Sem 7),project,5,4,78.5,55,4.72,9,36,very_hard,low,4,1,61.9,3,1
Software Engineering Assignment #5,assignment,3,3,2.7,26,4.28,5,72,hard,medium,5,4,80.3,4,1
DS Lab - Linked List,lab_experiment,25,21,65.1,47,4.1,23,37,medium,critical,1,2,54.9,1,1
Web Dev Assignment,assignment,28,25,17.9,34,8.73,11,48,medium,high,9,4,54.3,-2,0
Viva Voce #1,exam,23,20,20.9,97,4.67,16,27,hard,medium,8,3,50.2,5,1
Computer Graphics Assignment,assignment,10,10,38.4,28,4.95,23,70,medium,medium,5,3,57.7,4,1
ML Model Project #2,project,26,24,5.7,44,7.97,39,85,medium,medium,7,1,42.1,-1,0
Software Engineering Assignment #2,assignment,21,18,56.6,46,6.42,24,19,hard,low,3,4,47.2,10,1
Final Year Project,project,30,29,24.2,37,7.15,18,70,easy,critical,9,3,60.4,14,1
Surprise Test,exam,24,23,78.4,56,8.35,8,87,medium,medium,1,5,32.6,-1,0
Industry Internship Project (Sem 5),project,14,10,28.1,86,7.59,7,75,medium,high,8,0,35.5,-3,0
Final Year Project,project,4,3,75.8,7,6.86,23,43,hard,medium,10,6,82.9,13,1
DBMS Lab - SQL Queries #1,lab_experiment,31,27,34.6,29,7.35,25,87,easy,high,5,4,56.7,12,1
Software Engineering Assignment,assignment,13,13,71.6,58,9.27,19,98,hard,medium,10,1,44.3,2,1
Online Quiz #4,exam,13,11,51.3,85,5.84,7,78,medium,medium,7,3,44.7,-2,0
Group Project - Web App,project,31,28,11.3,35,4.17,33,40,hard,medium,0,3,49.3,12,1
Surprise Test (Sem 3),exam,32,28,41.0,43,8.97,34,38,hard,medium,4,2,47.8,12,1
Module Exam,exam,3,2,30.2,62,6.8,5,38,hard,medium,0,0,45.1,0,0
Network Lab - Packet Analysis #3,lab_experiment,6,6,18.2,46,5.59,45,69,hard,high,4,4,77.3,5,1
AI Lab - Search Algorithms #2,lab_experiment,21,17,36.3,16,8.61,32,50,medium,critical,8,3,66.0,1,1
Surprise Test,exam,14,10,71.3,70,4.1,29,29,easy,medium,4,4,43.9,4,1
Networking Assignment #2,assignment,29,29,41.2,57,6.17,31,81,easy,medium,1,4,32.7,-3,0
Industry Internship Project #2,project,19,15,49.8,1,8.38,33,13,easy,high,0,4,43.1,-3,0
Industry Internship Project,project,28,24,60.4,6,7.27,12,47,hard,critical,0,0,57.0,6,1
DBMS Assignment #5,assignment,25,22,8.2,1,4.51,37,71,very_hard,low,10,3,74.5,3,1
Group Project - Web App (Sem 2),project,22,19,38.1,58,5.24,41,23,medium,low,0,5,37.5,-2,0
Group Project - Web App (Sem 4),project,26,22,73.1,19,5.47,24,60,hard,high,0,6,62.6,12,1
Digital Electronics Lab #4,lab_experiment,24,23,47.9,7,7.28,49,22,hard,medium,8,6,70.5,7,1
Algorithms Assignment,assignment,11,10,2.0,33,5.23,22,33,hard,high,8,0,64.6,8,1
Surprise Test #4,exam,12,11,42.3,28,9.11,43,10,hard,critical,7,5,75.7,13,1
Group Project - Web App,project,7,5,48.0,36,9.5,24,87,very_hard,medium,0,3,54.2,8,1
Machine Learning Assignment #4,assignment,30,28,48.6,78,5.79,19,78,medium,medium,10,4,49.3,11,1
Data Structures Assignment,assignment,7,2,26.5,52,5.74,13,13,medium,medium,10,0,60.9,9,1
Industry Internship Project (Sem 6),project,34,29,5.0,9,4.71,43,15,hard,high,3,4,73.5,3,1
AI Lab - Search Algorithms #4,lab_experiment,0,0,67.1,7,8.03,7,85,medium,medium,6,6,79.3,4,1
Compiler Lab - Lexical Analysis (Sem 1),lab_experiment,13,8,67.4,76,9.21,14,34,medium,medium,10,1,33.2,0,0
Mobile App Development,project,23,20,31.4,60,7.76,15,65,medium,critical,7,0,49.5,-1,0
Final Year Project (Sem 5),project,19,17,12.7,35,9.68,24,14,hard,critical,1,1,52.4,5,1
Internal Assessment #5,exam,33,28,35.9,93,7.76,46,40,medium,medium,7,2,35.0,0,0
Capstone Project,project,30,28,10.5,57,8.92,10,96,medium,medium,0,5,29.6,-1,0
Compiler Lab - Lexical Analysis (Sem 1),lab_experiment,28,27,64.7,33,5.67,30,19,very_hard,medium,6,2,70.4,12,1
DBMS Lab - SQL Queries (Sem 2),lab_experiment,8,3,61.3,68,6.01,33,37,easy,high,7,4,64.7,7,1
Software Engineering Assignment #2,assignment,29,27,30.5,80,4.99,40,98,medium,medium,7,1,45.0,2,1
DBMS Lab - SQL Queries,lab_experiment,15,15,50.5,30,7.92,39,71,very_hard,medium,10,5,67.9,11,1
Embedded Systems Lab #3,lab_experiment,1,1,6.1,89,4.94,21,64,medium,medium,8,6,74.3,10,1
Mid-Semester Exam #2,exam,32,28,48.9,40,4.64,25,14,medium,low,8,3,50.5,1,1
OS Lab - Process Scheduling (Sem 7),lab_experiment,1,0,6.0,25,9.45,19,99,medium,critical,3,0,75.9,7,1
Web Dev Assignment (Sem 1),assignment,4,0,19.3,81,7.8,50,54,medium,high,5,3,71.8,5,1
Online Quiz (Sem 3),exam,17,13,3.1,1,8.6,5,79,hard,critical,6,2,71.3,6,1
Digital Electronics Lab (Sem 2),lab_experiment,27,27,64.3,50,4.84,39,67,medium,critical,2,1,56.9,10,1
Capstone Project (Sem 8),project,18,16,67.5,15,8.07,14,63,hard,low,2,4,44.4,10,1
Mini Project,project,4,4,54.5,49,8.11,16,79,hard,medium,1,2,43.8,-1,0
Group Project - Web App (Sem 5),project,7,6,51.2,55,7.66,45,38,easy,low,10,0,36.5,0,0
Surprise Test (Sem 5),exam,22,22,35.4,36,5.73,21,12,very_hard,high,9,6,81.9,8,1
Weekly Test,exam,4,4,9.8,16,6.76,5,96,easy,medium,2,3,47.3,7,1
Data Structures Assignment (Sem 7),assignment,31,28,20.9,88,8.96,9,53,medium,medium,0,1,15.3,0,0
Internal Assessment #5,exam,23,19,26.5,72,8.38,46,67,easy,low,10,2,29.2,-2,0
Embedded Systems Lab (Sem 6),lab_experiment,19,18,60.1,51,9.51,23,44,medium,critical,1,4,48.1,-2,0
Software Engineering Assignment #1,assignment,13,9,30.7,78,6.89,8,27,hard,medium,10,1,44.2,-3,0
Online Quiz #1,exam,22,22,5.0,38,8.85,35,81,hard,low,0,3,33.9,-1,0
Software Engineering Assignment (Sem 6),assignment,16,12,65.9,85,8.82,18,61,very_hard,high,0,6,46.8,10,1
Surprise Test (Sem 5),exam,20,19,58.1,28,8.28,40,35,easy,high,7,1,47.4,0,0
Open Source Contribution (Sem 3),project,18,15,34.3,87,8.2,29,71,very_hard,critical,10,6,70.5,8,1
OS Lab - Process Scheduling,lab_experiment,29,28,27.2,15,5.14,41,46,medium,low,0,3,42.1,-3,0
Mid-Semester Exam #3,exam,15,15,48.7,0,9.54,49,76,hard,medium,10,2,60.9,1,1
Industry Internship Project,project,30,26,39.0,11,4.99,19,16,easy,high,10,1,58.7,4,1
Module Exam #1,exam,17,15,41.0,37,4.39,9,27,medium,medium,10,3,54.5,9,1
Mobile App Development (Sem 7),project,28,24,61.3,23,7.47,27,42,easy,medium,8,1,45.1,-2,0
Algorithms Assignment,assignment,16,15,22.0,68,5.49,6,30,very_hard,high,9,1,66.0,2,1
Internal Assessment #1,exam,20,18,63.9,25,7.42,25,31,very_hard,medium,5,0,62.5,9,1
DBMS Assignment #5,assignment,14,13,42.7,62,5.58,8,63,medium,medium,8,4,51.4,14,1
Software Engineering Assignment,assignment,10,9,22.0,69,4.27,38,99,medium,medium,7,4,53.0,8,1
Data Structures Assignment (Sem 7),assignment,3,0,43.1,39,8.88,39,62,medium,low,6,3,67.1,10,1
IOT Lab Experiment,lab_experiment,22,19,69.9,50,9.94,20,46,medium,medium,0,0,22.0,-2,0
Compiler Lab - Lexical Analysis,lab_experiment,4,0,56.4,65,6.52,14,28,hard,medium,7,0,70.4,7,1
IoT Based Project,project,31,28,42.1,62,7.1,45,59,easy,medium,1,4,33.1,0,0
Digital Electronics Lab #2,lab_experiment,22,18,24.9,87,6.43,14,79,medium,critical,9,6,59.0,10,1
Computer Vision Lab (Sem 5),lab_experiment,0,0,61.0,20,6.76,15,11,hard,medium,5,0,79.5,3,1
Embedded Systems Lab #1,lab_experiment,16,15,26.9,41,6.76,25,41,hard,medium,5,4,59.3,3,1
DBMS Assignment #5,assignment,7,7,38.4,16,7.31,48,50,medium,high,2,5,67.6,14,1
DBMS Lab - SQL Queries #1,lab_experiment,31,29,28.5,14,4.77,7,12,medium,low,1,4,43.9,-3,0
Data Structures Assignment (Sem 4),assignment,23,19,14.6,68,9.53,16,35,hard,medium,10,1,42.0,-2,0
Internal Assessment (Sem 4),exam,5,5,33.6,75,9.74,30,92,easy,medium,8,0,36.0,-3,0
DBMS Assignment #4,assignment,21,21,34.9,32,6.73,49,55,very_hard,medium,8,1,65.5,8,1
Weekly Test (Sem 3),exam,13,9,44.1,46,8.99,40,45,very_hard,critical,5,5,79.8,11,1
Digital Electronics Lab (Sem 3),lab_experiment,20,20,26.5,80,9.98,5,94,hard,high,6,2,47.5,1,1
DBMS Assignment,assignment,6,6,3.8,73,7.16,5,11,medium,critical,4,2,59.9,9,1
Algorithms Assignment #3,assignment,18,17,16.1,18,5.97,48,57,medium,high,10,1,65.2,5,1
Mid-Semester Exam (Sem 6),exam,25,23,24.9,67,9.74,11,95,medium,low,9,1,29.7,-3,0
AI Lab - Search Algorithms,lab_experiment,7,3,9.3,53,4.37,49,13,medium,high,4,4,76.3,14,1
Group Project - Web App,project,11,11,63.5,89,4.52,25,11,very_hard,medium,6,4,62.7,12,1
IOT Lab Experiment (Sem 6),lab_experiment,31,30,24.8,56,7.76,17,58,very_hard,high,9,6,67.5,2,1
Math Assignment #2,assignment,28,24,61.6,28,7.17,36,74,hard,high,1,3,56.0,6,1
Research Project (Sem 4),project,2,2,75.6,75,5.33,24,75,medium,high,6,3,70.4,4,1
Online Quiz (Sem 3),exam,14,10,61.5,15,5.25,49,41,medium,critical,8,6,81.9,2,1
Research Project #3,project,26,21,52.2,4,8.72,5,83,very_hard,medium,8,1,61.7,14,1
Embedded Systems Lab (Sem 2),lab_experiment,26,25,31.0,13,6.27,46,55,hard,critical,2,0,65.0,3,1
Software Engineering Assignment #5,assignment,12,10,32.4,66,6.49,33,26,medium,medium,10,5,50.1,0,0
Compiler Lab - Lexical Analysis (Sem 6),lab_experiment,5,4,73.3,78,9.16,36,15,easy,low,10,5,41.0,-1,0
Module Exam (Sem 4),exam,12,12,61.4,77,4.81,34,60,easy,medium,7,4,46.0,10,1
Mid-Semester Exam,exam,11,10,32.8,100,7.31,21,97,easy,critical,3,4,44.1,0,0
Online Quiz (Sem 3),exam,34,29,55.6,72,7.27,19,47,hard,low,3,6,43.5,0,0
Web Dev Assignment #4,assignment,11,7,38.9,50,8.93,27,98,medium,high,3,3,52.7,11,1
Viva Voce,exam,16,14,13.2,93,8.75,15,31,hard,medium,8,2,38.9,-3,0
Network Lab - Packet Analysis,lab_experiment,26,22,46.1,35,8.61,28,24,very_hard,medium,1,0,43.8,5,1
Algorithms Assignment,assignment,3,1,9.4,62,9.1,19,90,medium,critical,0,0,59.5,13,1
DS Lab - Linked List (Sem 8),lab_experiment,31,29,63.5,65,7.69,28,28,medium,high,2,5,42.8,-2,0
Networking Assignment #3,assignment,0,0,24.8,19,5.01,30,93,medium,critical,7,3,100.0,14,1
OS Lab - Process Scheduling,lab_experiment,15,11,63.8,48,6.11,12,77,medium,high,3,5,52.6,8,1
IOT Lab Experiment (Sem 4),lab_experiment,17,15,9.6,6,6.64,17,78,easy,low,3,4,42.5,-1,0
Mobile App Development,project,33,30,6.6,20,6.12,12,77,hard,medium,8,4,62.2,1,1
Online Quiz,exam,13,13,56.1,94,5.26,13,30,hard,critical,4,0,56.5,1,1
Mini Project (Sem 5),project,12,12,27.9,78,6.83,17,68,very_hard,medium,3,1,47.1,10,1
Digital Electronics Lab,lab_experiment,29,27,15.7,6,9.11,9,15,medium,high,6,4,59.7,6,1
AI Lab - Search Algorithms,lab_experiment,7,4,38.5,84,6.11,49,99,very_hard,medium,10,1,63.1,8,1
Mini Project (Sem 8),project,12,10,59.8,84,9.8,41,74,hard,medium,6,3,45.3,-2,0
Embedded Systems Lab,lab_experiment,31,27,69.8,28,4.2,44,64,hard,high,1,2,59.8,14,1
End-Semester Exam (Sem 5),exam,6,2,77.7,95,5.96,41,75,hard,high,9,4,77.1,12,1
Module Exam #4,exam,2,0,48.0,82,7.29,46,35,very_hard,medium,3,0,72.2,12,1
Industry Internship Project #2,project,24,20,38.3,68,8.57,26,14,easy,high,9,3,42.0,0,0
Final Year Project (Sem 3),project,24,24,35.4,90,5.5,34,48,very_hard,medium,6,6,65.4,5,1
Algorithms Assignment (Sem 6),assignment,4,1,24.5,15,7.06,7,98,hard,low,2,1,67.7,8,1
Internal Assessment (Sem 8),exam,1,1,26.7,63,9.74,16,62,hard,critical,6,2,85.0,12,1
Software Engineering Assignment (Sem 5),assignment,21,19,26.1,99,8.82,30,43,medium,low,9,1,25.2,-2,0
Final Year Project,project,33,30,59.6,80,8.93,47,98,easy,medium,10,3,34.7,-1,0
IOT Lab Experiment #4,lab_experiment,21,17,65.2,62,8.09,9,50,hard,high,10,2,51.5,3,1
Industry Internship Project,project,23,23,1.4,64,9.75,44,97,medium,medium,2,1,29.6,-1,0
Algorithms Assignment #2,assignment,35,30,3.7,41,6.53,35,90,medium,medium,5,4,53.3,3,1
DBMS Assignment (Sem 4),assignment,8,8,44.0,65,5.84,22,39,hard,low,0,0,31.2,0,0
Digital Electronics Lab #1,lab_experiment,35,30,12.9,24,6.82,21,35,easy,low,0,4,30.3,0,0
AI Lab - Search Algorithms,lab_experiment,10,8,63.4,52,9.05,11,70,hard,medium,6,2,46.7,4,1
Digital Electronics Lab (Sem 1),lab_experiment,21,16,56.0,65,5.25,5,40,medium,medium,3,5,46.5,7,1
Digital Electronics Lab #4,lab_experiment,22,18,30.1,82,9.8,17,100,medium,high,9,1,39.3,-3,0
AI Lab - Search Algorithms,lab_experiment,11,11,47.1,35,8.7,32,17,easy,medium,6,1,38.2,0,0
Mobile App Development,project,22,21,23.2,1,9.72,14,89,very_hard,low,1,2,48.2,6,1
DS Lab - Linked List #5,lab_experiment,4,0,25.3,78,5.49,33,26,hard,medium,3,2,72.7,8,1
Software Engineering Assignment (Sem 7),assignment,27,22,3.9,27,4.35,16,64,hard,medium,3,2,56.2,10,1
Digital Electronics Lab #3,lab_experiment,11,7,64.2,96,9.6,26,44,hard,medium,0,4,36.4,-2,0
ML Model Project,project,17,12,19.4,61,4.24,11,75,medium,medium,10,4,51.9,1,1
OS Lab - Process Scheduling #5,lab_experiment,23,23,29.6,24,7.8,13,53,hard,medium,8,6,58.5,2,1
Computer Graphics Assignment (Sem 8),assignment,16,12,51.6,99,6.4,37,58,medium,critical,5,5,58.9,2,1
Software Engineering Assignment,assignment,31,26,48.3,5,9.61,17,34,hard,high,8,3,65.7,13,1
Capstone Project #3,project,33,30,1.2,14,5.28,24,14,easy,critical,6,1,66.6,6,1
DBMS Assignment #1,assignment,32,28,69.3,52,4.4,42,37,easy,critical,7,0,58.8,8,1
Practical Exam #5,exam,2,2,30.4,30,8.07,26,75,very_hard,medium,8,2,75.6,12,1
Digital Electronics Lab,lab_experiment,29,29,30.3,45,8.53,11,17,medium,medium,6,5,47.1,12,1
Capstone Project #3,project,25,21,28.8,67,9.5,20,11,very_hard,high,2,5,56.6,1,1
Research Project,project,18,16,12.4,5,5.9,15,60,easy,high,3,4,59.5,1,1
Mini Project #5,project,26,22,17.9,94,9.49,32,35,easy,medium,8,4,32.4,0,0
DS Lab - Linked List #1,lab_experiment,29,28,28.4,91,7.73,44,100,hard,low,10,2,37.2,-2,0
Viva Voce #3,exam,4,0,33.3,65,7.68,31,95,hard,critical,10,4,90.1,3,1
Network Lab - Packet Analysis,lab_experiment,7,4,59.5,12,8.82,29,63,easy,critical,3,2,61.5,14,1
DBMS Lab - SQL Queries #5,lab_experiment,3,2,73.7,92,7.12,31,34,medium,low,5,1,46.7,7,1
Machine Learning Assignment (Sem 3),assignment,32,29,18.2,57,7.07,19,51,medium,medium,6,5,50.5,3,1
Group Project - Web App #5,project,24,19,66.9,90,6.99,8,89,hard,low,7,1,36.8,0,0
Web Dev Assignment,assignment,14,13,13.9,71,6.87,38,93,medium,high,7,2,50.6,11,1
OS Assignment #5,assignment,20,17,39.9,29,4.86,16,62,very_hard,medium,1,0,53.8,14,1
IOT Lab Experiment #3,lab_experiment,4,2,49.9,57,7.92,38,55,medium,medium,7,2,56.4,4,1
Online Quiz #5,exam,24,22,6.5,38,5.17,21,78,easy,high,3,3,51.5,14,1
Practical Exam (Sem 5),exam,5,4,57.0,72,9.15,31,89,hard,medium,8,4,56.7,13,1
Surprise Test (Sem 1),exam,7,7,8.2,91,4.57,33,55,easy,medium,1,0,31.1,-2,0
AI Lab - Search Algorithms,lab_experiment,12,8,36.5,47,9.11,19,62,medium,high,8,6,54.5,9,1
Module Exam,exam,10,6,25.5,37,4.54,22,69,very_hard,high,5,0,79.8,10,1
Mini Project #2,project,32,30,37.8,24,6.7,16,46,easy,medium,3,0,35.8,-1,0
Online Quiz (Sem 6),exam,10,7,24.4,12,5.11,33,64,medium,medium,10,1,65.9,10,1
Embedded Systems Lab #3,lab_experiment,23,18,28.3,73,5.66,16,49,hard,low,9,3,50.0,4,1
IOT Lab Experiment #3,lab_experiment,5,3,71.9,30,5.52,47,22,very_hard,medium,5,6,93.7,1,1
Machine Learning Assignment #5,assignment,5,0,30.6,88,4.34,46,40,medium,medium,6,6,77.0,10,1
Open Source Contribution #4,project,12,9,28.9,70,9.8,37,73,very_hard,medium,1,0,37.7,-2,0
Industry Internship Project,project,32,30,25.7,70,5.82,5,49,hard,medium,3,2,46.5,5,1
Digital Electronics Lab #4,lab_experiment,13,13,12.7,78,8.0,49,34,hard,low,4,0,33.3,-2,0
Web Dev Assignment,assignment,18,16,56.8,89,5.92,12,47,hard,medium,9,0,45.4,5,1
Group Project - Web App,project,7,7,28.0,94,8.86,35,75,easy,medium,9,3,38.7,-1,0
Industry Internship Project (Sem 2),project,29,28,8.5,42,6.46,11,43,very_hard,medium,7,2,61.7,10,1
Compiler Lab - Lexical Analysis (Sem 1),lab_experiment,10,7,26.6,15,5.65,15,17,medium,critical,5,5,86.5,10,1
Capstone Project,project,15,12,79.9,26,8.79,21,65,hard,high,0,1,42.9,0,0
Module Exam (Sem 5),exam,13,8,20.4,71,7.27,26,84,medium,high,1,1,35.4,-2,0
Final Year Project (Sem 6),project,3,2,60.1,31,8.59,50,43,hard,high,3,1,68.8,3,1
Software Engineering Assignment (Sem 1),assignment,6,2,33.3,73,6.16,22,63,hard,medium,8,1,61.6,3,1
Networking Assignment,assignment,22,18,63.6,69,9.15,47,14,easy,critical,1,6,43.9,-1,0
Web Dev Assignment,assignment,25,24,75.1,73,7.7,17,34,medium,medium,3,3,32.1,0,0
Math Assignment,assignment,25,25,23.3,90,4.49,5,66,medium,medium,9,5,47.5,6,1
Capstone Project #3,project,15,10,42.1,65,5.02,27,87,hard,high,3,5,62.7,8,1
Research Project (Sem 5),project,1,0,5.9,27,7.28,14,79,medium,medium,1,1,61.0,5,1
DBMS Lab - SQL Queries #4,lab_experiment,2,2,34.2,94,5.03,39,15,hard,low,10,2,61.1,7,1
ML Model Project,project,11,9,52.6,12,8.89,20,46,medium,high,10,2,55.6,2,1
DBMS Lab - SQL Queries,lab_experiment,28,28,2.9,65,4.96,36,45,hard,high,4,0,56.6,8,1
Mobile App Development #2,project,30,27,30.5,62,5.75,37,92,hard,medium,5,0,53.3,12,1
Capstone Project,project,21,20,27.4,92,7.21,12,41,medium,critical,3,1,43.8,-3,0
Math Assignment (Sem 2),assignment,14,12,10.6,17,6.65,17,36,medium,medium,0,1,35.3,0,0
Computer Vision Lab #2,lab_experiment,13,11,36.8,80,7.84,9,10,hard,high,6,6,53.9,10,1
Math Assignment,assignment,31,28,23.3,71,8.46,30,77,hard,low,5,1,37.8,0,0
Mid-Semester Exam (Sem 6),exam,12,11,48.6,7,8.09,9,16,hard,medium,1,5,49.5,8,1
Compiler Lab - Lexical Analysis (Sem 3),lab_experiment,11,6,34.6,74,5.61,36,94,very_hard,critical,5,6,91.8,3,1
Mid-Semester Exam (Sem 5),exam,16,15,38.6,68,5.38,30,74,medium,medium,0,6,39.4,-1,0
Compiler Lab - Lexical Analysis (Sem 2),lab_experiment,8,4,55.0,98,9.81,45,82,easy,medium,2,5,33.9,-1,0
Machine Learning Assignment (Sem 8),assignment,21,19,33.9,99,8.21,11,24,hard,medium,3,2,31.3,-1,0
Compiler Lab - Lexical Analysis #1,lab_experiment,28,25,78.6,3,9.21,5,14,hard,high,2,2,53.9,1,1
End-Semester Exam (Sem 5),exam,19,14,60.5,48,9.19,16,97,very_hard,medium,2,1,45.0,6,1
Mid-Semester Exam #4,exam,23,20,57.7,56,6.15,31,78,medium,high,7,4,56.9,10,1
Networking Assignment,assignment,5,3,64.2,83,4.83,13,100,easy,low,7,2,48.7,-3,0
Surprise Test,exam,26,26,68.7,28,7.64,44,97,easy,high,4,2,46.8,13,1
DS Lab - Linked List (Sem 8),lab_experiment,16,14,39.6,19,8.0,31,25,medium,medium,6,6,54.3,4,1
Mini Project #1,project,26,24,66.8,32,5.63,6,73,very_hard,low,0,2,48.2,9,1
Mobile App Development,project,11,10,63.4,96,6.37,49,26,very_hard,low,1,0,33.7,0,0
Software Engineering Assignment,assignment,22,17,19.5,56,5.94,7,10,medium,medium,1,6,42.5,-2,0
Networking Assignment (Sem 2),assignment,19,19,28.5,79,6.01,39,22,easy,medium,9,2,37.1,0,0
Surprise Test #4,exam,11,10,31.6,60,6.01,25,80,easy,critical,5,1,52.5,9,1
DS Lab - Linked List (Sem 2),lab_experiment,35,30,77.7,0,7.66,42,18,medium,low,10,6,54.2,9,1
Mid-Semester Exam,exam,16,14,53.2,43,5.81,37,38,very_hard,medium,5,0,65.1,12,1
Computer Graphics Assignment #4,assignment,11,11,45.7,75,4.48,31,76,medium,medium,4,1,42.1,7,1
IoT Based Project (Sem 6),project,5,1,79.7,94,4.03,32,31,hard,medium,3,3,71.4,3,1
IOT Lab Experiment (Sem 6),lab_experiment,6,2,1.6,17,6.29,7,78,easy,high,10,3,70.3,13,1
Research Project (Sem 5),project,16,13,4.0,64,7.89,47,31,hard,high,6,3,56.9,11,1
Research Project,project,13,10,36.6,93,8.96,31,56,hard,low,10,3,37.5,-1,0
IoT Based Project,project,27,25,25.0,70,9.89,11,89,very_hard,low,5,6,52.1,4,1
Machine Learning Assignment (Sem 6),assignment,24,21,2.6,74,6.16,44,48,medium,critical,6,0,54.6,3,1
DS Lab - Linked List #3,lab_experiment,12,10,79.3,59,8.55,31,20,very_hard,low,6,1,48.3,-1,0
Online Quiz (Sem 3),exam,19,19,2.1,41,7.03,37,32,hard,high,7,3,65.5,3,1
Research Project,project,24,19,30.0,61,4.09,15,44,medium,high,7,5,61.3,3,1
Capstone Project #2,project,30,25,21.3,7,6.33,33,63,hard,low,6,0,53.9,1,1
Compiler Lab - Lexical Analysis (Sem 7),lab_experiment,17,14,29.5,26,8.95,42,89,very_hard,low,0,1,41.0,-3,0
Mid-Semester Exam (Sem 7),exam,6,3,45.1,22,4.04,46,25,medium,medium,4,3,73.2,6,1
Web Dev Assignment,assignment,20,20,32.5,61,6.48,11,54,hard,low,9,1,42.9,-3,0
Mobile App Development #4,project,25,22,40.1,7,7.43,41,24,medium,high,5,5,69.7,7,1
IOT Lab Experiment (Sem 5),lab_experiment,11,8,14.2,73,5.21,30,65,very_hard,high,0,6,60.4,9,1
Practical Exam (Sem 6),exam,30,25,71.4,24,8.42,6,53,very_hard,high,6,3,68.8,1,1
Digital Electronics Lab #4,lab_experiment,30,26,41.7,20,7.71,27,90,medium,critical,4,5,65.7,5,1
Networking Assignment #1,assignment,11,6,63.3,74,6.36,32,17,hard,critical,3,5,72.4,7,1
DBMS Lab - SQL Queries,lab_experiment,10,10,60.4,57,8.61,11,26,hard,high,3,5,52.7,7,1
Capstone Project #2,project,4,2,30.4,73,9.01,12,20,hard,high,2,2,55.6,8,1
Industry Internship Project (Sem 1),project,18,14,3.2,60,5.34,41,99,easy,critical,9,6,67.1,14,1
Industry Internship Project #2,project,21,21,2.2,60,5.82,33,31,medium,high,0,3,44.3,-3,0
Unit Test (Sem 8),exam,10,8,64.0,91,5.77,35,46,medium,medium,8,3,46.3,-2,0
DBMS Assignment (Sem 5),assignment,21,18,75.6,55,9.09,36,51,medium,medium,9,5,47.6,1,1
IOT Lab Experiment #5,lab_experiment,25,25,65.3,53,4.72,20,16,medium,medium,1,1,36.4,-3,0
Internal Assessment (Sem 5),exam,14,14,11.5,32,8.7,29,14,easy,medium,3,2,34.5,-1,0
Computer Vision Lab #3,lab_experiment,19,18,5.3,31,9.71,30,41,medium,low,2,5,37.8,0,0
Mobile App Development,project,7,4,3.2,34,7.64,29,85,hard,high,6,2,67.1,7,1
Internal Assessment,exam,20,17,23.0,84,8.06,24,46,medium,medium,5,5,40.6,-1,0
Mini Project #4,project,8,4,40.8,90,4.45,40,51,very_hard,high,1,5,69.0,7,1
Mini Project,project,1,0,80.0,17,5.09,49,74,medium,high,6,6,98.5,9,1
OS Assignment #2,assignment,27,22,9.2,15,4.32,50,93,hard,high,7,2,75.0,9,1
Online Quiz,exam,21,18,2.1,33,6.16,39,67,medium,medium,7,3,53.3,11,1
IOT Lab Experiment #1,lab_experiment,9,9,4.9,72,4.94,10,21,medium,high,8,2,52.6,-3,0
End-Semester Exam,exam,28,23,55.1,24,7.33,16,89,easy,critical,10,0,56.8,11,1
Online Quiz (Sem 1),exam,16,14,65.9,86,4.89,11,85,very_hard,low,6,6,58.9,5,1
Mid-Semester Exam,exam,15,10,43.7,12,9.07,29,65,hard,high,1,3,53.5,13,1
Data Structures Assignment (Sem 3),assignment,5,5,62.8,98,8.85,46,88,hard,medium,2,6,46.0,10,1
Practical Exam #1,exam,25,21,65.0,77,7.09,40,37,medium,high,9,1,47.6,0,0
DBMS Lab - SQL Queries #2,lab_experiment,23,19,75.8,72,6.98,24,27,very_hard,high,8,2,64.0,9,1
Data Structures Assignment #1,assignment,26,23,37.8,52,5.05,39,89,very_hard,medium,10,2,67.5,4,1
Machine Learning Assignment (Sem 3),assignment,14,12,11.7,32,8.2,17,63,hard,medium,5,0,47.3,8,1
Online Quiz,exam,5,4,24.4,75,5.55,10,93,medium,medium,2,4,48.0,11,1
End-Semester Exam (Sem 2),exam,27,25,77.5,10,4.21,39,40,medium,medium,9,4,64.9,12,1
OS Assignment,assignment,6,1,60.5,61,7.63,39,46,easy,medium,9,6,66.7,5,1
Practical Exam,exam,4,2,27.0,13,9.07,44,28,hard,medium,1,2,60.8,7,1
Computer Graphics Assignment (Sem 4),assignment,19,19,4.3,49,7.83,40,50,very_hard,medium,0,4,47.2,4,1
Surprise Test #4,exam,3,0,47.0,46,9.34,40,49,medium,critical,4,5,86.8,6,1
Research Project (Sem 6),project,29,28,20.7,36,5.31,43,33,hard,high,4,2,67.1,10,1
DBMS Lab - SQL Queries,lab_experiment,17,16,77.0,18,8.23,15,37,easy,medium,0,3,28.9,-2,0
Unit Test (Sem 2),exam,9,4,67.4,41,9.07,28,53,hard,critical,10,1,71.6,9,1
Math Assignment #3,assignment,29,28,1.4,49,7.8,39,17,medium,critical,3,4,56.1,7,1
DBMS Lab - SQL Queries #3,lab_experiment,20,15,13.8,46,4.43,14,83,hard,high,9,5,71.2,13,1
Mid-Semester Exam (Sem 2),exam,12,9,36.1,37,9.06,24,97,medium,critical,5,6,65.0,7,1
OS Assignment (Sem 3),assignment,16,12,49.3,68,4.4,47,41,hard,low,10,6,58.1,8,1
DBMS Lab - SQL Queries,lab_experiment,19,16,49.7,7,4.64,21,60,medium,high,5,6,72.7,4,1
ML Model Project #5,project,26,25,13.4,40,8.24,13,62,medium,medium,9,5,48.3,3,1
Capstone Project,project,5,1,49.3,46,6.51,41,72,medium,medium,1,3,63.9,6,1
Math Assignment,assignment,2,0,8.1,66,7.94,34,93,hard,medium,0,4,60.2,2,1
Weekly Test,exam,4,3,45.2,3,9.09,14,43,medium,critical,2,1,68.8,14,1
Open Source Contribution,project,29,28,77.3,82,8.25,31,56,medium,high,4,5,45.7,9,1
Viva Voce (Sem 4),exam,11,10,24.9,43,5.8,6,66,easy,medium,0,4,35.0,-1,0
OS Assignment,assignment,7,6,5.8,7,7.05,36,78,easy,high,5,4,70.2,9,1
Math Assignment #4,assignment,23,23,59.1,17,4.22,5,46,medium,medium,7,3,58.1,7,1
Module Exam (Sem 3),exam,13,11,60.0,68,7.47,12,41,easy,critical,10,6,57.6,5,1
Web Dev Assignment,assignment,33,28,66.3,2,8.71,30,63,hard,critical,5,2,73.6,1,1
DS Lab - Linked List (Sem 4),lab_experiment,17,17,25.0,46,5.81,35,11,hard,low,8,6,61.3,5,1
Open Source Contribution #4,project,21,16,8.0,70,4.71,19,73,medium,high,7,3,55.9,2,1
Viva Voce (Sem 2),exam,2,0,49.4,49,6.72,35,30,hard,critical,10,1,92.7,7,1
Embedded Systems Lab #2,lab_experiment,8,5,33.6,89,5.68,12,29,hard,critical,7,4,76.4,4,1
Computer Vision Lab #5,lab_experiment,5,0,5.4,77,5.07,33,51,medium,high,6,3,80.9,3,1
Capstone Project (Sem 1),project,19,17,39.6,100,6.96,33,80,hard,low,7,1,37.3,-1,0
Practical Exam,exam,20,16,2.3,47,7.01,23,22,very_hard,low,4,1,51.9,11,1
Unit Test #2,exam,30,28,17.3,33,9.55,39,71,easy,critical,6,0,52.3,6,1
Digital Electronics Lab #5,lab_experiment,27,27,79.3,74,9.33,12,22,hard,critical,6,6,63.4,14,1
Web Dev Assignment #1,assignment,12,11,68.2,37,4.03,14,68,very_hard,critical,2,0,70.0,8,1
Practical Exam,exam,27,26,6.3,64,4.8,15,12,easy,high,8,5,55.7,11,1
Digital Electronics Lab (Sem 8),lab_experiment,11,11,56.6,82,5.86,30,56,hard,medium,6,4,56.6,2,1
Mobile App Development,project,10,6,29.2,9,5.46,46,54,easy,medium,0,4,53.8,10,1
Software Engineering Assignment (Sem 2),assignment,15,15,42.8,31,7.79,37,41,medium,low,8,1,39.5,0,0
Internal Assessment (Sem 4),exam,24,23,62.4,0,6.79,5,53,easy,low,7,3,46.5,0,0
DBMS Lab - SQL Queries (Sem 4),lab_experiment,2,2,12.5,65,6.16,17,97,medium,high,4,1,59.7,2,1
Surprise Test #1,exam,7,7,40.4,19,5.34,18,33,hard,medium,6,5,78.0,11,1
Computer Vision Lab (Sem 8),lab_experiment,26,26,26.7,40,6.59,41,31,hard,critical,7,4,76.1,12,1
ML Model Project #5,project,23,18,48.4,31,8.91,42,11,very_hard,high,2,0,56.0,7,1
OS Assignment (Sem 7),assignment,13,8,45.5,26,5.95,29,85,hard,low,3,5,58.7,7,1
Computer Graphics Assignment (Sem 1),assignment,11,6,35.7,8,7.98,31,10,medium,high,3,2,59.5,6,1
IoT Based Project #4,project,13,9,46.1,99,8.56,17,45,very_hard,low,9,3,42.9,0,0
DBMS Assignment,assignment,8,6,58.2,98,8.63,22,26,hard,medium,0,3,33.6,-1,0
Final Year Project,project,25,20,79.4,14,9.2,25,99,hard,medium,0,5,46.7,8,1
Practical Exam (Sem 4),exam,16,16,35.1,61,8.06,45,37,very_hard,low,6,3,53.3,2,1
Weekly Test,exam,34,29,2.1,55,6.42,40,89,medium,medium,1,3,37.0,5,1
Computer Graphics Assignment #4,assignment,5,0,28.4,49,6.39,46,85,medium,critical,1,1,74.8,8,1
ML Model Project (Sem 6),project,22,22,49.7,14,8.26,35,70,medium,high,6,6,62.7,1,1
Open Source Contribution,project,8,6,39.4,82,5.21,42,72,very_hard,low,8,3,66.8,10,1
Final Year Project #4,project,18,15,44.7,57,7.52,38,37,medium,low,7,3,38.4,-2,0
OS Assignment,assignment,33,30,68.2,54,8.45,49,15,hard,critical,9,2,65.1,1,1
OS Assignment (Sem 8),assignment,7,4,17.8,47,6.93,36,63,medium,low,10,0,47.2,0,0
Algorithms Assignment,assignment,16,13,10.7,5,8.68,42,37,hard,medium,3,1,51.2,13,1
Compiler Lab - Lexical Analysis,lab_experiment,7,2,63.6,53,6.17,7,44,hard,low,0,2,46.1,1,1
Open Source Contribution (Sem 3),project,14,12,34.7,13,7.6,11,52,easy,low,1,0,21.5,-3,0
Machine Learning Assignment (Sem 3),assignment,1,1,64.7,77,7.72,49,39,medium,critical,6,4,82.5,10,1
Online Quiz #1,exam,8,3,79.1,33,7.5,40,87,medium,medium,3,5,61.4,12,1
Unit Test,exam,9,7,53.8,40,6.24,26,22,easy,low,0,3,33.6,-3,0
IoT Based Project,project,19,19,40.7,24,7.89,21,30,hard,high,10,5,66.3,3,1
Math Assignment,assignment,19,17,68.5,19,8.57,48,57,very_hard,medium,5,4,69.0,2,1
Module Exam #4,exam,10,7,4.9,80,8.27,11,36,hard,high,5,2,56.1,14,1
Open Source Contribution #5,project,31,29,22.9,43,7.93,22,83,medium,critical,7,3,59.6,6,1
Research Project (Sem 4),project,16,11,59.8,62,7.73,41,66,easy,low,3,6,30.7,0,0
Mini Project #2,project,26,25,17.2,66,6.29,32,19,medium,medium,8,0,40.0,-1,0
Mini Project #4,project,21,19,68.0,78,5.73,14,34,hard,high,8,2,58.8,8,1
Compiler Lab - Lexical Analysis (Sem 5),lab_experiment,29,28,12.2,22,4.43,46,58,hard,critical,2,1,70.2,9,1
DBMS Lab - SQL Queries,lab_experiment,26,22,5.7,81,6.04,39,34,hard,low,5,1,41.7,-2,0
Online Quiz (Sem 2),exam,18,17,8.3,35,6.83,35,71,very_hard,high,5,0,68.5,4,1
OS Assignment,assignment,14,9,78.6,100,9.88,9,82,hard,medium,10,3,38.9,-3,0
Open Source Contribution #1,project,23,21,12.8,17,4.13,13,42,hard,low,5,0,54.9,7,1
OS Assignment #4,assignment,20,20,14.2,6,9.54,50,75,hard,low,5,2,54.8,11,1
Computer Vision Lab,lab_experiment,10,8,32.5,96,7.3,5,50,easy,medium,4,2,27.3,-2,0
Weekly Test #2,exam,30,27,50.6,13,6.32,41,50,medium,medium,8,1,53.5,9,1
DS Lab - Linked List,lab_experiment,12,9,17.4,93,8.42,7,55,hard,medium,6,2,38.1,0,0
IOT Lab Experiment (Sem 8),lab_experiment,26,26,40.8,41,4.97,47,19,easy,critical,7,1,63.5,3,1
Surprise Test #4,exam,3,1,29.4,16,7.78,29,51,medium,low,9,0,64.7,4,1
Network Lab - Packet Analysis #4,lab_experiment,28,26,45.1,79,6.67,7,44,medium,low,3,6,33.9,-1,0
Computer Vision Lab #3,lab_experiment,13,8,27.5,3,9.08,40,57,medium,critical,1,4,59.4,3,1
Surprise Test (Sem 7),exam,22,18,30.6,65,5.52,36,31,very_hard,low,9,6,65.6,14,1
Capstone Project (Sem 7),project,3,3,13.1,35,5.83,29,55,hard,critical,3,6,91.9,4,1
IoT Based Project #1,project,30,29,58.3,11,9.34,20,71,hard,critical,4,1,65.8,7,1
Mid-Semester Exam (Sem 8),exam,17,13,7.3,99,6.34,21,82,easy,high,6,0,34.3,-2,0
Web Dev Assignment,assignment,26,21,23.4,60,6.9,34,98,medium,medium,2,1,34.4,-2,0
Compiler Lab - Lexical Analysis (Sem 3),lab_experiment,13,11,69.5,77,8.75,49,54,easy,medium,9,6,39.5,-2,0
Research Project #1,project,5,4,8.5,78,7.68,25,89,medium,critical,6,4,62.9,11,1
Computer Graphics Assignment,assignment,22,21,15.1,88,8.29,44,16,hard,high,9,3,51.8,14,1
Surprise Test,exam,30,30,40.0,77,5.21,5,82,hard,medium,3,6,51.1,-2,0
Group Project - Web App #2,project,23,21,58.1,13,4.72,7,80,very_hard,high,2,4,74.1,2,1
Weekly Test,exam,6,1,47.2,51,8.45,17,46,easy,critical,8,2,75.5,2,1
Mini Project (Sem 7),project,22,18,52.4,97,6.85,16,69,medium,high,3,1,35.2,0,0
Internal Assessment #3,exam,16,12,10.6,32,7.37,23,77,easy,medium,5,4,48.9,6,1
Compiler Lab - Lexical Analysis (Sem 1),lab_experiment,20,15,79.1,88,9.72,17,95,hard,critical,0,1,38.1,-3,0
DBMS Lab - SQL Queries (Sem 8),lab_experiment,11,11,50.7,63,6.97,44,98,easy,low,5,4,39.8,0,0
Online Quiz,exam,11,6,49.1,56,6.08,30,27,easy,medium,4,2,45.8,9,1
Compiler Lab - Lexical Analysis (Sem 1),lab_experiment,14,9,76.3,92,5.66,24,78,hard,low,3,4,43.0,14,1
Industry Internship Project,project,25,25,1.6,96,7.87,33,75,hard,medium,6,0,36.1,-1,0
Mini Project,project,14,13,6.1,89,8.43,25,95,very_hard,critical,5,6,69.7,4,1
Computer Graphics Assignment (Sem 7),assignment,1,1,23.7,85,4.3,13,42,medium,low,10,1,61.3,1,1
Web Dev Assignment #5,assignment,10,10,76.1,38,9.64,25,35,medium,medium,1,6,37.9,0,0
IoT Based Project,project,10,10,77.5,44,7.99,33,67,medium,low,8,2,38.5,-1,0
Math Assignment (Sem 5),assignment,26,22,72.8,71,4.38,15,90,easy,medium,5,0,37.3,-3,0
Web Dev Assignment #4,assignment,6,1,69.6,88,8.91,26,84,hard,medium,3,2,60.0,14,1
OS Assignment,assignment,0,0,16.3,23,6.97,17,12,medium,high,7,2,83.1,14,1
Algorithms Assignment (Sem 7),assignment,30,29,6.0,21,6.59,8,87,easy,medium,10,3,47.6,-3,0
Final Year Project #5,project,8,5,39.6,86,9.21,14,49,easy,high,1,4,35.2,-2,0
Weekly Test (Sem 5),exam,3,0,77.4,70,7.46,11,36,hard,medium,7,1,71.1,5,1
Networking Assignment (Sem 8),assignment,28,26,11.1,80,6.78,6,17,very_hard,high,6,5,66.6,12,1
Digital Electronics Lab #4,lab_experiment,15,15,58.4,59,5.55,48,48,very_hard,high,7,6,80.0,8,1
Capstone Project #4,project,7,4,18.7,49,6.28,18,27,easy,critical,7,3,66.0,4,1
Weekly Test,exam,8,5,15.6,62,6.56,35,93,easy,medium,10,3,50.1,8,1
Module Exam,exam,4,1,6.0,44,6.95,32,80,easy,high,7,2,75.4,12,1
OS Assignment,assignment,16,12,2.4,91,7.26,40,63,easy,high,7,6,47.8,7,1
Math Assignment (Sem 5),assignment,23,22,65.6,53,4.8,10,91,hard,high,0,5,54.4,6,1
DBMS Lab - SQL Queries (Sem 5),lab_experiment,10,10,32.2,61,9.98,49,42,medium,high,2,3,41.7,-1,0
Computer Vision Lab #3,lab_experiment,10,5,57.8,23,6.81,38,95,easy,low,4,0,44.2,-3,0
Software Engineering Assignment (Sem 6),assignment,27,26,24.4,65,4.89,46,91,medium,medium,7,0,46.6,1,1
Unit Test #5,exam,12,9,30.5,63,9.85,32,86,medium,medium,2,6,36.6,-3,0
IoT Based Project #3,project,8,6,28.8,40,8.27,40,52,hard,low,3,6,55.0,7,1
AI Lab - Search Algorithms #1,lab_experiment,28,28,33.5,26,5.86,39,44,medium,low,6,1,50.7,-3,0
Mid-Semester Exam #4,exam,27,22,46.6,53,7.41,15,44,easy,high,1,1,32.9,-3,0
Mini Project (Sem 3),project,23,19,20.7,21,9.58,26,12,medium,medium,5,0,43.4,-2,0
AI Lab - Search Algorithms (Sem 5),lab_experiment,7,3,17.3,87,8.92,13,60,hard,high,0,5,52.9,1,1
OS Lab - Process Scheduling,lab_experiment,18,18,64.6,41,7.22,38,29,hard,high,0,1,46.6,8,1
Surprise Test (Sem 1),exam,27,27,45.0,22,4.56,27,23,easy,critical,7,1,65.3,6,1
Compiler Lab - Lexical Analysis (Sem 5),lab_experiment,16,13,17.3,30,7.33,23,51,medium,high,5,4,61.3,3,1
AI Lab - Search Algorithms #1,lab_experiment,22,20,22.1,88,5.82,21,52,hard,high,0,1,40.5,-1,0
Group Project - Web App,project,13,12,35.4,48,7.79,38,29,hard,low,7,6,51.2,11,1
Network Lab - Packet Analysis (Sem 8),lab_experiment,24,21,51.9,31,4.69,19,94,hard,low,1,1,42.7,0,0
Networking Assignment,assignment,13,12,76.7,58,8.45,47,90,hard,medium,2,0,36.1,-1,0
ML Model Project (Sem 6),project,29,28,16.6,97,4.59,32,19,easy,medium,8,0,33.8,-3,0
DS Lab - Linked List (Sem 6),lab_experiment,8,5,3.7,12,4.67,35,39,easy,medium,0,0,44.1,-1,0
Capstone Project #2,project,4,4,2.4,97,5.84,41,31,easy,high,6,0,49.7,-1,0
End-Semester Exam (Sem 2),exam,20,15,36.0,15,8.06,37,20,hard,medium,3,2,50.7,-3,0
Web Dev Assignment,assignment,28,25,72.6,33,6.45,40,79,very_hard,low,5,4,65.4,1,1
Open Source Contribution (Sem 3),project,23,19,47.3,37,5.38,22,89,hard,high,1,2,55.8,9,1
DS Lab - Linked List #4,lab_experiment,4,3,14.6,56,8.76,10,42,very_hard,medium,8,5,74.8,8,1
Mini Project #1,project,15,10,6.6,83,8.04,31,87,hard,critical,10,5,63.5,2,1
Digital Electronics Lab (Sem 8),lab_experiment,10,7,21.4,53,7.83,16,81,easy,critical,5,4,62.0,8,1
Viva Voce (Sem 5),exam,22,22,50.0,19,8.84,10,81,very_hard,medium,6,2,61.2,5,1
Compiler Lab - Lexical Analysis (Sem 7),lab_experiment,22,21,68.3,0,4.91,40,65,medium,low,9,5,64.0,1,1
IoT Based Project (Sem 7),project,9,4,13.7,26,4.39,34,59,medium,low,6,2,60.2,11,1
IoT Based Project #5,project,19,16,39.8,21,9.17,36,41,hard,low,6,2,50.4,5,1
Web Dev Assignment (Sem 5),assignment,12,12,41.8,35,8.01,49,98,hard,high,6,4,64.9,2,1
Machine Learning Assignment (Sem 4),assignment,27,26,52.2,86,6.78,21,47,medium,low,5,4,37.9,0,0
Practical Exam,exam,27,26,39.6,16,5.91,36,82,medium,high,2,0,53.4,5,1
Unit Test #2,exam,25,20,37.4,79,5.59,34,50,hard,high,4,2,57.6,3,1
Mobile App Development #3,project,4,4,66.7,34,9.39,46,45,easy,high,4,4,57.8,10,1
Open Source Contribution (Sem 3),project,22,20,19.7,12,4.28,32,41,medium,high,10,4,70.8,8,1
Digital Electronics Lab (Sem 4),lab_experiment,6,4,45.0,23,6.29,44,63,medium,high,4,4,69.8,10,1
IoT Based Project,project,5,4,16.4,35,8.69,20,73,medium,medium,4,4,53.0,1,1
Open Source Contribution,project,27,27,7.7,47,7.67,31,40,hard,medium,2,6,46.7,9,1
Internal Assessment #3,exam,33,29,42.0,41,9.45,40,68,hard,low,5,3,48.8,8,1
OS Lab - Process Scheduling (Sem 7),lab_experiment,6,1,11.7,41,7.7,14,91,medium,low,2,0,49.2,12,1
Software Engineering Assignment #1,assignment,18,18,54.3,10,6.0,26,49,very_hard,high,2,4,71.6,10,1
Online Quiz #4,exam,16,15,56.0,88,9.84,15,33,medium,high,9,3,41.9,0,0
OS Assignment (Sem 3),assignment,9,8,38.6,52,9.59,26,14,easy,medium,6,4,40.2,-2,0
Embedded Systems Lab (Sem 8),lab_experiment,10,8,55.8,40,5.85,32,14,very_hard,low,3,6,64.2,8,1
Compiler Lab - Lexical Analysis (Sem 2),lab_experiment,3,2,72.1,84,6.12,29,21,easy,low,2,3,38.1,-2,0
Mobile App Development #5,project,10,5,43.6,81,8.42,6,72,medium,medium,3,2,35.4,-1,0
Math Assignment (Sem 8),assignment,30,25,64.8,0,6.15,29,51,medium,high,1,0,47.9,11,1
Mobile App Development,project,33,30,6.1,4,9.98,43,96,hard,low,4,1,49.5,-3,0
Research Project (Sem 3),project,19,14,60.3,69,8.18,48,74,hard,medium,3,2,41.0,-3,0
Computer Vision Lab,lab_experiment,24,22,9.0,62,7.87,39,29,medium,high,9,4,51.5,12,1
Research Project,project,23,19,50.8,28,8.8,29,82,hard,medium,6,5,59.3,4,1
Compiler Lab - Lexical Analysis #2,lab_experiment,9,8,5.7,22,9.11,38,44,medium,high,7,2,55.4,11,1
Network Lab - Packet Analysis (Sem 8),lab_experiment,8,7,40.4,90,5.23,37,96,hard,high,2,1,55.7,6,1
IoT Based Project #5,project,15,11,29.6,86,4.4,13,42,very_hard,medium,5,3,60.1,13,1
Networking Assignment (Sem 6),assignment,9,9,69.7,72,7.95,49,76,very_hard,high,6,0,57.5,12,1
Research Project,project,16,14,73.8,5,5.88,23,68,medium,medium,7,5,66.3,5,1
DS Lab - Linked List #5,lab_experiment,3,0,40.7,33,5.8,45,43,medium,high,3,0,78.9,10,1
OS Assignment,assignment,11,10,9.8,9,5.75,23,33,hard,critical,10,0,77.5,5,1
Group Project - Web App (Sem 7),project,10,8,79.4,4,8.09,25,96,hard,medium,10,3,59.7,4,1
IoT Based Project #2,project,17,12,57.0,20,8.67,24,32,hard,high,10,3,63.4,7,1
Mini Project,project,16,16,12.1,36,7.95,11,31,medium,high,10,4,53.9,6,1
Mobile App Development (Sem 5),project,16,12,52.2,75,5.85,23,31,hard,critical,9,5,74.3,14,1
Internal Assessment (Sem 8),exam,22,19,25.8,7,8.35,38,52,hard,medium,5,3,60.4,14,1
Unit Test (Sem 1),exam,11,8,40.6,66,8.75,38,79,medium,medium,10,1,37.6,-3,0
Machine Learning Assignment (Sem 4),assignment,22,21,57.6,84,5.7,37,93,very_hard,critical,8,5,81.9,8,1
Mini Project #2,project,12,7,20.4,26,8.28,43,81,very_hard,high,7,5,84.1,7,1
Web Dev Assignment #3,assignment,17,17,29.6,63,8.85,22,54,hard,low,8,5,46.6,11,1
Computer Graphics Assignment #5,assignment,29,24,39.1,95,6.38,41,24,very_hard,high,1,2,49.1,8,1
Research Project,project,3,2,43.0,29,7.75,49,62,hard,medium,4,5,73.1,6,1
Digital Electronics Lab,lab_experiment,25,20,9.7,99,5.68,45,48,medium,medium,7,4,47.7,14,1
Capstone Project #2,project,5,0,64.6,99,7.87,28,53,easy,high,0,2,44.0,5,1
OS Assignment (Sem 5),assignment,25,20,5.7,73,8.17,29,91,easy,medium,10,5,38.3,-1,0
Data Structures Assignment #1,assignment,9,8,40.8,46,6.17,36,54,very_hard,low,7,3,60.4,5,1
Network Lab - Packet Analysis (Sem 5),lab_experiment,18,14,50.4,29,9.7,25,36,hard,low,0,2,32.7,-1,0
Capstone Project #2,project,13,12,24.3,12,5.1,18,13,very_hard,high,6,3,82.4,1,1
DBMS Lab - SQL Queries (Sem 8),lab_experiment,22,20,37.8,97,5.53,18,23,easy,high,2,4,38.4,9,1
Compiler Lab - Lexical Analysis (Sem 1),lab_experiment,26,25,46.5,42,5.15,34,93,medium,medium,3,1,46.0,-1,0
Mobile App Development #4,project,1,1,40.3,35,9.15,47,15,medium,medium,3,2,65.7,8,1
Software Engineering Assignment,assignment,24,22,2.2,65,9.43,45,30,easy,high,0,5,33.5,0,0
Group Project - Web App,project,5,5,39.1,9,6.37,38,78,hard,medium,2,0,58.0,2,1
Software Engineering Assignment (Sem 1),assignment,17,17,21.7,72,5.9,28,71,easy,low,10,0,33.4,-3,0
OS Assignment (Sem 5),assignment,8,7,7.8,4,6.58,44,59,hard,low,9,2,67.6,13,1
Surprise Test (Sem 2),exam,2,2,62.5,52,8.6,28,60,hard,medium,1,2,51.4,13,1
Compiler Lab - Lexical Analysis #3,lab_experiment,12,11,48.4,55,7.91,17,64,easy,high,3,3,37.7,-3,0
Internal Assessment,exam,15,14,66.5,83,9.16,44,56,medium,medium,0,4,25.8,-1,0
OS Lab - Process Scheduling,lab_experiment,29,24,67.0,72,8.37,15,55,very_hard,high,5,2,58.1,2,1
Open Source Contribution (Sem 7),project,4,2,43.4,45,7.13,29,82,very_hard,high,1,1,70.9,14,1
Surprise Test #2,exam,22,21,63.0,43,9.9,7,88,medium,medium,2,4,36.1,6,1
Web Dev Assignment,assignment,27,26,48.6,24,9.55,26,41,easy,critical,1,5,50.8,1,1
Industry Internship Project,project,4,0,1.1,12,9.69,47,24,medium,high,5,4,87.3,12,1
Capstone Project,project,12,12,75.4,39,5.05,29,69,medium,high,7,0,57.1,10,1
AI Lab - Search Algorithms,lab_experiment,34,29,69.7,79,8.15,16,41,hard,critical,5,5,62.8,12,1
Network Lab - Packet Analysis (Sem 5),lab_experiment,12,8,75.5,69,6.74,9,63,very_hard,high,5,3,65.1,1,1
Math Assignment #5,assignment,29,24,50.1,27,4.11,47,73,easy,medium,1,2,41.3,3,1
AI Lab - Search Algorithms #4,lab_experiment,18,13,56.8,25,4.67,8,84,very_hard,medium,5,0,65.8,8,1
IoT Based Project,project,28,24,50.4,98,4.41,44,23,easy,low,2,5,30.8,0,0
Module Exam,exam,18,15,12.3,0,7.22,33,64,very_hard,medium,6,0,68.3,9,1
Math Assignment #4,assignment,18,15,70.4,19,4.18,30,28,hard,medium,0,5,56.2,13,1
IoT Based Project #2,project,31,30,78.9,44,4.77,30,50,easy,medium,0,4,37.2,0,0
Embedded Systems Lab,lab_experiment,18,15,25.4,35,5.15,10,62,medium,low,1,6,42.0,4,1
Math Assignment #4,assignment,14,11,1.3,64,6.37,6,51,very_hard,high,9,1,61.8,1,1
IOT Lab Experiment (Sem 4),lab_experiment,20,15,9.7,59,7.98,41,97,very_hard,medium,10,2,56.3,2,1
Compiler Lab - Lexical Analysis #1,lab_experiment,4,0,36.4,58,5.65,44,19,hard,medium,7,5,89.8,13,1
Network Lab - Packet Analysis (Sem 5),lab_experiment,22,18,14.9,69,5.47,42,48,hard,medium,2,4,51.4,5,1
Algorithms Assignment #1,assignment,16,12,67.3,98,8.71,39,19,medium,high,2,0,27.3,0,0
Mini Project,project,8,5,29.8,32,8.63,38,73,easy,medium,4,5,52.4,9,1
Open Source Contribution,project,33,30,50.1,92,4.48,18,38,easy,high,10,4,48.4,10,1
IOT Lab Experiment #5,lab_experiment,21,18,45.5,60,7.29,14,10,hard,low,0,6,36.4,-1,0
Online Quiz,exam,13,12,63.3,34,5.53,29,20,hard,high,0,3,56.1,11,1
OS Lab - Process Scheduling (Sem 6),lab_experiment,4,4,64.1,63,4.15,43,81,hard,medium,8,3,67.7,4,1
Embedded Systems Lab #3,lab_experiment,14,13,74.0,84,9.8,14,11,medium,low,2,6,25.6,0,0
Computer Vision Lab,lab_experiment,6,4,18.0,13,4.68,46,99,very_hard,high,6,2,91.0,5,1
Online Quiz (Sem 6),exam,16,11,66.7,51,7.7,19,67,medium,critical,8,6,61.7,1,1
Web Dev Assignment #2,assignment,18,15,77.2,67,8.0,37,56,hard,critical,1,2,49.3,7,1
Surprise Test,exam,22,17,32.5,58,6.61,17,90,medium,critical,5,6,65.1,1,1
Online Quiz (Sem 7),exam,35,30,69.4,23,8.07,44,73,very_hard,medium,3,6,63.8,4,1
Viva Voce #4,exam,8,4,49.0,83,5.22,5,60,medium,high,9,6,63.9,3,1
Web Dev Assignment #2,assignment,16,14,2.6,82,5.55,50,61,easy,medium,5,6,48.6,12,1
Final Year Project,project,23,21,19.5,68,7.95,28,37,hard,medium,1,6,39.2,-3,0
OS Lab - Process Scheduling (Sem 6),lab_experiment,4,2,67.7,84,9.98,24,30,hard,high,0,0,44.6,-2,0
Software Engineering Assignment (Sem 6),assignment,16,13,72.6,45,4.25,37,98,medium,high,3,6,60.7,10,1
Networking Assignment,assignment,28,24,57.2,59,8.54,49,27,easy,high,2,0,31.1,0,0
Mobile App Development (Sem 3),project,9,9,68.0,63,5.58,13,31,medium,low,2,2,33.7,-1,0
Group Project - Web App,project,21,20,33.4,99,9.37,43,22,medium,medium,4,6,36.5,-1,0
Computer Graphics Assignment (Sem 8),assignment,35,30,22.2,12,8.95,46,20,medium,critical,2,0,53.2,5,1
Group Project - Web App #3,project,1,1,37.5,11,4.65,26,55,very_hard,critical,2,0,100.0,5,1
Online Quiz,exam,11,11,38.2,85,9.88,13,14,easy,high,2,2,26.3,-2,0
Digital Electronics Lab,lab_experiment,3,0,13.5,12,9.26,40,60,medium,medium,1,1,61.6,4,1
Module Exam #5,exam,1,0,9.5,13,6.17,40,13,medium,critical,6,6,100.0,1,1
Math Assignment #5,assignment,18,15,48.6,31,7.29,27,65,hard,low,8,0,48.5,0,0
Web Dev Assignment,assignment,19,14,13.1,7,6.45,5,83,very_hard,medium,5,2,68.1,2,1
Network Lab - Packet Analysis,lab_experiment,21,19,75.4,95,4.31,29,35,hard,critical,10,2,64.9,10,1
Practical Exam,exam,0,0,8.9,4,5.99,45,48,medium,medium,6,2,87.7,7,1
Embedded Systems Lab (Sem 1),lab_experiment,7,2,26.2,51,5.51,10,42,hard,medium,5,6,77.8,9,1
Practical Exam (Sem 4),exam,31,27,38.9,65,4.92,43,90,hard,medium,6,2,57.3,10,1
Mid-Semester Exam #1,exam,25,22,10.5,27,4.32,12,58,hard,medium,3,5,61.8,7,1
ML Model Project,project,20,16,23.3,38,4.32,45,28,hard,critical,4,0,70.9,4,1
DS Lab - Linked List,lab_experiment,17,15,23.2,49,4.54,45,28,hard,medium,7,4,64.7,11,1
Internal Assessment,exam,15,15,44.9,100,9.53,21,47,very_hard,low,4,1,36.1,-2,0
Math Assignment (Sem 7),assignment,18,14,40.4,4,4.62,11,22,medium,critical,5,4,78.3,9,1
Group Project - Web App (Sem 6),project,1,1,70.3,90,7.71,24,43,easy,medium,2,6,50.4,-1,0
Math Assignment #5,assignment,29,29,15.7,100,7.69,36,27,hard,high,8,0,42.6,-1,0
Data Structures Assignment #1,assignment,16,11,63.8,99,4.68,7,57,very_hard,high,5,2,61.9,2,1
Final Year Project #1,project,10,5,11.5,67,4.76,40,65,easy,high,0,3,46.6,14,1
Research Project #1,project,33,30,15.3,65,6.71,36,16,hard,low,10,4,50.6,10,1
Computer Vision Lab,lab_experiment,21,19,21.0,42,6.85,12,57,very_hard,medium,7,1,59.8,14,1
Computer Vision Lab (Sem 3),lab_experiment,31,28,49.5,8,4.6,34,85,hard,critical,8,4,86.8,12,1
Computer Vision Lab #2,lab_experiment,15,14,47.4,75,4.97,21,87,hard,critical,0,1,51.1,-2,0
Capstone Project (Sem 5),project,18,16,9.3,32,9.49,19,57,hard,medium,3,1,43.5,-3,0
OS Assignment,assignment,19,19,33.6,42,6.91,20,39,medium,low,3,3,38.6,6,1
Mid-Semester Exam (Sem 4),exam,19,18,37.4,20,8.62,25,21,medium,high,4,0,47.5,0,0
Module Exam (Sem 3),exam,17,13,9.0,3,9.55,49,63,medium,low,9,4,52.3,4,1
Compiler Lab - Lexical Analysis (Sem 3),lab_experiment,29,27,70.4,14,5.53,20,18,easy,medium,2,6,50.2,12,1
Internal Assessment (Sem 5),exam,14,12,63.3,40,5.36,36,37,hard,medium,0,2,46.6,13,1
Mini Project #4,project,12,7,50.4,81,6.9,36,86,medium,medium,9,1,47.4,-1,0
DS Lab - Linked List (Sem 6),lab_experiment,29,24,63.4,13,5.63,10,38,hard,high,6,1,69.4,10,1
Software Engineering Assignment (Sem 2),assignment,3,2,43.5,63,4.8,12,82,medium,low,8,4,61.6,2,1
Computer Vision Lab,lab_experiment,30,30,71.3,33,4.08,17,15,medium,critical,6,0,65.1,7,1
Final Year Project (Sem 3),project,18,15,70.4,1,5.87,44,89,medium,critical,1,5,72.2,4,1
Networking Assignment #4,assignment,18,15,49.9,20,4.05,33,53,easy,medium,5,1,51.3,-2,0
Software Engineering Assignment #3,assignment,12,11,35.6,71,9.37,7,76,medium,low,9,3,32.5,-3,0
DBMS Lab - SQL Queries,lab_experiment,32,30,48.5,22,6.26,17,54,hard,high,1,5,59.3,9,1
Online Quiz #1,exam,27,22,42.4,42,8.7,9,81,very_hard,high,5,6,69.5,10,1
Module Exam #2,exam,9,6,52.6,45,9.52,47,43,hard,medium,7,2,59.7,14,1
Web Dev Assignment #3,assignment,21,21,77.4,74,8.6,43,18,easy,high,9,5,46.5,11,1
DBMS Lab - SQL Queries (Sem 3),lab_experiment,17,17,34.1,35,8.9,40,87,medium,high,0,5,44.0,2,1
Digital Electronics Lab,lab_experiment,8,6,51.6,57,8.13,34,12,hard,high,2,5,60.0,11,1
Embedded Systems Lab (Sem 6),lab_experiment,10,7,51.1,39,8.07,27,90,medium,medium,4,3,50.9,8,1
ML Model Project,project,30,29,9.1,78,7.75,50,55,very_hard,low,7,5,54.4,11,1
Digital Electronics Lab,lab_experiment,9,6,19.9,31,4.95,17,20,medium,critical,5,6,83.5,7,1
Compiler Lab - Lexical Analysis,lab_experiment,20,20,29.4,39,6.23,37,45,easy,medium,6,5,50.9,6,1
Weekly Test #3,exam,19,15,10.2,98,9.29,15,17,hard,critical,5,6,58.9,5,1
Embedded Systems Lab #2,lab_experiment,20,16,50.7,13,7.66,5,95,easy,low,6,1,34.9,-3,0
Software Engineering Assignment (Sem 2),assignment,25,24,23.8,63,7.76,27,41,hard,critical,2,6,58.1,5,1
Digital Electronics Lab,lab_experiment,6,3,71.2,9,4.19,41,23,easy,medium,6,5,77.3,2,1
Group Project - Web App #3,project,12,12,36.2,14,8.67,40,32,hard,medium,5,5,63.2,10,1
Algorithms Assignment (Sem 4),assignment,26,24,22.9,36,10.0,30,40,hard,medium,2,2,42.8,0,0
ML Model Project #5,project,14,10,8.3,87,7.29,32,36,very_hard,high,7,3,63.8,4,1
Digital Electronics Lab,lab_experiment,10,6,65.3,9,7.63,32,52,medium,low,1,2,41.4,-1,0
Final Year Project #2,project,5,2,56.9,16,8.41,48,81,medium,high,7,4,76.6,5,1
Online Quiz (Sem 8),exam,26,22,56.0,94,6.67,28,39,very_hard,low,1,0,32.0,-1,0
Mini Project (Sem 5),project,2,1,65.8,5,7.25,44,27,easy,low,9,6,78.4,3,1
Mini Project #3,project,7,7,67.9,12,9.85,29,13,hard,critical,7,5,85.5,1,1
Weekly Test (Sem 3),exam,30,28,38.6,32,8.87,35,14,medium,low,5,0,37.1,-1,0
ML Model Project,project,12,12,5.3,44,7.29,7,19,easy,low,0,6,26.9,-3,0
Internal Assessment (Sem 5),exam,22,17,76.4,91,8.7,21,21,easy,critical,9,1,40.9,-2,0
Computer Vision Lab (Sem 7),lab_experiment,19,18,52.5,87,6.91,27,97,hard,medium,6,0,42.3,12,1
AI Lab - Search Algorithms,lab_experiment,2,1,11.8,87,7.95,29,48,hard,low,6,1,59.5,4,1
DBMS Lab - SQL Queries (Sem 1),lab_experiment,22,19,17.9,27,6.68,34,79,easy,medium,7,1,45.0,6,1
Final Year Project (Sem 2),project,14,11,30.8,10,8.18,10,28,hard,critical,9,2,70.0,6,1
Research Project #5,project,2,1,51.1,27,7.72,12,50,hard,high,6,4,87.8,10,1
Mobile App Development #4,project,25,21,40.8,40,4.02,20,36,medium,medium,4,3,52.0,12,1
Networking Assignment (Sem 7),assignment,30,27,29.2,20,9.27,30,92,very_hard,medium,2,2,54.0,4,1
Unit Test (Sem 3),exam,29,25,7.2,56,8.07,16,27,easy,medium,4,0,27.4,0,0
Open Source Contribution (Sem 7),project,5,1,66.1,38,5.66,42,69,medium,medium,3,0,70.6,14,1
IoT Based Project #5,project,28,25,53.4,42,7.34,5,88,easy,high,1,4,40.1,-3,0
Module Exam #2,exam,13,8,65.3,47,4.73,10,43,hard,high,8,1,62.6,13,1
Weekly Test #2,exam,24,22,36.2,15,6.33,40,45,hard,high,9,0,65.0,6,1
Practical Exam,exam,19,18,29.9,2,5.99,28,27,medium,medium,1,3,51.4,14,1
Industry Internship Project #2,project,23,23,79.2,90,9.06,48,89,hard,medium,2,1,31.8,-1,0
IoT Based Project #4,project,24,22,37.7,54,9.07,45,27,hard,high,2,6,53.7,12,1
OS Lab - Process Scheduling,lab_experiment,7,6,60.1,31,6.61,29,14,hard,medium,9,6,71.7,5,1
Software Engineering Assignment #5,assignment,28,24,52.9,6,6.12,9,11,medium,medium,0,4,42.7,-3,0
Computer Graphics Assignment (Sem 4),assignment,11,7,9.0,91,9.47,7,51,hard,critical,10,4,65.5,3,1
Online Quiz,exam,5,3,3.1,29,6.5,47,35,medium,medium,9,2,67.9,13,1
Capstone Project,project,20,20,53.9,49,5.88,21,35,medium,medium,0,6,42.3,0,0
Weekly Test #2,exam,17,17,23.8,92,8.46,40,69,medium,high,9,2,41.6,11,1
Unit Test (Sem 5),exam,28,25,42.4,18,4.57,47,91,hard,medium,0,0,48.1,14,1
Open Source Contribution #1,project,31,28,63.2,4,4.89,18,17,hard,low,5,3,64.0,7,1
Networking Assignment (Sem 7),assignment,18,16,9.1,77,6.66,29,43,medium,medium,2,1,30.5,0,0
Group Project - Web App #2,project,32,28,10.3,58,9.78,37,55,very_hard,critical,7,0,67.1,7,1
Network Lab - Packet Analysis (Sem 5),lab_experiment,9,4,63.6,39,8.21,39,28,medium,high,3,3,56.1,1,1
Unit Test,exam,32,29,68.9,68,9.51,11,98,medium,medium,0,0,17.5,-2,0
Research Project (Sem 4),project,15,15,8.5,32,7.09,45,13,hard,low,9,1,52.1,8,1
End-Semester Exam #4,exam,3,2,3.8,51,7.69,33,55,hard,high,8,5,77.1,7,1
Industry Internship Project,project,4,3,63.1,10,4.86,9,22,hard,medium,8,4,83.9,6,1
DBMS Lab - SQL Queries,lab_experiment,32,30,56.9,99,6.84,20,13,easy,low,7,2,26.2,-1,0
Mid-Semester Exam (Sem 7),exam,15,10,21.5,99,4.11,41,31,medium,high,1,1,36.3,-3,0
Data Structures Assignment #3,assignment,14,12,53.6,99,6.79,16,85,medium,high,5,0,38.8,-1,0
Module Exam (Sem 7),exam,32,27,13.6,100,4.37,20,10,medium,high,4,4,49.0,-3,0
Module Exam #4,exam,31,27,63.0,64,5.07,31,73,medium,medium,10,6,55.3,6,1
Viva Voce #4,exam,12,8,2.2,58,7.48,7,55,very_hard,high,1,2,53.1,8,1
Compiler Lab - Lexical Analysis (Sem 2),lab_experiment,12,7,40.9,50,8.92,36,43,very_hard,high,1,6,66.6,7,1
Internal Assessment (Sem 1),exam,14,10,4.7,94,5.69,42,52,medium,medium,3,3,40.4,0,0
Machine Learning Assignment (Sem 2),assignment,26,22,71.7,0,8.08,36,22,medium,medium,2,0,39.6,-1,0
Capstone Project (Sem 3),project,17,15,55.6,59,7.73,30,30,easy,medium,10,5,41.2,-1,0
Computer Vision Lab #5,lab_experiment,9,9,77.5,9,5.24,42,28,medium,low,8,3,58.4,1,1
Unit Test #2,exam,9,7,42.6,73,9.55,21,52,hard,low,6,2,46.5,12,1
Internal Assessment,exam,2,0,26.8,83,4.23,34,64,hard,critical,4,5,95.8,6,1
DBMS Assignment,assignment,14,9,72.3,50,4.84,49,53,hard,low,3,2,49.9,10,1
Mini Project (Sem 6),project,3,2,22.3,41,4.56,5,72,medium,high,7,4,77.3,7,1
Data Structures Assignment #1,assignment,30,29,62.5,18,6.6,21,85,medium,medium,4,4,53.5,3,1
Online Quiz #3,exam,13,10,62.5,0,4.42,27,79,easy,medium,0,0,37.7,0,0
Software Engineering Assignment (Sem 7),assignment,21,19,36.1,83,7.02,41,55,easy,medium,9,6,42.5,-3,0
Open Source Contribution (Sem 4),project,18,17,40.6,5,7.09,11,42,easy,medium,8,5,55.1,6,1
IOT Lab Experiment #4,lab_experiment,27,24,13.9,88,5.44,25,37,easy,low,10,1,31.9,-3,0
Data Structures Assignment,assignment,3,2,49.0,7,4.41,21,97,easy,high,8,5,82.7,5,1
Final Year Project (Sem 4),project,26,25,21.2,20,8.3,19,62,very_hard,high,9,0,64.9,11,1
Math Assignment #3,assignment,23,22,51.1,80,7.74,24,74,hard,critical,9,6,63.4,10,1
OS Lab - Process Scheduling (Sem 7),lab_experiment,17,16,66.2,55,8.75,5,78,easy,high,6,5,46.5,-1,0
Data Structures Assignment (Sem 7),assignment,27,24,44.2,94,4.95,42,71,easy,medium,7,2,39.4,-2,0
Mobile App Development,project,25,24,30.2,51,6.51,50,46,medium,medium,10,2,48.8,5,1
Unit Test (Sem 4),exam,15,12,10.8,61,4.16,37,90,medium,medium,6,6,56.5,7,1
Computer Graphics Assignment (Sem 4),assignment,18,18,62.8,32,7.98,5,62,hard,medium,9,0,46.1,4,1
OS Lab - Process Scheduling #2,lab_experiment,22,21,27.6,26,7.73,37,27,hard,medium,6,3,56.5,9,1
Research Project #2,project,8,8,45.1,93,6.09,28,90,hard,medium,9,6,51.2,6,1
Final Year Project,project,33,28,76.1,16,7.67,12,26,medium,high,10,0,50.0,10,1
Practical Exam #3,exam,6,5,29.4,87,6.91,6,88,medium,critical,5,6,66.2,3,1
Internal Assessment (Sem 5),exam,33,29,74.2,95,8.11,49,91,hard,high,9,4,52.9,11,1
Weekly Test (Sem 4),exam,29,28,61.3,45,5.02,8,72,easy,medium,7,4,49.8,-2,0
DBMS Assignment #2,assignment,11,10,53.2,30,6.5,9,83,very_hard,critical,9,0,74.9,6,1
Surprise Test (Sem 5),exam,4,0,28.7,85,6.71,23,54,hard,high,4,4,79.3,3,1
Group Project - Web App #4,project,6,6,24.0,42,7.08,37,93,hard,high,4,5,74.3,11,1
Mobile App Development,project,17,14,52.0,50,8.74,8,40,medium,medium,5,5,45.8,-1,0
DS Lab - Linked List #4,lab_experiment,19,18,36.4,14,5.52,32,75,hard,low,3,1,53.4,6,1
Algorithms Assignment (Sem 5),assignment,30,29,51.3,34,7.95,19,98,medium,medium,5,4,48.1,10,1
Viva Voce,exam,20,19,25.1,62,8.61,31,56,medium,critical,0,0,35.7,-1,0
Networking Assignment,assignment,25,20,35.4,70,9.1,31,64,medium,high,8,5,51.1,14,1
Web Dev Assignment,assignment,14,13,41.8,42,6.76,23,68,medium,medium,0,2,32.9,-2,0
Compiler Lab - Lexical Analysis,lab_experiment,5,4,60.4,40,4.84,31,31,easy,low,7,2,52.1,4,1
Viva Voce,exam,7,6,10.8,75,9.44,11,59,medium,high,6,4,54.1,6,1
Mobile App Development (Sem 8),project,7,2,2.3,92,9.22,27,25,hard,low,6,1,48.3,3,1
Viva Voce,exam,14,10,22.9,99,6.13,17,20,easy,critical,8,2,45.9,-1,0
Group Project - Web App,project,28,26,7.1,5,9.63,47,81,hard,high,6,6,72.7,2,1
DBMS Lab - SQL Queries (Sem 1),lab_experiment,15,12,34.0,27,4.92,6,44,hard,high,0,5,59.2,9,1
Industry Internship Project #4,project,19,14,39.7,86,9.46,5,89,medium,medium,1,3,22.3,-3,0
Network Lab - Packet Analysis (Sem 7),lab_experiment,21,19,52.0,49,7.75,43,90,hard,low,3,5,45.5,0,0
Internal Assessment (Sem 3),exam,4,4,72.0,37,5.93,39,58,easy,medium,5,2,58.5,3,1
IoT Based Project #5,project,17,14,40.8,79,6.92,41,61,hard,medium,7,3,51.3,11,1
Practical Exam #5,exam,6,2,58.9,15,5.28,24,91,hard,high,8,2,87.4,4,1
Mid-Semester Exam #1,exam,12,8,63.5,96,9.14,19,47,easy,medium,6,0,22.7,0,0
Mobile App Development,project,11,11,16.2,95,7.21,45,63,easy,medium,0,5,25.5,-3,0
Weekly Test,exam,23,22,43.3,88,8.65,38,25,easy,critical,2,3,38.2,-2,0
Internal Assessment (Sem 4),exam,10,7,26.6,68,7.53,8,42,medium,medium,7,4,48.2,2,1
OS Assignment,assignment,35,30,27.5,82,7.06,49,76,medium,critical,7,6,63.5,10,1
Research Project (Sem 7),project,3,0,44.4,43,7.16,46,80,very_hard,high,8,5,100.0,11,1
Math Assignment,assignment,23,22,60.8,25,5.03,26,76,hard,critical,8,2,78.6,8,1
Final Year Project #4,project,32,30,61.6,47,7.39,48,47,medium,medium,3,6,49.4,0,0
Digital Electronics Lab,lab_experiment,0,0,26.8,23,5.66,23,19,medium,medium,1,0,65.7,8,1
DS Lab - Linked List,lab_experiment,32,29,13.6,87,7.61,19,52,hard,low,7,0,31.5,-1,0
Embedded Systems Lab (Sem 5),lab_experiment,6,4,12.2,13,4.05,24,12,medium,high,3,1,65.8,1,1
Capstone Project #1,project,1,1,29.8,84,9.0,33,14,hard,medium,5,4,71.5,13,1
IoT Based Project #2,project,17,12,68.6,58,8.03,49,14,medium,medium,8,0,38.3,-2,0
Open Source Contribution,project,26,21,79.8,77,9.11,33,41,easy,critical,6,2,46.9,8,1
Practical Exam (Sem 1),exam,28,27,20.3,45,8.3,19,68,medium,medium,4,3,40.9,-1,0
Mini Project,project,7,6,5.5,32,5.85,34,77,hard,low,2,4,61.0,9,1
Networking Assignment #2,assignment,13,9,9.8,36,9.93,25,64,hard,high,6,0,54.3,2,1
Compiler Lab - Lexical Analysis #5,lab_experiment,23,22,76.6,52,9.95,47,11,medium,medium,0,1,26.3,-1,0
Networking Assignment #3,assignment,17,12,49.4,9,7.53,20,59,easy,low,10,1,37.2,0,0
IOT Lab Experiment,lab_experiment,15,12,53.6,97,6.79,38,94,easy,high,10,1,38.4,-3,0
Practical Exam (Sem 3),exam,9,9,71.6,42,9.73,40,46,easy,medium,7,1,37.6,-3,0
Mobile App Development (Sem 4),project,30,27,24.8,100,4.67,11,79,hard,medium,5,4,51.1,1,1
DS Lab - Linked List,lab_experiment,16,11,31.2,24,5.91,31,74,very_hard,medium,9,0,68.3,12,1
Internal Assessment,exam,11,6,37.6,96,9.66,30,43,medium,medium,1,1,26.8,0,0
DBMS Lab - SQL Queries,lab_experiment,21,19,20.7,83,7.17,48,45,hard,medium,6,2,49.2,-2,0
DBMS Assignment (Sem 1),assignment,9,8,49.0,99,9.61,21,97,very_hard,low,5,0,37.3,-1,0
Software Engineering Assignment #3,assignment,10,7,2.8,70,4.86,20,95,hard,medium,3,0,52.0,1,1
DBMS Assignment (Sem 8),assignment,16,16,39.3,95,8.36,14,47,hard,medium,2,1,27.4,-2,0
Group Project - Web App,project,6,5,67.6,34,7.7,19,61,medium,low,10,5,53.1,12,1
Module Exam #4,exam,21,20,28.4,81,8.71,45,47,hard,high,6,4,55.3,3,1
Module Exam,exam,2,2,52.8,27,4.61,27,87,hard,low,8,1,71.3,1,1
IOT Lab Experiment,lab_experiment,17,17,55.5,53,5.46,14,57,hard,critical,8,1,69.8,9,1
Data Structures Assignment #5,assignment,12,7,34.2,30,4.03,49,69,medium,low,3,2,54.9,10,1
DBMS Lab - SQL Queries,lab_experiment,27,27,12.7,62,4.61,8,67,medium,low,1,1,28.4,-3,0
Web Dev Assignment,assignment,25,23,36.9,73,5.95,20,23,medium,medium,6,0,42.4,3,1
Industry Internship Project (Sem 8),project,20,17,53.9,92,9.75,17,41,medium,medium,2,0,19.3,-2,0
Internal Assessment (Sem 5),exam,22,22,49.8,30,8.36,44,72,very_hard,medium,9,3,64.4,9,1
Machine Learning Assignment,assignment,22,17,39.7,71,5.88,24,67,medium,critical,8,1,60.2,1,1
Research Project (Sem 4),project,19,15,25.5,55,7.82,30,10,very_hard,high,10,0,59.0,9,1
Computer Vision Lab,lab_experiment,22,18,8.4,50,8.8,14,51,hard,low,4,4,43.4,-2,0
Algorithms Assignment #5,assignment,9,6,63.7,35,9.96,47,81,very_hard,low,7,5,70.7,9,1
Algorithms Assignment (Sem 5),assignment,3,3,12.4,16,9.83,46,61,easy,high,3,4,65.4,13,1
Group Project - Web App #1,project,16,15,34.9,75,8.7,25,33,medium,low,9,4,35.5,-1,0
Data Structures Assignment #5,assignment,17,12,54.2,30,9.06,24,42,medium,medium,9,1,43.4,-1,0
DBMS Lab - SQL Queries #5,lab_experiment,4,3,56.1,11,8.48,23,67,hard,high,7,1,76.1,13,1
DS Lab - Linked List #4,lab_experiment,15,10,66.3,18,9.13,39,18,medium,medium,10,5,55.3,12,1
Open Source Contribution (Sem 2),project,18,17,20.5,27,6.0,13,83,very_hard,medium,3,1,56.9,8,1
Internal Assessment #2,exam,23,18,1.1,94,9.23,48,64,medium,low,4,4,31.0,-1,0
Unit Test #5,exam,3,1,73.7,8,6.8,8,95,easy,high,8,2,80.2,9,1
Industry Internship Project,project,29,25,28.3,91,6.87,33,32,hard,critical,5,1,59.1,6,1
DBMS Assignment (Sem 5),assignment,26,21,69.5,30,4.03,46,81,very_hard,high,1,6,73.6,7,1
Mid-Semester Exam,exam,19,16,54.8,39,8.99,47,97,easy,high,3,2,41.9,-2,0
Practical Exam,exam,22,20,64.4,96,4.42,23,38,very_hard,high,4,2,61.1,8,1
DS Lab - Linked List (Sem 1),lab_experiment,24,24,77.8,15,8.8,22,34,medium,medium,1,3,38.2,-1,0
Open Source Contribution,project,12,7,30.3,74,7.07,47,72,medium,medium,7,0,47.9,7,1
OS Assignment,assignment,15,14,77.2,9,8.34,31,56,medium,medium,9,5,56.3,3,1
Machine Learning Assignment #2,assignment,16,11,60.2,28,7.61,34,83,hard,medium,1,6,47.8,10,1
DBMS Lab - SQL Queries #2,lab_experiment,22,20,76.8,80,9.15,12,65,easy,low,5,0,20.2,-3,0
IoT Based Project,project,10,8,60.7,82,7.22,49,59,hard,critical,1,1,50.5,9,1
Computer Vision Lab (Sem 2),lab_experiment,32,30,44.3,97,4.46,21,80,medium,medium,8,2,41.7,10,1
Networking Assignment (Sem 6),assignment,23,23,62.2,30,8.24,43,87,medium,medium,10,4,51.3,6,1
Math Assignment #5,assignment,25,21,68.7,71,6.17,40,86,medium,high,10,0,46.8,2,1
Open Source Contribution #1,project,15,15,32.9,94,8.59,31,92,medium,critical,6,5,54.3,4,1
OS Assignment (Sem 7),assignment,10,6,59.3,8,4.94,21,54,medium,high,3,4,72.5,11,1
Viva Voce,exam,20,20,23.5,19,8.07,46,92,medium,high,2,6,53.8,13,1
OS Lab - Process Scheduling #1,lab_experiment,13,11,70.9,85,7.74,46,95,medium,high,8,4,47.6,7,1
Viva Voce,exam,19,15,25.3,63,9.04,30,60,easy,low,5,3,31.4,-2,0
DBMS Lab - SQL Queries (Sem 5),lab_experiment,14,11,63.3,64,8.66,23,76,very_hard,critical,0,1,51.5,14,1
Viva Voce (Sem 3),exam,22,22,56.3,8,8.83,38,52,hard,low,9,5,59.2,2,1
Unit Test (Sem 8),exam,20,17,51.3,19,5.28,11,70,medium,medium,3,0,46.3,5,1
Mini Project,project,33,28,39.6,56,6.76,37,34,hard,medium,6,5,59.5,1,1
Embedded Systems Lab #3,lab_experiment,7,2,74.1,30,8.41,20,69,medium,high,3,2,61.0,7,1
Computer Vision Lab #3,lab_experiment,14,13,34.6,48,4.79,20,98,very_hard,medium,1,2,54.4,1,1
ML Model Project,project,26,21,16.9,85,7.3,9,93,hard,critical,5,6,65.9,14,1
Software Engineering Assignment #3,assignment,17,14,41.8,12,9.4,48,28,medium,low,4,3,45.4,6,1
Compiler Lab - Lexical Analysis (Sem 3),lab_experiment,28,26,46.0,51,5.39,21,34,medium,low,7,1,43.9,0,0
Online Quiz (Sem 3),exam,7,4,12.1,44,6.42,44,84,hard,low,8,4,63.6,5,1
Digital Electronics Lab (Sem 8),lab_experiment,26,21,27.6,7,4.08,14,52,easy,medium,0,3,41.0,-2,0
Research Project (Sem 7),project,32,29,77.8,59,4.67,13,17,hard,low,9,1,48.5,5,1
Software Engineering Assignment (Sem 7),assignment,27,23,74.4,74,7.03,10,73,medium,medium,3,4,38.2,0,0
Final Year Project #4,project,5,0,33.7,42,4.79,32,53,medium,medium,3,4,76.8,7,1
DBMS Assignment (Sem 2),assignment,5,1,56.2,100,4.12,30,85,medium,medium,4,0,60.0,3,1
DS Lab - Linked List,lab_experiment,9,9,7.8,63,8.94,18,12,easy,high,9,6,46.2,0,0
OS Assignment #2,assignment,23,21,41.6,45,5.79,11,19,medium,high,10,2,58.1,3,1
Mobile App Development #5,project,4,1,58.3,43,8.14,33,16,medium,low,1,1,49.7,3,1
Math Assignment #1,assignment,32,29,70.4,78,5.98,50,25,hard,low,9,0,46.4,0,0
DBMS Assignment #4,assignment,10,8,57.9,83,7.35,31,42,easy,medium,1,3,25.5,-2,0
Computer Graphics Assignment (Sem 6),assignment,24,22,55.0,15,5.5,44,81,easy,high,3,1,54.4,2,1
Networking Assignment,assignment,7,6,12.4,36,6.58,36,97,medium,high,8,0,61.4,6,1
Computer Graphics Assignment #1,assignment,17,17,33.1,72,5.61,27,87,medium,medium,1,1,33.3,-1,0
AI Lab - Search Algorithms,lab_experiment,23,21,19.0,32,4.59,44,91,hard,medium,8,1,62.0,4,1
Embedded Systems Lab (Sem 7),lab_experiment,29,25,57.9,70,6.62,14,55,very_hard,low,4,0,44.4,14,1
OS Lab - Process Scheduling (Sem 3),lab_experiment,3,2,34.5,66,4.83,41,48,medium,low,1,4,51.9,6,1
Online Quiz (Sem 4),exam,9,8,45.1,90,5.03,5,70,hard,high,1,0,39.5,10,1
ML Model Project,project,15,13,46.2,64,5.55,35,69,easy,medium,2,1,33.7,-3,0
DBMS Lab - SQL Queries,lab_experiment,5,1,45.3,95,7.93,10,19,hard,critical,8,6,84.0,9,1
Group Project - Web App,project,6,1,70.5,37,9.67,28,84,medium,high,0,0,57.4,1,1
Embedded Systems Lab #1,lab_experiment,31,30,32.3,31,5.46,23,29,easy,medium,1,6,44.1,-1,0
Mid-Semester Exam (Sem 8),exam,13,13,15.6,39,9.28,44,61,very_hard,critical,4,6,78.6,9,1
Viva Voce,exam,8,5,76.3,96,9.47,6,67,hard,low,1,6,34.4,-2,0
Surprise Test,exam,11,7,38.1,1,7.95,34,56,hard,high,3,1,66.2,4,1
Mini Project,project,15,11,65.4,8,4.72,41,72,hard,medium,2,6,65.5,12,1
DBMS Assignment,assignment,20,15,64.4,91,8.41,50,37,hard,low,8,0,33.8,0,0
Weekly Test,exam,30,26,47.9,26,9.4,43,21,very_hard,critical,10,2,78.1,4,1
Capstone Project,project,24,22,13.7,89,6.75,38,58,medium,medium,9,1,38.0,-2,0
Mini Project,project,11,6,58.0,37,4.56,6,29,medium,high,10,2,67.2,6,1
IoT Based Project,project,20,15,76.8,22,6.43,16,22,easy,medium,6,3,48.2,0,0
Unit Test #2,exam,23,21,9.9,88,5.15,6,95,medium,high,5,1,47.0,2,1
Internal Assessment #5,exam,33,30,55.1,74,8.62,50,58,hard,medium,5,2,46.2,0,0
IOT Lab Experiment (Sem 2),lab_experiment,15,14,62.8,12,8.67,17,34,medium,critical,7,2,63.3,5,1
Mobile App Development (Sem 7),project,20,18,76.5,15,9.76,27,45,hard,critical,8,0,66.7,4,1
Group Project - Web App (Sem 5),project,14,11,18.2,84,9.67,30,30,hard,medium,0,5,33.2,-1,0
Group Project - Web App #2,project,5,3,52.1,70,8.82,20,65,medium,critical,4,2,64.0,4,1
Math Assignment (Sem 6),assignment,21,17,75.0,100,9.12,26,94,very_hard,medium,4,5,49.6,9,1
OS Assignment #1,assignment,25,24,8.9,24,6.47,6,68,easy,high,8,1,49.8,13,1
Weekly Test (Sem 5),exam,6,6,8.7,6,8.24,13,99,easy,critical,10,3,69.1,10,1
Digital Electronics Lab (Sem 5),lab_experiment,20,19,56.1,78,8.56,12,28,very_hard,high,6,6,62.6,13,1
Open Source Contribution #5,project,31,29,63.2,39,6.66,28,76,very_hard,high,2,3,64.0,12,1
Viva Voce #5,exam,24,24,73.7,19,4.93,10,74,hard,critical,2,5,75.2,2,1
DS Lab - Linked List #2,lab_experiment,7,3,35.6,74,9.65,20,31,medium,medium,2,0,38.2,-2,0
Machine Learning Assignment #1,assignment,7,3,59.2,64,5.52,23,94,hard,medium,3,0,60.5,13,1
DBMS Lab - SQL Queries #2,lab_experiment,10,5,58.3,60,9.25,40,20,hard,medium,10,6,62.0,8,1
Compiler Lab - Lexical Analysis,lab_experiment,17,17,70.2,77,9.65,29,95,very_hard,medium,7,4,55.5,10,1
DBMS Assignment,assignment,23,22,41.7,79,8.29,25,16,medium,high,5,5,48.7,-3,0
Embedded Systems Lab #3,lab_experiment,34,30,23.8,67,5.17,16,56,easy,low,0,4,26.2,-2,0
Unit Test #3,exam,25,24,24.6,87,5.78,6,26,medium,low,9,6,43.2,0,0
Unit Test (Sem 3),exam,18,15,43.2,26,8.08,46,11,medium,low,7,0,39.4,-1,0
Open Source Contribution,project,21,21,64.5,53,8.84,39,10,easy,high,3,3,40.3,-1,0
Software Engineering Assignment #5,assignment,18,13,19.4,37,5.73,49,94,hard,high,7,1,68.5,5,1
Software Engineering Assignment (Sem 4),assignment,10,5,38.1,71,6.67,37,67,very_hard,critical,3,0,71.5,11,1
Machine Learning Assignment (Sem 4),assignment,17,13,11.3,100,6.61,40,93,hard,medium,10,4,49.0,14,1
OS Lab - Process Scheduling (Sem 8),lab_experiment,29,29,47.0,35,8.8,26,33,easy,low,0,4,23.6,0,0
Research Project #5,project,9,5,34.1,30,6.46,23,33,hard,critical,8,3,82.3,14,1
Web Dev Assignment #4,assignment,6,4,4.1,100,5.06,16,67,easy,low,4,0,31.6,-1,0
Data Structures Assignment (Sem 1),assignment,30,25,38.4,23,8.1,43,36,hard,medium,5,2,55.7,14,1
Online Quiz #3,exam,34,29,22.3,43,6.93,6,95,very_hard,high,5,6,74.0,12,1
OS Lab - Process Scheduling #3,lab_experiment,9,5,24.8,60,8.13,35,36,hard,high,7,4,66.5,3,1
Mid-Semester Exam #4,exam,5,3,25.3,10,4.34,47,52,hard,high,6,6,96.7,3,1
Math Assignment,assignment,24,20,45.8,17,8.79,11,76,hard,medium,4,2,50.7,3,1
Final Year Project,project,5,3,37.5,8,7.18,50,82,hard,critical,9,6,100.0,6,1
Digital Electronics Lab (Sem 2),lab_experiment,32,29,36.0,48,9.39,12,10,medium,medium,10,4,44.6,-2,0
Math Assignment,assignment,17,14,37.0,22,6.66,42,75,hard,medium,5,0,56.8,1,1
Networking Assignment,assignment,22,21,13.3,17,5.82,25,84,medium,low,5,3,55.1,-2,0
Computer Vision Lab #3,lab_experiment,17,15,40.7,75,9.41,31,62,medium,medium,6,2,37.1,-1,0
Networking Assignment,assignment,34,30,62.9,73,5.39,47,88,easy,medium,2,2,35.1,0,0
Computer Graphics Assignment (Sem 5),assignment,14,10,38.4,32,7.63,27,24,hard,critical,4,3,66.3,7,1
Machine Learning Assignment,assignment,19,16,43.2,88,4.15,42,91,hard,high,2,5,56.6,11,1
Digital Electronics Lab,lab_experiment,26,24,77.7,5,5.52,5,97,medium,high,2,6,62.5,14,1
DBMS Assignment #1,assignment,9,6,53.0,62,6.43,14,98,hard,critical,7,5,79.0,12,1
DBMS Lab - SQL Queries,lab_experiment,20,17,12.0,50,7.43,44,20,hard,high,7,4,66.4,1,1
Machine Learning Assignment #2,assignment,15,12,35.9,6,6.77,37,19,very_hard,low,7,1,64.5,7,1
Network Lab - Packet Analysis #2,lab_experiment,30,26,22.5,99,8.21,7,35,medium,high,2,2,27.9,0,0
Compiler Lab - Lexical Analysis (Sem 1),lab_experiment,27,23,3.7,59,8.86,47,45,medium,low,6,4,40.9,-1,0
Internal Assessment #1,exam,31,28,31.5,82,9.38,19,87,hard,high,9,1,46.5,0,0
Group Project - Web App #4,project,10,7,48.1,19,9.84,45,25,hard,medium,6,6,70.7,3,1
Capstone Project,project,26,24,75.5,55,6.59,42,89,very_hard,medium,1,6,56.2,8,1
Practical Exam (Sem 4),exam,29,27,31.8,3,5.16,8,75,very_hard,medium,9,0,70.2,11,1
IOT Lab Experiment (Sem 8),lab_experiment,28,25,25.9,97,4.3,19,74,medium,low,5,6,42.5,3,1
Network Lab - Packet Analysis (Sem 4),lab_experiment,22,20,58.6,74,5.14,26,27,medium,low,0,1,24.8,-2,0
Capstone Project #2,project,15,12,20.2,15,9.15,23,22,easy,medium,0,2,28.3,-1,0
Compiler Lab - Lexical Analysis (Sem 8),lab_experiment,20,15,13.4,78,7.56,45,50,medium,high,2,1,33.9,-1,0
OS Lab - Process Scheduling (Sem 2),lab_experiment,9,9,55.4,17,9.08,42,52,medium,high,6,0,52.8,1,1
Software Engineering Assignment #5,assignment,2,2,52.2,49,5.57,9,92,hard,medium,2,4,67.1,5,1
Software Engineering Assignment (Sem 3),assignment,24,24,50.6,53,4.77,22,70,hard,medium,1,4,49.6,-1,0
IoT Based Project,project,18,18,2.4,2,9.91,12,75,easy,low,6,3,41.8,-2,0
Research Project (Sem 3),project,29,24,50.5,100,4.69,20,43,very_hard,high,9,1,61.0,6,1
Software Engineering Assignment,assignment,1,1,26.0,98,9.09,23,57,medium,low,8,0,47.7,-2,0
Embedded Systems Lab,lab_experiment,13,11,54.6,76,6.83,19,17,medium,critical,5,1,53.7,10,1
ML Model Project,project,8,6,7.9,51,8.16,38,34,very_hard,critical,5,5,86.6,14,1
DBMS Lab - SQL Queries (Sem 4),lab_experiment,22,22,14.9,35,5.2,27,26,easy,medium,4,5,52.7,14,1
Machine Learning Assignment (Sem 2),assignment,10,5,52.1,51,4.81,9,95,medium,high,3,1,56.7,1,1
OS Assignment #5,assignment,29,29,44.1,21,8.61,5,30,easy,critical,5,4,59.3,5,1
Data Structures Assignment (Sem 1),assignment,7,5,62.0,75,9.59,41,83,medium,low,5,0,37.1,-3,0
Digital Electronics Lab (Sem 8),lab_experiment,25,20,67.1,37,4.83,8,73,medium,critical,5,2,67.4,9,1
Module Exam (Sem 3),exam,4,2,72.3,47,8.28,37,51,hard,critical,3,0,70.3,10,1
Machine Learning Assignment (Sem 2),assignment,23,18,58.6,20,8.67,14,80,hard,medium,9,1,51.4,2,1
Network Lab - Packet Analysis (Sem 3),lab_experiment,21,17,58.6,96,5.09,46,46,hard,medium,0,5,42.4,-3,0
Mobile App Development (Sem 3),project,21,19,23.2,16,5.35,5,37,easy,medium,8,1,49.3,7,1
Digital Electronics Lab (Sem 6),lab_experiment,29,28,41.3,13,7.56,9,69,medium,medium,5,2,47.3,7,1
IoT Based Project #3,project,29,28,28.4,67,6.29,34,72,medium,critical,5,0,55.0,1,1
IOT Lab Experiment (Sem 7),lab_experiment,20,19,44.1,60,7.54,33,19,easy,low,1,2,18.3,-3,0
OS Lab - Process Scheduling,lab_experiment,3,2,34.8,90,6.29,34,83,hard,medium,7,3,63.4,1,1
Web Dev Assignment,assignment,23,23,23.3,16,6.83,30,65,hard,medium,7,4,64.8,7,1
Online Quiz,exam,26,25,67.9,12,7.23,10,16,easy,high,9,6,60.6,12,1
Computer Vision Lab #5,lab_experiment,21,20,15.6,93,6.47,28,92,medium,medium,8,0,34.2,-3,0
Mobile App Development #4,project,27,22,73.9,55,4.51,50,50,medium,medium,5,5,59.0,9,1
Module Exam,exam,12,8,63.3,57,6.3,43,20,medium,medium,4,2,43.9,0,0
Computer Vision Lab #2,lab_experiment,4,4,77.4,62,8.69,40,97,medium,medium,10,6,54.6,-1,0
IoT Based Project,project,7,5,6.5,82,7.71,7,74,medium,high,5,6,54.3,13,1
Capstone Project,project,23,18,9.2,45,9.73,49,84,hard,low,1,6,40.9,0,0
ML Model Project #2,project,11,6,11.4,72,7.75,36,91,hard,high,8,2,60.2,10,1
AI Lab - Search Algorithms (Sem 2),lab_experiment,4,2,45.3,99,4.31,20,17,easy,medium,5,2,51.2,4,1
Capstone Project (Sem 2),project,13,13,51.2,88,10.0,14,49,easy,medium,0,0,8.8,-3,0
IOT Lab Experiment #2,lab_experiment,28,27,17.8,68,4.2,22,63,hard,high,7,6,67.6,5,1
Online Quiz (Sem 1),exam,11,10,51.8,45,5.89,30,46,very_hard,medium,2,3,61.0,5,1
Weekly Test #4,exam,13,13,17.4,44,6.45,23,25,hard,medium,6,6,60.5,6,1
Mini Project (Sem 7),project,11,7,65.7,4,5.76,40,51,hard,medium,7,1,75.2,11,1
Internal Assessment #5,exam,16,11,71.6,93,9.68,48,29,medium,high,10,1,40.2,5,1
IOT Lab Experiment (Sem 8),lab_experiment,7,6,67.6,79,7.02,18,67,medium,medium,9,6,54.0,11,1
Practical Exam #1,exam,18,18,33.7,84,4.55,39,86,medium,low,8,6,47.1,-3,0
Research Project,project,25,25,32.8,75,5.93,9,45,hard,critical,9,2,66.9,6,1
Networking Assignment,assignment,31,29,18.2,70,7.23,26,13,medium,critical,2,3,50.6,8,1
Research Project,project,25,25,52.1,10,7.94,46,42,easy,medium,6,4,50.6,10,1
Math Assignment #1,assignment,9,8,5.6,58,9.42,39,32,very_hard,low,3,5,51.3,9,1
Mobile App Development,project,5,5,76.2,63,4.09,47,63,hard,medium,1,0,50.1,6,1
Networking Assignment #1,assignment,12,11,14.6,7,7.06,45,78,hard,low,10,3,61.1,10,1
Network Lab - Packet Analysis,lab_experiment,16,12,37.6,2,4.19,11,95,very_hard,high,8,1,79.7,7,1
OS Lab - Process Scheduling,lab_experiment,27,23,1.0,17,9.36,6,32,medium,critical,1,0,45.2,13,1
Viva Voce (Sem 8),exam,31,30,69.1,13,9.41,28,61,medium,low,8,4,48.2,-2,0
Final Year Project #2,project,32,28,11.7,24,8.93,48,78,medium,medium,10,1,47.0,-1,0
IOT Lab Experiment,lab_experiment,29,26,32.3,24,5.55,39,29,medium,high,8,3,67.1,13,1
Practical Exam (Sem 2),exam,32,29,12.6,13,9.66,50,35,medium,low,3,5,46.4,-2,0
Surprise Test,exam,3,1,29.4,46,5.21,12,17,medium,critical,9,4,95.0,3,1
AI Lab - Search Algorithms,lab_experiment,13,9,77.4,3,6.77,13,52,hard,high,5,6,74.7,14,1
Network Lab - Packet Analysis #5,lab_experiment,13,8,28.3,47,4.38,24,85,easy,low,5,1,40.0,0,0
IoT Based Project #4,project,26,22,66.8,94,5.45,39,97,hard,medium,4,2,48.1,7,1
Industry Internship Project (Sem 5),project,11,8,43.5,12,8.57,14,44,medium,low,9,1,41.0,-1,0
Final Year Project,project,17,13,70.7,42,5.03,16,16,medium,medium,6,3,54.2,4,1
IOT Lab Experiment (Sem 4),lab_experiment,4,0,36.8,61,7.5,11,84,easy,medium,1,1,43.9,5,1
OS Assignment #2,assignment,20,15,31.9,26,8.32,50,82,hard,medium,5,5,61.8,4,1
Open Source Contribution #2,project,21,18,18.0,66,6.74,17,14,easy,high,6,0,40.5,0,0
Network Lab - Packet Analysis #1,lab_experiment,7,4,17.2,3,8.99,18,29,hard,high,3,0,62.2,12,1
OS Assignment (Sem 6),assignment,23,21,19.3,86,5.31,19,24,medium,low,5,6,44.7,12,1
ML Model Project #3,project,17,16,4.4,56,7.77,25,31,medium,low,5,4,39.3,-2,0
IoT Based Project,project,15,15,11.9,75,4.63,15,22,medium,medium,0,6,36.5,0,0
Surprise Test,exam,11,11,29.4,62,9.1,37,53,hard,medium,6,5,53.3,8,1
Mini Project (Sem 1),project,11,10,10.2,96,8.06,24,76,hard,medium,6,5,45.2,-3,0
Unit Test,exam,23,23,39.2,8,5.11,32,46,hard,high,10,6,80.6,4,1
Compiler Lab - Lexical Analysis (Sem 3),lab_experiment,24,24,65.6,82,9.58,32,26,hard,critical,5,5,63.8,5,1
Algorithms Assignment #1,assignment,11,11,73.2,80,4.68,6,91,very_hard,high,9,2,65.6,13,1
Mobile App Development,project,7,2,73.9,98,8.69,44,49,hard,low,2,4,45.8,-2,0
Compiler Lab - Lexical Analysis,lab_experiment,5,0,42.1,3,8.65,32,71,hard,low,8,0,74.6,11,1
Software Engineering Assignment,assignment,22,17,3.4,85,7.46,46,14,medium,high,4,3,47.6,14,1
Group Project - Web App (Sem 3),project,0,0,54.4,95,6.39,13,84,hard,high,0,4,64.3,2,1
Mid-Semester Exam #3,exam,30,26,75.1,72,4.71,50,41,hard,low,3,0,41.6,-1,0
Final Year Project (Sem 5),project,13,8,23.0,95,8.32,20,12,medium,medium,5,0,28.0,0,0
OS Lab - Process Scheduling,lab_experiment,12,11,1.9,68,9.08,43,96,medium,medium,2,3,32.7,-3,0
Internal Assessment,exam,30,29,4.5,64,7.93,36,71,hard,critical,3,4,59.8,13,1
OS Assignment (Sem 5),assignment,6,6,77.8,82,9.89,30,73,easy,low,5,6,39.6,0,0
IOT Lab Experiment (Sem 5),lab_experiment,10,5,67.1,98,6.9,25,36,medium,medium,2,6,41.9,-2,0
Module Exam,exam,6,5,74.2,70,4.76,8,51,very_hard,high,8,5,81.8,2,1
Mini Project,project,25,22,16.8,67,7.65,41,74,hard,high,8,1,51.7,2,1
Open Source Contribution #1,project,5,2,46.2,37,9.16,48,31,very_hard,critical,5,6,97.4,13,1
Capstone Project,project,18,15,43.1,89,5.35,13,84,hard,high,10,1,54.5,9,1
Networking Assignment,assignment,10,8,13.5,77,5.26,16,78,very_hard,medium,5,1,58.2,5,1
OS Assignment #5,assignment,8,6,8.7,56,8.08,50,93,easy,critical,10,0,56.8,10,1
Machine Learning Assignment,assignment,28,25,1.5,22,5.67,49,43,very_hard,low,2,5,66.5,11,1
Computer Graphics Assignment #3,assignment,22,18,19.7,20,9.87,37,26,easy,critical,5,3,60.7,5,1
Networking Assignment #4,assignment,23,22,31.7,27,8.49,23,23,very_hard,high,7,2,67.9,10,1
Group Project - Web App (Sem 7),project,28,25,45.3,8,6.1,43,77,hard,high,9,5,76.7,2,1
Math Assignment #3,assignment,8,7,48.5,34,5.87,47,45,medium,medium,8,0,60.9,5,1
Mini Project,project,32,30,20.7,6,5.39,37,55,very_hard,medium,2,4,71.5,8,1
Network Lab - Packet Analysis (Sem 2),lab_experiment,19,19,19.2,89,5.96,24,38,hard,high,6,2,57.6,12,1
Embedded Systems Lab #3,lab_experiment,18,14,16.3,44,7.48,5,56,very_hard,high,1,3,57.7,12,1
Networking Assignment #5,assignment,13,9,21.3,21,9.07,24,75,medium,medium,6,5,53.2,6,1
Industry Internship Project,project,7,6,52.3,100,6.89,10,47,very_hard,high,1,5,59.0,6,1
Surprise Test,exam,10,6,75.4,9,6.4,48,89,medium,critical,6,0,76.0,5,1
Module Exam #3,exam,29,26,46.5,64,7.49,8,75,hard,critical,1,0,48.0,12,1
Algorithms Assignment (Sem 1),assignment,9,7,23.3,33,4.42,38,58,hard,low,9,2,66.2,11,1
ML Model Project,project,12,9,54.1,58,7.84,33,60,easy,high,8,0,38.7,12,1
Mini Project #4,project,17,16,6.9,86,6.25,10,39,medium,medium,5,1,35.8,-2,0
Computer Vision Lab,lab_experiment,23,23,36.6,22,9.46,29,33,medium,critical,1,1,48.5,4,1
Surprise Test,exam,19,18,27.0,94,4.42,18,77,hard,low,8,2,44.0,-1,0
Computer Graphics Assignment (Sem 1),assignment,11,6,76.1,56,8.97,50,66,easy,high,3,4,50.8,5,1
Web Dev Assignment #2,assignment,10,8,78.8,59,5.09,7,25,hard,low,5,3,51.9,2,1
Practical Exam (Sem 8),exam,10,5,39.5,42,7.4,37,61,easy,medium,9,5,58.3,4,1
Data Structures Assignment (Sem 4),assignment,16,15,12.9,93,5.42,21,17,easy,low,8,1,30.5,-1,0
OS Lab - Process Scheduling (Sem 2),lab_experiment,14,11,39.0,88,5.36,26,66,very_hard,low,2,5,51.0,11,1
Computer Graphics Assignment #3,assignment,22,20,23.0,0,7.33,9,64,hard,high,0,3,55.9,3,1
Open Source Contribution #5,project,31,29,32.4,56,8.96,33,35,hard,high,1,1,41.1,-2,0
Data Structures Assignment (Sem 4),assignment,10,7,57.0,92,7.04,46,18,medium,high,7,5,61.2,7,1
Open Source Contribution,project,18,16,66.3,4,7.57,16,61,medium,critical,4,1,59.8,4,1
Web Dev Assignment (Sem 7),assignment,17,12,18.7,2,6.72,41,43,medium,medium,1,0,41.7,-2,0
Web Dev Assignment #5,assignment,19,19,60.9,84,7.08,44,93,hard,critical,7,3,65.6,8,1
Computer Vision Lab #5,lab_experiment,27,24,52.2,92,9.75,23,86,hard,critical,6,6,60.9,2,1
Industry Internship Project (Sem 2),project,17,15,49.1,95,5.81,23,36,medium,critical,10,5,63.3,4,1
DBMS Lab - SQL Queries (Sem 7),lab_experiment,14,13,41.1,81,4.1,36,46,very_hard,high,4,4,69.4,11,1
Module Exam (Sem 6),exam,4,4,39.6,2,7.99,5,92,hard,critical,6,4,83.1,9,1
OS Lab - Process Scheduling #1,lab_experiment,8,8,11.0,31,7.53,16,76,very_hard,low,9,0,50.4,13,1
Surprise Test #4,exam,22,20,77.7,62,8.79,26,52,medium,critical,3,0,44.2,-2,0
Compiler Lab - Lexical Analysis (Sem 5),lab_experiment,32,27,72.7,50,7.75,43,56,very_hard,low,3,0,43.3,-2,0
Research Project #5,project,31,26,53.8,85,7.99,27,83,very_hard,medium,6,6,55.7,4,1
Computer Graphics Assignment #5,assignment,13,13,8.4,78,7.11,16,54,medium,low,8,5,41.0,0,0
Surprise Test,exam,24,22,2.3,38,7.4,26,42,medium,high,3,6,56.0,7,1
Machine Learning Assignment,assignment,14,10,15.5,62,4.96,48,19,hard,low,6,1,51.4,3,1
Mini Project (Sem 1),project,10,10,24.8,19,5.48,40,63,medium,medium,10,1,57.2,14,1
Surprise Test (Sem 7),exam,30,29,70.3,53,9.65,25,84,easy,critical,9,1,48.9,1,1
DBMS Assignment (Sem 2),assignment,3,0,72.2,17,5.14,38,94,easy,critical,10,6,100.0,4,1
Industry Internship Project #4,project,33,28,22.8,39,4.0,31,57,hard,medium,2,2,52.3,8,1
Internal Assessment,exam,27,23,36.8,94,4.94,43,15,very_hard,medium,4,0,52.5,14,1
Algorithms Assignment #3,assignment,9,4,18.5,54,8.89,11,43,medium,low,4,4,43.3,0,0
Online Quiz,exam,21,16,63.8,32,6.76,46,40,medium,medium,8,4,56.2,7,1
ML Model Project #3,project,9,8,79.0,93,7.85,25,14,easy,medium,2,6,24.9,-2,0
Module Exam #3,exam,11,10,66.8,13,6.78,19,76,hard,high,2,2,58.3,10,1
Viva Voce,exam,12,11,63.4,15,8.79,27,78,easy,medium,2,5,40.7,-3,0
Capstone Project,project,22,19,63.5,81,5.58,23,37,very_hard,high,8,6,73.1,11,1
Internal Assessment (Sem 6),exam,17,17,43.4,68,8.65,39,56,easy,high,4,4,42.3,-2,0
Mobile App Development,project,11,11,43.4,74,9.36,9,15,hard,critical,9,3,59.1,12,1
Digital Electronics Lab (Sem 7),lab_experiment,32,27,72.5,23,9.54,37,66,very_hard,medium,5,5,69.1,9,1
Final Year Project (Sem 5),project,29,24,8.8,44,8.0,5,30,hard,low,9,5,48.7,1,1
Mini Project,project,18,13,9.0,5,6.92,27,31,medium,critical,9,3,72.7,7,1
Viva Voce (Sem 2),exam,28,25,43.1,60,7.96,27,97,medium,low,5,0,30.7,-3,0
Capstone Project #4,project,25,21,76.9,17,5.43,12,72,easy,high,6,0,54.8,8,1
Mobile App Development #3,project,18,15,68.5,98,9.92,45,73,easy,medium,8,6,34.9,-3,0
IOT Lab Experiment #1,lab_experiment,29,24,41.4,59,4.65,19,83,hard,low,10,2,51.1,14,1
DS Lab - Linked List,lab_experiment,25,22,34.6,87,4.23,15,79,medium,medium,9,4,47.1,4,1
Unit Test (Sem 5),exam,11,7,30.3,90,4.76,43,86,medium,high,6,1,58.3,5,1
Mini Project,project,21,21,72.9,31,8.66,24,55,medium,medium,7,3,47.2,5,1
AI Lab - Search Algorithms #3,lab_experiment,21,18,6.9,9,7.62,11,32,medium,critical,3,0,53.3,9,1
Mini Project (Sem 1),project,27,25,22.3,26,4.49,15,29,hard,medium,7,4,66.3,9,1
Math Assignment (Sem 1),assignment,13,12,60.9,29,8.09,46,76,hard,high,9,4,65.8,6,1
Internal Assessment #5,exam,7,7,70.5,97,5.18,5,66,very_hard,high,1,6,64.1,1,1
Internal Assessment,exam,19,16,71.7,27,9.41,6,58,hard,medium,3,6,51.2,6,1
DS Lab - Linked List,lab_experiment,31,29,35.1,68,6.39,12,59,hard,high,4,6,58.6,12,1
Mid-Semester Exam,exam,28,25,13.6,45,9.19,41,70,easy,medium,8,0,35.1,-1,0
Networking Assignment #2,assignment,6,2,32.2,59,8.26,39,62,medium,high,10,3,65.1,3,1
Mid-Semester Exam,exam,6,5,15.0,86,9.03,49,37,hard,high,0,1,41.7,-1,0
DBMS Assignment #1,assignment,11,9,15.0,32,4.49,8,12,very_hard,medium,9,2,68.4,11,1
Algorithms Assignment (Sem 6),assignment,33,30,30.4,43,9.32,14,32,easy,high,7,6,49.8,8,1
DBMS Assignment #5,assignment,28,25,4.8,1,8.05,15,98,easy,medium,1,6,39.3,0,0
End-Semester Exam #4,exam,23,20,69.0,69,5.24,42,45,very_hard,high,4,6,74.4,14,1
Surprise Test (Sem 5),exam,32,29,7.6,99,6.7,10,11,medium,low,5,1,28.2,-2,0
AI Lab - Search Algorithms #2,lab_experiment,3,2,28.4,56,9.4,47,23,medium,high,0,3,51.5,3,1
Data Structures Assignment,assignment,24,19,40.3,100,5.79,47,58,easy,low,6,1,31.7,-3,0
Mobile App Development #1,project,18,16,66.0,7,6.22,15,91,medium,low,9,3,51.1,10,1
Module Exam,exam,1,0,53.9,38,6.34,40,96,hard,low,3,2,71.4,8,1
IoT Based Project #3,project,16,16,76.4,74,6.44,17,55,hard,low,10,5,48.9,-1,0
Data Structures Assignment,assignment,28,26,72.8,38,8.27,9,38,easy,low,10,5,38.3,5,1
Capstone Project (Sem 8),project,10,9,46.6,10,4.75,12,13,easy,medium,7,4,57.2,1,1
Data Structures Assignment (Sem 2),assignment,12,9,44.9,36,6.29,27,14,very_hard,high,9,2,71.5,7,1
IoT Based Project (Sem 3),project,13,8,71.1,100,9.54,9,95,easy,medium,1,5,18.9,-3,0
Online Quiz #2,exam,7,4,30.2,7,7.01,11,64,easy,low,9,1,49.7,8,1
Computer Graphics Assignment (Sem 1),assignment,2,0,56.7,23,8.99,13,63,medium,medium,9,3,72.7,5,1
Research Project,project,10,6,52.2,31,6.56,36,23,medium,medium,10,5,65.4,11,1
Weekly Test #5,exam,21,17,18.2,29,9.11,11,69,easy,critical,10,1,52.3,13,1
Capstone Project,project,16,16,47.9,95,6.63,13,46,hard,high,8,6,56.3,10,1
Math Assignment #2,assignment,17,17,50.1,13,4.75,27,35,medium,low,5,3,56.1,12,1
DBMS Lab - SQL Queries (Sem 5),lab_experiment,31,28,15.4,90,7.4,13,64,medium,high,7,3,46.3,-2,0
Capstone Project (Sem 4),project,24,22,73.9,28,8.8,37,31,easy,high,3,5,49.1,6,1
Compiler Lab - Lexical Analysis,lab_experiment,7,6,39.8,45,4.54,11,16,easy,critical,2,2,60.1,11,1
DBMS Lab - SQL Queries #1,lab_experiment,3,1,56.2,88,6.83,31,93,medium,high,0,1,54.5,6,1
Unit Test,exam,8,4,26.2,38,8.93,32,56,easy,critical,10,1,60.6,1,1
Mobile App Development,project,25,24,1.2,55,4.39,6,71,medium,high,6,5,61.6,4,1
Internal Assessment (Sem 1),exam,13,10,77.0,97,8.15,23,28,hard,medium,5,5,44.9,7,1
Unit Test #3,exam,7,6,68.2,65,6.68,28,56,very_hard,low,9,4,65.8,11,1
Capstone Project,project,6,4,18.0,10,7.11,26,27,medium,low,0,4,46.6,1,1
Online Quiz,exam,9,4,35.6,17,6.87,25,85,medium,high,5,1,66.1,10,1
Unit Test,exam,18,15,65.1,60,5.0,16,54,medium,medium,6,0,44.6,8,1
Open Source Contribution (Sem 7),project,26,25,26.5,50,5.84,35,67,medium,medium,4,0,45.5,-2,0
ML Model Project,project,12,7,25.7,5,5.87,28,29,medium,medium,9,2,68.8,6,1
Final Year Project (Sem 2),project,13,9,57.7,43,5.99,9,98,easy,low,6,3,43.3,-1,0
Weekly Test (Sem 3),exam,20,18,9.8,40,6.81,36,87,easy,medium,1,2,32.6,0,0
Computer Graphics Assignment (Sem 1),assignment,8,5,68.4,97,9.08,42,67,hard,high,6,4,59.8,8,1
Weekly Test (Sem 5),exam,24,19,35.4,80,7.79,43,78,very_hard,medium,8,0,48.3,-1,0
IOT Lab Experiment,lab_experiment,22,22,73.1,100,4.94,50,83,hard,high,6,3,60.0,3,1
Research Project (Sem 3),project,3,3,5.6,25,6.86,6,48,very_hard,high,10,0,82.6,5,1
ML Model Project #1,project,25,22,48.4,25,8.02,38,14,medium,low,1,3,32.8,-1,0
Algorithms Assignment,assignment,28,23,56.1,12,8.43,33,21,medium,high,5,5,62.9,5,1
Research Project #4,project,21,20,76.2,44,4.8,48,69,hard,medium,6,4,66.0,14,1
Group Project - Web App #5,project,24,24,54.8,88,4.47,49,83,hard,critical,3,6,68.3,12,1
Software Engineering Assignment #2,assignment,31,29,10.9,54,4.39,19,63,medium,critical,7,3,67.1,2,1
Practical Exam #2,exam,19,19,13.8,94,9.84,19,36,medium,high,2,5,36.1,-3,0
Weekly Test #4,exam,26,24,15.0,39,6.96,20,10,medium,critical,6,1,61.2,14,1
Computer Graphics Assignment (Sem 8),assignment,7,3,20.5,24,7.61,26,72,easy,high,9,6,69.8,13,1
Mini Project,project,7,4,23.3,41,7.76,7,16,hard,medium,3,5,56.5,2,1
Practical Exam #4,exam,32,30,8.8,1,5.5,13,85,hard,critical,7,5,88.1,6,1
Data Structures Assignment #4,assignment,30,28,44.9,6,4.92,48,37,medium,medium,2,0,49.6,14,1
Surprise Test,exam,27,22,25.4,16,6.0,48,68,medium,high,6,6,68.6,1,1
DBMS Assignment #4,assignment,21,20,73.5,85,7.57,48,59,hard,high,5,2,50.8,2,1
Industry Internship Project (Sem 4),project,14,11,40.8,48,7.83,19,48,easy,critical,2,3,44.3,11,1
Industry Internship Project,project,20,15,27.3,3,5.14,9,46,hard,medium,1,5,60.3,4,1
Final Year Project #1,project,9,7,39.8,18,9.04,30,25,medium,high,1,5,57.4,7,1
Capstone Project,project,28,24,2.1,94,6.69,5,22,hard,medium,10,3,44.7,0,0
Mobile App Development,project,13,13,23.5,60,5.13,39,12,medium,critical,3,6,65.9,9,1
Web Dev Assignment,assignment,21,19,71.2,54,6.27,37,49,very_hard,medium,3,0,51.9,14,1
Industry Internship Project,project,34,30,63.7,89,9.46,8,97,easy,high,5,0,30.0,0,0
OS Lab - Process Scheduling (Sem 3),lab_experiment,11,7,32.1,61,5.4,28,27,medium,low,9,4,56.6,7,1
Group Project - Web App,project,19,19,44.8,34,4.83,25,39,hard,medium,1,3,51.7,6,1
Machine Learning Assignment #2,assignment,19,16,12.5,92,5.64,12,56,medium,high,7,3,50.8,6,1
AI Lab - Search Algorithms,lab_experiment,8,7,51.7,75,7.83,20,40,easy,medium,9,5,45.0,14,1
Research Project #3,project,8,5,42.2,17,9.01,31,12,medium,high,6,4,67.7,3,1
Web Dev Assignment,assignment,26,25,60.6,84,9.2,40,64,easy,medium,3,3,27.2,-1,0
IoT Based Project #4,project,31,30,75.6,85,7.52,16,94,hard,low,5,4,39.6,0,0
Mini Project #1,project,28,24,50.1,21,5.7,14,23,hard,medium,3,3,59.2,13,1
Math Assignment (Sem 4),assignment,4,3,2.2,75,6.03,49,93,medium,medium,5,3,60.9,2,1
IOT Lab Experiment,lab_experiment,29,24,49.9,4,4.22,5,24,medium,low,10,6,59.7,9,1
Digital Electronics Lab (Sem 1),lab_experiment,5,2,45.7,16,7.06,48,58,easy,critical,10,6,86.6,6,1
Software Engineering Assignment,assignment,20,18,26.9,93,5.52,49,65,easy,low,1,4,27.3,0,0
Practical Exam (Sem 8),exam,24,20,45.6,62,7.53,34,67,very_hard,low,5,3,52.0,11,1
Embedded Systems Lab (Sem 2),lab_experiment,15,14,2.8,38,9.18,25,89,hard,critical,6,4,69.9,1,1
Computer Vision Lab,lab_experiment,17,12,18.4,12,9.83,32,51,medium,medium,8,5,55.8,6,1
Online Quiz (Sem 3),exam,29,28,4.8,73,9.82,31,48,easy,medium,7,0,28.5,-2,0
Unit Test,exam,9,6,17.4,3,7.38,14,32,medium,medium,9,3,64.8,7,1
IOT Lab Experiment,lab_experiment,22,20,69.1,19,4.77,26,51,easy,medium,9,0,48.8,7,1
End-Semester Exam #5,exam,10,6,70.5,23,4.48,34,49,easy,medium,4,4,61.8,11,1
Weekly Test,exam,26,25,42.4,23,8.53,47,44,medium,medium,0,3,36.1,-2,0
Network Lab - Packet Analysis #3,lab_experiment,24,24,62.9,72,5.75,21,91,easy,medium,8,0,37.7,-2,0
Compiler Lab - Lexical Analysis (Sem 2),lab_experiment,7,2,38.5,1,8.06,27,11,hard,critical,3,0,78.5,1,1
DBMS Lab - SQL Queries,lab_experiment,7,6,11.9,24,6.46,10,48,hard,high,10,5,78.2,2,1
Industry Internship Project (Sem 7),project,30,25,26.4,73,4.31,22,34,medium,medium,3,2,40.6,-2,0
Digital Electronics Lab,lab_experiment,33,29,62.5,69,4.74,21,82,medium,high,3,3,50.3,-2,0
Weekly Test #1,exam,1,0,41.7,57,5.12,49,81,medium,high,5,5,90.5,5,1
Embedded Systems Lab,lab_experiment,9,7,19.0,15,7.77,16,75,easy,high,10,2,57.6,8,1
Web Dev Assignment,assignment,5,2,47.8,75,7.07,12,41,easy,high,1,5,51.2,13,1
Module Exam,exam,25,20,35.4,68,9.39,31,93,very_hard,low,10,0,44.5,-2,0
Mobile App Development (Sem 5),project,29,27,19.8,94,4.72,31,35,easy,critical,9,0,49.3,14,1
Compiler Lab - Lexical Analysis (Sem 3),lab_experiment,9,5,48.1,35,8.85,26,43,very_hard,medium,6,4,71.6,11,1
Embedded Systems Lab (Sem 7),lab_experiment,19,18,54.7,47,9.42,36,75,medium,high,6,1,48.2,11,1
Viva Voce (Sem 1),exam,17,16,9.4,75,6.82,6,88,easy,medium,8,5,40.6,-2,0
DS Lab - Linked List (Sem 3),lab_experiment,21,17,72.6,23,6.82,49,22,easy,low,5,1,42.3,0,0
Computer Graphics Assignment (Sem 8),assignment,17,17,31.2,5,8.96,5,33,very_hard,low,0,3,45.5,-3,0
Industry Internship Project,project,29,25,70.7,0,8.92,49,37,very_hard,medium,0,5,59.9,14,1
DBMS Assignment,assignment,17,12,65.9,74,6.25,38,53,hard,critical,4,3,64.0,12,1
Algorithms Assignment (Sem 1),assignment,11,11,63.4,92,4.45,6,91,hard,high,8,6,61.2,13,1
IoT Based Project (Sem 2),project,15,11,51.4,12,9.93,38,88,medium,critical,1,1,51.4,8,1
Computer Vision Lab #5,lab_experiment,3,1,2.4,0,6.54,20,63,medium,critical,3,6,96.0,13,1
Online Quiz (Sem 3),exam,14,9,23.4,10,8.3,35,11,easy,low,8,0,36.5,-1,0
Module Exam #4,exam,31,26,11.9,77,8.11,23,30,hard,medium,7,4,46.9,12,1
Compiler Lab - Lexical Analysis #3,lab_experiment,9,7,49.5,68,9.16,27,29,easy,medium,2,6,38.1,-3,0
DBMS Assignment,assignment,11,8,13.0,99,4.67,16,23,very_hard,critical,1,5,64.8,4,1
IoT Based Project,project,24,22,56.7,54,5.48,32,39,medium,medium,9,3,53.4,7,1
Algorithms Assignment,assignment,29,27,15.3,44,7.12,50,53,hard,low,3,6,52.2,-1,0
Computer Graphics Assignment,assignment,4,1,7.5,60,8.31,47,32,hard,medium,10,5,79.7,1,1
Algorithms Assignment,assignment,3,1,1.7,27,8.86,44,36,medium,high,5,2,80.0,14,1
Software Engineering Assignment #5,assignment,8,8,55.0,52,4.55,28,57,medium,medium,8,0,47.4,2,1
Weekly Test,exam,6,2,41.9,8,4.25,41,15,medium,medium,7,6,82.5,6,1
AI Lab - Search Algorithms #3,lab_experiment,15,13,78.3,83,5.83,32,50,medium,critical,1,5,54.6,5,1
Data Structures Assignment (Sem 5),assignment,14,13,50.7,42,8.28,24,95,hard,low,0,6,36.0,6,1
Network Lab - Packet Analysis #4,lab_experiment,13,9,31.6,97,4.96,42,35,very_hard,low,8,5,59.8,1,1
Group Project - Web App,project,6,2,29.0,26,9.52,6,13,medium,medium,10,1,57.4,7,1
Machine Learning Assignment (Sem 3),assignment,26,26,39.2,27,8.33,7,52,medium,high,7,5,57.3,13,1
Mobile App Development (Sem 8),project,24,23,32.5,24,8.56,39,12,hard,critical,3,4,68.1,5,1
AI Lab - Search Algorithms,lab_experiment,26,23,64.6,28,5.99,9,77,medium,medium,3,2,48.3,0,0
Networking Assignment,assignment,20,18,73.1,22,7.21,8,93,easy,medium,8,5,51.4,14,1
Machine Learning Assignment (Sem 5),assignment,26,22,50.4,29,8.89,16,76,medium,high,10,2,51.8,9,1
Industry Internship Project (Sem 6),project,25,25,8.1,99,6.92,45,32,hard,critical,0,1,43.7,0,0
Web Dev Assignment #3,assignment,21,18,68.8,67,9.42,31,22,medium,critical,1,6,47.7,1,1
Internal Assessment #5,exam,6,4,79.5,77,7.41,15,22,very_hard,medium,9,0,59.1,3,1
Unit Test (Sem 6),exam,30,27,53.2,47,5.7,43,35,medium,medium,7,3,55.9,7,1
Open Source Contribution,project,9,8,4.7,76,6.93,37,85,very_hard,high,1,4,56.5,8,1
Mobile App Development,project,4,2,67.3,32,7.54,22,69,easy,low,1,2,37.8,-1,0
Digital Electronics Lab (Sem 7),lab_experiment,29,27,74.5,90,5.64,26,28,hard,high,8,5,63.6,1,1
Viva Voce #2,exam,5,4,19.4,45,9.02,30,72,medium,low,10,4,50.0,1,1
Research Project #2,project,22,19,16.5,70,6.28,17,37,easy,high,4,6,46.7,13,1
Practical Exam #1,exam,1,0,6.0,18,6.97,6,45,easy,low,5,0,62.0,1,1
Online Quiz #1,exam,12,8,66.4,56,9.85,32,71,medium,critical,2,6,53.0,12,1
Software Engineering Assignment,assignment,12,7,51.0,82,9.61,46,36,medium,low,5,3,42.2,14,1
Capstone Project (Sem 6),project,29,26,22.7,57,5.41,30,65,medium,high,4,1,52.6,10,1
Weekly Test,exam,7,2,45.0,34,8.05,50,62,easy,high,0,0,45.2,5,1
OS Lab - Process Scheduling (Sem 2),lab_experiment,24,21,54.6,50,5.04,24,13,easy,medium,1,4,38.4,-2,0
Industry Internship Project (Sem 8),project,28,28,43.5,50,4.87,45,62,medium,critical,8,3,70.5,10,1
IOT Lab Experiment #5,lab_experiment,30,25,5.2,29,5.03,37,60,easy,low,4,4,47.9,11,1
Mini Project,project,24,20,41.6,79,8.62,50,67,medium,medium,2,5,35.2,0,0
Computer Graphics Assignment (Sem 8),assignment,25,24,16.4,84,4.39,5,51,hard,critical,5,4,68.7,13,1
Internal Assessment (Sem 1),exam,15,11,8.6,32,7.71,16,36,medium,medium,0,2,29.2,-3,0
OS Assignment (Sem 2),assignment,17,13,30.4,9,9.01,6,14,medium,critical,2,2,53.8,1,1
End-Semester Exam #3,exam,18,13,35.5,38,8.34,37,14,hard,high,7,4,63.1,8,1
Mobile App Development,project,19,15,63.3,25,5.24,15,92,medium,high,3,3,58.5,8,1
Mobile App Development,project,2,2,45.4,13,8.09,44,43,very_hard,medium,8,0,76.8,8,1
Module Exam #4,exam,30,28,41.4,3,4.21,14,31,very_hard,high,0,4,70.8,3,1
Algorithms Assignment #3,assignment,32,29,54.9,31,8.64,15,32,hard,low,6,3,48.3,-1,0
Math Assignment #4,assignment,20,19,77.8,37,8.4,13,49,very_hard,critical,5,0,68.9,1,1
Computer Graphics Assignment (Sem 7),assignment,34,29,43.1,99,4.42,17,76,hard,medium,0,6,38.9,8,1
Computer Vision Lab (Sem 7),lab_experiment,25,22,10.9,87,5.24,34,76,medium,high,7,0,48.0,2,1
Compiler Lab - Lexical Analysis #3,lab_experiment,8,4,66.0,6,8.32,22,53,hard,critical,2,3,73.0,12,1
DS Lab - Linked List (Sem 2),lab_experiment,24,20,70.8,94,7.65,44,11,easy,high,5,2,36.6,-1,0
Mobile App Development #5,project,29,25,59.2,24,4.91,37,93,medium,critical,6,2,72.9,6,1
Open Source Contribution,project,14,10,49.1,97,4.08,41,90,easy,critical,10,1,51.7,5,1
Internal Assessment (Sem 2),exam,5,2,21.0,64,7.15,15,37,hard,medium,4,1,59.7,7,1
Capstone Project #1,project,34,30,32.9,62,5.48,5,69,medium,high,2,5,51.1,12,1
Computer Vision Lab,lab_experiment,33,28,18.4,83,8.84,34,90,hard,high,8,2,49.8,12,1
Software Engineering Assignment,assignment,16,11,35.3,76,8.3,18,73,hard,medium,5,6,48.6,4,1
Network Lab - Packet Analysis (Sem 3),lab_experiment,33,28,6.9,32,8.05,39,54,hard,high,1,6,54.5,9,1
ML Model Project #4,project,23,23,35.1,88,8.53,37,28,easy,high,3,1,29.1,-1,0
Internal Assessment (Sem 1),exam,11,8,21.7,38,4.62,26,61,medium,high,5,6,67.0,3,1
Web Dev Assignment (Sem 4),assignment,23,23,10.3,100,4.79,8,68,medium,medium,0,0,20.8,0,0
DS Lab - Linked List,lab_experiment,29,25,54.9,98,7.78,50,49,hard,medium,7,1,39.4,0,0
OS Lab - Process Scheduling (Sem 3),lab_experiment,25,21,30.9,13,7.7,32,24,hard,high,5,1,61.6,14,1
Digital Electronics Lab,lab_experiment,10,5,62.8,25,8.7,32,82,easy,medium,0,0,31.2,0,0
Digital Electronics Lab,lab_experiment,9,8,24.4,86,4.3,39,72,medium,high,6,0,48.7,4,1
Practical Exam,exam,27,22,15.4,3,5.77,20,26,medium,medium,4,5,63.4,14,1
Industry Internship Project,project,11,7,65.9,10,7.48,6,95,easy,low,10,3,52.6,11,1
DBMS Lab - SQL Queries,lab_experiment,25,20,9.1,3,9.42,27,14,easy,medium,7,2,46.1,8,1
IOT Lab Experiment #2,lab_experiment,21,16,70.3,30,8.94,32,89,very_hard,high,6,1,66.2,4,1
Networking Assignment #4,assignment,3,3,28.7,44,5.57,12,13,hard,medium,8,1,71.4,5,1
Industry Internship Project,project,16,16,77.4,66,4.51,29,88,medium,low,7,3,45.7,-3,0
Networking Assignment (Sem 4),assignment,12,11,55.2,58,4.83,22,31,medium,high,5,3,58.6,5,1
Open Source Contribution #1,project,6,4,44.6,63,6.74,33,93,hard,high,7,1,64.7,13,1
Computer Vision Lab,lab_experiment,19,16,38.8,79,7.09,40,53,medium,critical,0,6,48.2,13,1
Capstone Project #1,project,4,0,9.7,2,4.09,23,87,medium,critical,9,4,100.0,6,1
DBMS Lab - SQL Queries,lab_experiment,13,12,47.0,51,7.15,6,58,easy,low,3,6,34.4,0,0
OS Assignment (Sem 8),assignment,9,4,36.0,44,5.66,50,79,hard,high,4,5,80.2,13,1
Research Project,project,6,3,19.9,97,6.63,22,95,very_hard,high,8,4,77.8,4,1
Viva Voce (Sem 6),exam,27,24,50.0,97,7.94,19,55,easy,medium,6,2,26.5,-1,0
Data Structures Assignment (Sem 1),assignment,2,2,75.7,31,7.14,17,32,very_hard,low,4,0,67.5,11,1
Capstone Project (Sem 5),project,22,19,36.9,73,6.14,32,14,easy,high,6,3,46.6,-1,0
IoT Based Project #3,project,3,1,64.8,89,6.43,8,66,hard,critical,4,0,77.0,1,1
OS Lab - Process Scheduling (Sem 8),lab_experiment,13,8,30.5,29,4.36,26,12,very_hard,critical,6,6,91.8,2,1
Computer Graphics Assignment,assignment,26,21,47.8,64,9.83,27,40,hard,critical,7,0,56.9,9,1
Research Project #1,project,15,14,3.1,71,5.16,49,100,easy,high,8,2,51.7,6,1
DBMS Assignment,assignment,19,17,15.3,95,6.59,22,42,easy,medium,8,1,30.2,-3,0
Weekly Test (Sem 8),exam,25,20,76.4,76,9.72,42,42,easy,high,10,1,38.0,-3,0
AI Lab - Search Algorithms #1,lab_experiment,20,18,5.3,70,9.84,25,41,hard,high,0,3,38.5,0,0
Industry Internship Project,project,8,3,41.2,100,8.15,22,91,hard,critical,9,5,74.2,14,1
Final Year Project #4,project,17,16,50.9,0,4.93,33,37,medium,medium,2,2,53.3,12,1
Group Project - Web App,project,6,4,20.5,47,7.03,34,47,hard,medium,10,2,63.0,13,1
Computer Vision Lab (Sem 5),lab_experiment,12,8,55.5,39,7.05,34,14,very_hard,high,0,5,62.6,3,1
Network Lab - Packet Analysis,lab_experiment,23,19,55.9,33,9.9,13,79,medium,high,4,4,51.7,2,1
Networking Assignment #4,assignment,13,10,67.3,22,6.63,13,34,medium,high,8,5,63.9,6,1
Math Assignment (Sem 2),assignment,17,16,28.5,52,5.99,15,55,hard,medium,8,3,59.1,10,1
AI Lab - Search Algorithms,lab_experiment,19,14,23.2,68,8.72,19,19,medium,medium,9,5,43.3,-1,0
Networking Assignment #5,assignment,15,11,73.8,60,5.01,32,50,very_hard,critical,0,2,65.2,7,1
DBMS Assignment #1,assignment,18,14,66.7,37,5.28,10,59,hard,medium,3,1,51.6,13,1
Practical Exam,exam,24,23,64.0,69,9.68,45,63,medium,critical,2,5,51.7,2,1
Data Structures Assignment #1,assignment,7,3,31.7,50,9.3,27,44,medium,low,2,5,48.7,12,1
End-Semester Exam,exam,18,17,70.0,93,8.63,45,73,hard,medium,3,2,35.9,-3,0
ML Model Project,project,14,9,15.7,15,6.64,17,81,medium,high,0,1,42.7,-3,0
Math Assignment (Sem 4),assignment,31,26,33.4,5,8.14,29,58,easy,medium,9,2,45.9,-1,0
Networking Assignment,assignment,17,13,1.9,65,4.56,22,80,hard,low,10,2,50.2,5,1
Computer Vision Lab (Sem 2),lab_experiment,33,28,74.8,8,5.89,21,38,hard,medium,8,3,68.5,6,1
Compiler Lab - Lexical Analysis (Sem 7),lab_experiment,24,19,62.6,47,7.47,29,51,easy,critical,5,3,59.5,1,1
Practical Exam (Sem 4),exam,19,16,15.7,9,8.52,45,48,hard,high,3,1,57.7,11,1
Online Quiz #1,exam,20,19,7.6,35,4.68,22,31,hard,medium,5,0,57.2,11,1
Computer Graphics Assignment (Sem 5),assignment,29,27,63.4,53,8.77,26,30,very_hard,low,8,0,47.0,-2,0
Practical Exam #2,exam,8,5,74.1,23,4.81,48,39,hard,medium,0,6,65.2,5,1
DBMS Lab - SQL Queries #2,lab_experiment,6,5,59.3,10,7.52,44,42,medium,critical,7,1,72.4,13,1
Algorithms Assignment,assignment,9,7,55.5,61,4.21,43,75,easy,medium,9,6,60.1,3,1
Surprise Test #3,exam,6,1,72.7,9,9.41,21,35,easy,high,10,1,74.3,1,1
OS Lab - Process Scheduling,lab_experiment,13,9,37.7,85,7.49,22,50,very_hard,medium,5,0,50.2,0,0
Industry Internship Project (Sem 1),project,5,2,63.7,84,8.19,21,20,medium,low,7,1,42.3,-2,0
Research Project,project,10,6,18.3,45,7.84,7,76,easy,low,1,5,32.7,-2,0
Research Project,project,24,21,46.9,84,8.71,22,76,very_hard,high,7,0,52.4,14,1
Industry Internship Project,project,28,27,39.6,68,7.6,7,15,medium,high,10,5,49.1,3,1
Networking Assignment (Sem 7),assignment,27,24,16.4,26,6.16,6,95,easy,high,4,3,50.4,12,1
Practical Exam #2,exam,16,15,46.6,15,6.41,38,65,easy,low,10,2,44.8,-3,0
ML Model Project (Sem 7),project,30,27,33.0,38,6.42,22,10,very_hard,high,0,4,59.6,7,1
DS Lab - Linked List #5,lab_experiment,12,9,51.3,98,4.56,43,46,easy,medium,1,4,30.7,-1,0
Compiler Lab - Lexical Analysis (Sem 2),lab_experiment,12,10,57.4,3,4.37,38,28,hard,low,5,2,64.2,8,1
Digital Electronics Lab #3,lab_experiment,5,2,65.0,31,8.47,34,94,easy,medium,2,1,45.2,0,0
Research Project (Sem 8),project,21,18,32.0,88,9.78,33,87,hard,critical,10,2,56.7,5,1
IoT Based Project,project,19,16,78.7,90,4.32,7,78,easy,low,7,6,37.7,0,0
OS Lab - Process Scheduling #1,lab_experiment,4,4,16.2,61,7.7,39,43,hard,high,7,4,66.7,7,1
Capstone Project,project,29,29,26.1,42,9.1,19,55,medium,medium,6,5,48.5,-3,0
Research Project #1,project,17,12,10.7,24,7.8,42,19,hard,high,6,2,62.4,10,1
Internal Assessment (Sem 8),exam,25,23,68.0,44,4.93,31,14,hard,high,3,2,61.3,1,1
Industry Internship Project,project,8,7,11.5,29,6.56,24,11,hard,high,4,1,67.6,10,1
AI Lab - Search Algorithms,lab_experiment,20,19,78.3,69,6.18,44,26,medium,critical,4,0,52.6,3,1
Embedded Systems Lab #5,lab_experiment,10,5,64.6,70,8.78,11,65,hard,medium,7,4,55.1,7,1
Module Exam (Sem 4),exam,18,14,72.2,36,7.86,45,77,medium,medium,6,6,52.3,6,1
Industry Internship Project (Sem 3),project,10,8,25.4,51,5.98,43,56,medium,high,7,5,66.1,6,1
Mid-Semester Exam,exam,13,13,25.5,5,5.78,39,51,hard,low,1,2,51.9,5,1
Mid-Semester Exam (Sem 1),exam,19,18,67.9,93,8.14,18,39,very_hard,high,7,0,50.2,1,1
End-Semester Exam (Sem 7),exam,21,21,17.2,14,8.15,35,43,medium,high,2,4,51.7,1,1
Data Structures Assignment #3,assignment,13,8,21.3,61,4.57,11,44,medium,medium,6,5,53.9,6,1
Final Year Project,project,18,18,57.5,30,7.86,15,54,medium,medium,8,5,50.5,2,1
Embedded Systems Lab #5,lab_experiment,2,1,57.5,38,9.3,47,65,easy,low,10,0,57.1,3,1
Capstone Project,project,27,23,32.3,29,6.69,10,59,very_hard,high,9,3,73.2,10,1
Research Project,project,22,20,53.5,12,9.76,24,11,hard,high,2,6,60.0,7,1
Mini Project #1,project,29,29,30.4,54,7.98,25,72,medium,low,6,1,33.7,0,0
IoT Based Project (Sem 7),project,4,3,18.2,35,5.47,11,70,easy,medium,4,4,64.1,7,1
Final Year Project #5,project,3,1,54.2,31,4.19,10,57,very_hard,medium,8,0,89.8,14,1
Module Exam (Sem 3),exam,20,16,71.6,71,6.44,45,25,hard,low,7,3,48.3,0,0
DS Lab - Linked List #1,lab_experiment,2,2,62.9,93,7.6,44,48,medium,high,4,2,53.8,0,0
Web Dev Assignment,assignment,22,19,58.5,8,7.88,11,81,medium,high,10,5,61.5,7,1
Open Source Contribution #3,project,11,7,62.8,54,4.09,10,32,easy,medium,1,6,46.2,3,1
Networking Assignment #4,assignment,5,2,3.5,27,4.66,16,38,medium,high,3,4,75.2,12,1
Surprise Test (Sem 5),exam,4,3,41.6,34,7.18,18,31,medium,low,9,6,65.0,13,1
Module Exam,exam,23,21,73.5,2,7.83,29,68,hard,low,8,4,57.5,13,1
Network Lab - Packet Analysis (Sem 4),lab_experiment,22,18,2.5,98,7.14,25,18,medium,medium,7,3,38.9,-2,0
DBMS Assignment (Sem 6),assignment,10,7,72.0,79,7.61,30,51,medium,medium,9,6,50.2,10,1
Unit Test #4,exam,16,16,3.3,50,7.29,41,92,hard,medium,7,6,61.1,13,1
Practical Exam (Sem 3),exam,25,23,76.8,60,7.98,12,53,easy,high,3,6,40.2,0,0
AI Lab - Search Algorithms,lab_experiment,3,1,72.0,65,7.95,26,36,hard,medium,6,0,66.6,4,1
Module Exam #4,exam,23,21,15.2,25,5.84,33,64,very_hard,critical,2,5,84.3,9,1
Embedded Systems Lab (Sem 1),lab_experiment,27,22,28.3,80,6.57,7,20,medium,medium,1,3,28.7,-3,0
Computer Graphics Assignment #3,assignment,25,21,74.9,70,7.79,50,34,hard,low,9,6,48.0,6,1
Research Project,project,4,1,22.5,45,8.12,16,97,easy,critical,7,3,78.6,6,1
OS Lab - Process Scheduling #4,lab_experiment,27,23,54.9,86,7.33,47,70,hard,medium,5,4,52.5,12,1
DS Lab - Linked List #2,lab_experiment,27,22,12.9,79,7.69,45,61,hard,critical,10,6,65.7,6,1
Networking Assignment (Sem 8),assignment,31,26,32.5,60,6.07,5,96,hard,high,10,1,54.5,5,1
Machine Learning Assignment (Sem 2),assignment,31,30,43.4,0,8.99,31,15,hard,critical,0,2,59.1,12,1
Network Lab - Packet Analysis #4,lab_experiment,32,27,25.5,86,6.15,11,61,very_hard,medium,4,4,53.9,2,1
Research Project,project,4,4,39.7,61,5.67,44,59,medium,high,5,5,72.2,7,1
ML Model Project (Sem 7),project,30,30,17.9,92,6.12,38,42,hard,high,7,1,51.4,-2,0
Capstone Project (Sem 7),project,23,18,32.1,24,5.2,49,84,medium,medium,2,6,56.1,13,1
Web Dev Assignment (Sem 3),assignment,13,13,9.4,61,4.9,20,84,medium,low,4,0,36.8,-3,0
Math Assignment,assignment,21,21,33.2,49,4.56,21,49,hard,medium,1,2,46.3,1,1
ML Model Project #1,project,25,25,27.8,44,5.71,41,54,hard,critical,5,6,82.3,11,1
Data Structures Assignment (Sem 8),assignment,8,3,51.7,13,4.91,25,28,medium,low,6,5,74.9,1,1
Algorithms Assignment (Sem 7),assignment,8,5,74.1,96,5.59,7,64,medium,low,0,6,34.5,-1,0
Mobile App Development #1,project,12,11,77.7,44,9.08,33,88,medium,high,6,3,52.5,4,1
Networking Assignment (Sem 4),assignment,18,13,23.9,21,5.55,42,57,hard,high,3,4,71.0,4,1
Module Exam,exam,14,9,47.3,45,9.96,17,100,very_hard,medium,7,4,60.7,14,1
Mid-Semester Exam #2,exam,32,30,68.8,22,9.8,44,35,very_hard,medium,2,0,51.0,-1,0
Math Assignment,assignment,11,9,1.9,60,9.25,26,83,easy,critical,4,4,50.6,5,1
AI Lab - Search Algorithms,lab_experiment,16,12,28.8,78,5.78,20,85,hard,low,9,6,53.4,7,1
Industry Internship Project #2,project,25,23,74.4,57,5.16,27,74,medium,high,5,0,53.3,8,1
Digital Electronics Lab,lab_experiment,14,10,52.1,46,8.01,50,81,very_hard,high,6,5,72.8,6,1
Networking Assignment #3,assignment,21,18,8.1,11,6.98,20,94,medium,medium,4,3,52.8,5,1
Network Lab - Packet Analysis,lab_experiment,27,26,68.1,45,6.75,21,56,medium,high,6,4,58.1,14,1
ML Model Project,project,18,18,47.6,8,5.56,20,51,very_hard,medium,3,3,70.4,6,1
Industry Internship Project (Sem 1),project,24,19,7.0,3,5.95,11,88,medium,medium,5,0,55.5,1,1
Industry Internship Project (Sem 6),project,25,25,49.8,28,8.21,39,53,medium,low,1,6,36.3,-2,0
Capstone Project,project,29,27,37.8,43,9.08,40,24,very_hard,low,4,5,57.4,9,1
Open Source Contribution,project,32,28,28.3,19,7.31,49,88,medium,medium,6,2,55.1,2,1
Industry Internship Project,project,12,10,30.4,93,5.6,30,91,easy,medium,7,0,34.4,-2,0
IoT Based Project,project,32,29,45.3,24,6.46,11,59,hard,high,7,1,62.3,8,1
Compiler Lab - Lexical Analysis,lab_experiment,11,6,47.0,24,6.11,38,70,easy,low,6,3,53.0,6,1
Open Source Contribution #4,project,1,0,1.6,96,7.08,6,45,easy,high,8,1,60.4,14,1
Math Assignment,assignment,5,0,39.1,42,4.12,7,79,medium,medium,6,4,80.3,4,1
DS Lab - Linked List,lab_experiment,28,28,45.4,65,7.54,9,13,hard,medium,10,5,49.9,4,1
Group Project - Web App #2,project,12,8,48.9,76,4.2,22,41,easy,medium,6,1,39.0,-2,0
OS Lab - Process Scheduling,lab_experiment,24,24,42.1,53,6.39,14,23,hard,high,4,5,61.8,12,1
Surprise Test #1,exam,13,8,48.1,20,8.41,29,45,very_hard,medium,5,4,66.9,10,1
Group Project - Web App (Sem 8),project,13,10,34.5,59,9.28,48,61,medium,medium,5,0,38.0,-3,0
Practical Exam,exam,5,4,53.2,23,4.76,47,83,very_hard,medium,6,0,78.1,3,1
IoT Based Project,project,8,5,66.5,46,8.72,27,59,very_hard,low,5,6,66.5,2,1
IOT Lab Experiment,lab_experiment,4,2,75.8,59,9.29,14,99,medium,medium,10,6,59.6,5,1
Machine Learning Assignment,assignment,17,17,10.2,21,4.07,24,70,medium,low,10,6,58.2,12,1
